model,sample_index,true_index,true_class,condition,predicted_index,predicted_class,confidence,correct
EmoAR,23,6,neutral,original,4,sad,0.48590704798698425,False
EmoAR,23,6,neutral,rotation_minus_5,3,happy,0.5411094427108765,False
EmoAR,23,6,neutral,rotation_plus_5,3,happy,0.6651486754417419,False
EmoAR,23,6,neutral,translate_minus_2,4,sad,0.47753819823265076,False
EmoAR,23,6,neutral,translate_plus_2,4,sad,0.5346478223800659,False
EmoAR,23,6,neutral,brightness_0_90,4,sad,0.46938902139663696,False
EmoAR,23,6,neutral,brightness_1_10,4,sad,0.5017792582511902,False
EmoAR,23,6,neutral,contrast_0_90,4,sad,0.46574822068214417,False
EmoAR,23,6,neutral,contrast_1_10,4,sad,0.4869953989982605,False
EmoAR,24,3,happy,original,3,happy,0.9211267232894897,True
EmoAR,24,3,happy,rotation_minus_5,3,happy,0.9585991501808167,True
EmoAR,24,3,happy,rotation_plus_5,3,happy,0.9676814675331116,True
EmoAR,24,3,happy,translate_minus_2,3,happy,0.9609737396240234,True
EmoAR,24,3,happy,translate_plus_2,3,happy,0.8915031552314758,True
EmoAR,24,3,happy,brightness_0_90,3,happy,0.9189479351043701,True
EmoAR,24,3,happy,brightness_1_10,3,happy,0.9099841713905334,True
EmoAR,24,3,happy,contrast_0_90,3,happy,0.9249724745750427,True
EmoAR,24,3,happy,contrast_1_10,3,happy,0.9199391007423401,True
EmoAR,28,6,neutral,original,6,neutral,0.9973426461219788,True
EmoAR,28,6,neutral,rotation_minus_5,6,neutral,0.9845588803291321,True
EmoAR,28,6,neutral,rotation_plus_5,6,neutral,0.9861419796943665,True
EmoAR,28,6,neutral,translate_minus_2,6,neutral,0.9977693557739258,True
EmoAR,28,6,neutral,translate_plus_2,6,neutral,0.9968313574790955,True
EmoAR,28,6,neutral,brightness_0_90,6,neutral,0.9973088502883911,True
EmoAR,28,6,neutral,brightness_1_10,6,neutral,0.9969375133514404,True
EmoAR,28,6,neutral,contrast_0_90,6,neutral,0.9969696402549744,True
EmoAR,28,6,neutral,contrast_1_10,6,neutral,0.9974133372306824,True
EmoAR,30,4,sad,original,4,sad,0.529228925704956,True
EmoAR,30,4,sad,rotation_minus_5,4,sad,0.48336872458457947,True
EmoAR,30,4,sad,rotation_plus_5,4,sad,0.4982638657093048,True
EmoAR,30,4,sad,translate_minus_2,4,sad,0.5620428323745728,True
EmoAR,30,4,sad,translate_plus_2,4,sad,0.5543515682220459,True
EmoAR,30,4,sad,brightness_0_90,4,sad,0.5639445185661316,True
EmoAR,30,4,sad,brightness_1_10,4,sad,0.5109556317329407,True
EmoAR,30,4,sad,contrast_0_90,4,sad,0.5302655696868896,True
EmoAR,30,4,sad,contrast_1_10,4,sad,0.5269320011138916,True
EmoAR,34,1,disgust,original,1,disgust,0.988976776599884,True
EmoAR,34,1,disgust,rotation_minus_5,1,disgust,0.9491882920265198,True
EmoAR,34,1,disgust,rotation_plus_5,1,disgust,0.9740157127380371,True
EmoAR,34,1,disgust,translate_minus_2,1,disgust,0.9891595244407654,True
EmoAR,34,1,disgust,translate_plus_2,1,disgust,0.9949703812599182,True
EmoAR,34,1,disgust,brightness_0_90,1,disgust,0.9773349761962891,True
EmoAR,34,1,disgust,brightness_1_10,1,disgust,0.994231104850769,True
EmoAR,34,1,disgust,contrast_0_90,1,disgust,0.9881306886672974,True
EmoAR,34,1,disgust,contrast_1_10,1,disgust,0.9857519268989563,True
EmoAR,35,3,happy,original,3,happy,0.6783202886581421,True
EmoAR,35,3,happy,rotation_minus_5,3,happy,0.8694295287132263,True
EmoAR,35,3,happy,rotation_plus_5,3,happy,0.8334506750106812,True
EmoAR,35,3,happy,translate_minus_2,3,happy,0.7948238253593445,True
EmoAR,35,3,happy,translate_plus_2,3,happy,0.7076080441474915,True
EmoAR,35,3,happy,brightness_0_90,3,happy,0.7654491066932678,True
EmoAR,35,3,happy,brightness_1_10,3,happy,0.6711461544036865,True
EmoAR,35,3,happy,contrast_0_90,3,happy,0.7542533874511719,True
EmoAR,35,3,happy,contrast_1_10,3,happy,0.6293444037437439,True
EmoAR,37,0,angry,original,0,angry,0.49819308519363403,True
EmoAR,37,0,angry,rotation_minus_5,4,sad,0.5728761553764343,False
EmoAR,37,0,angry,rotation_plus_5,0,angry,0.5168527960777283,True
EmoAR,37,0,angry,translate_minus_2,0,angry,0.44289320707321167,True
EmoAR,37,0,angry,translate_plus_2,0,angry,0.45322147011756897,True
EmoAR,37,0,angry,brightness_0_90,0,angry,0.5947779417037964,True
EmoAR,37,0,angry,brightness_1_10,4,sad,0.41287899017333984,False
EmoAR,37,0,angry,contrast_0_90,0,angry,0.5620763301849365,True
EmoAR,37,0,angry,contrast_1_10,0,angry,0.43217235803604126,True
EmoAR,54,0,angry,original,0,angry,0.9341988563537598,True
EmoAR,54,0,angry,rotation_minus_5,0,angry,0.9189824461936951,True
EmoAR,54,0,angry,rotation_plus_5,0,angry,0.9471384286880493,True
EmoAR,54,0,angry,translate_minus_2,0,angry,0.9482372999191284,True
EmoAR,54,0,angry,translate_plus_2,0,angry,0.9154131412506104,True
EmoAR,54,0,angry,brightness_0_90,0,angry,0.890129566192627,True
EmoAR,54,0,angry,brightness_1_10,0,angry,0.9422824382781982,True
EmoAR,54,0,angry,contrast_0_90,0,angry,0.9387256503105164,True
EmoAR,54,0,angry,contrast_1_10,0,angry,0.9077787399291992,True
EmoAR,71,5,surprise,original,1,disgust,0.5552127361297607,False
EmoAR,71,5,surprise,rotation_minus_5,1,disgust,0.8674657344818115,False
EmoAR,71,5,surprise,rotation_plus_5,0,angry,0.5210962891578674,False
EmoAR,71,5,surprise,translate_minus_2,0,angry,0.6122373938560486,False
EmoAR,71,5,surprise,translate_plus_2,0,angry,0.6158400774002075,False
EmoAR,71,5,surprise,brightness_0_90,1,disgust,0.5548139810562134,False
EmoAR,71,5,surprise,brightness_1_10,1,disgust,0.5139907002449036,False
EmoAR,71,5,surprise,contrast_0_90,1,disgust,0.665565550327301,False
EmoAR,71,5,surprise,contrast_1_10,0,angry,0.5254295468330383,False
EmoAR,77,0,angry,original,4,sad,0.5384054780006409,False
EmoAR,77,0,angry,rotation_minus_5,4,sad,0.5274064540863037,False
EmoAR,77,0,angry,rotation_plus_5,4,sad,0.5843048691749573,False
EmoAR,77,0,angry,translate_minus_2,4,sad,0.5630689859390259,False
EmoAR,77,0,angry,translate_plus_2,4,sad,0.5511946678161621,False
EmoAR,77,0,angry,brightness_0_90,4,sad,0.7666902542114258,False
EmoAR,77,0,angry,brightness_1_10,4,sad,0.4557974636554718,False
EmoAR,77,0,angry,contrast_0_90,4,sad,0.6159461140632629,False
EmoAR,77,0,angry,contrast_1_10,4,sad,0.5536705851554871,False
EmoAR,78,5,surprise,original,5,surprise,0.9963943362236023,True
EmoAR,78,5,surprise,rotation_minus_5,5,surprise,0.9930332899093628,True
EmoAR,78,5,surprise,rotation_plus_5,5,surprise,0.9910265803337097,True
EmoAR,78,5,surprise,translate_minus_2,5,surprise,0.9951584935188293,True
EmoAR,78,5,surprise,translate_plus_2,5,surprise,0.9973325729370117,True
EmoAR,78,5,surprise,brightness_0_90,5,surprise,0.9942135214805603,True
EmoAR,78,5,surprise,brightness_1_10,5,surprise,0.9973812699317932,True
EmoAR,78,5,surprise,contrast_0_90,5,surprise,0.9942915439605713,True
EmoAR,78,5,surprise,contrast_1_10,5,surprise,0.9975677132606506,True
EmoAR,104,3,happy,original,3,happy,0.5504298210144043,True
EmoAR,104,3,happy,rotation_minus_5,3,happy,0.8690088987350464,True
EmoAR,104,3,happy,rotation_plus_5,3,happy,0.5955715179443359,True
EmoAR,104,3,happy,translate_minus_2,3,happy,0.7559226155281067,True
EmoAR,104,3,happy,translate_plus_2,3,happy,0.7432780265808105,True
EmoAR,104,3,happy,brightness_0_90,3,happy,0.7784008979797363,True
EmoAR,104,3,happy,brightness_1_10,4,sad,0.5071136951446533,False
EmoAR,104,3,happy,contrast_0_90,3,happy,0.7842384576797485,True
EmoAR,104,3,happy,contrast_1_10,4,sad,0.5837410092353821,False
EmoAR,107,5,surprise,original,5,surprise,0.9938287138938904,True
EmoAR,107,5,surprise,rotation_minus_5,5,surprise,0.9912011623382568,True
EmoAR,107,5,surprise,rotation_plus_5,5,surprise,0.9880921840667725,True
EmoAR,107,5,surprise,translate_minus_2,5,surprise,0.9903932213783264,True
EmoAR,107,5,surprise,translate_plus_2,5,surprise,0.993420422077179,True
EmoAR,107,5,surprise,brightness_0_90,5,surprise,0.98943030834198,True
EmoAR,107,5,surprise,brightness_1_10,5,surprise,0.9949070811271667,True
EmoAR,107,5,surprise,contrast_0_90,5,surprise,0.9916571378707886,True
EmoAR,107,5,surprise,contrast_1_10,5,surprise,0.9950692653656006,True
EmoAR,118,3,happy,original,3,happy,0.9998816251754761,True
EmoAR,118,3,happy,rotation_minus_5,3,happy,0.9999058246612549,True
EmoAR,118,3,happy,rotation_plus_5,3,happy,0.9997438788414001,True
EmoAR,118,3,happy,translate_minus_2,3,happy,0.9997772574424744,True
EmoAR,118,3,happy,translate_plus_2,3,happy,0.9998453855514526,True
EmoAR,118,3,happy,brightness_0_90,3,happy,0.9998927116394043,True
EmoAR,118,3,happy,brightness_1_10,3,happy,0.999869704246521,True
EmoAR,118,3,happy,contrast_0_90,3,happy,0.9999045133590698,True
EmoAR,118,3,happy,contrast_1_10,3,happy,0.999821126461029,True
EmoAR,133,0,angry,original,4,sad,0.6763175129890442,False
EmoAR,133,0,angry,rotation_minus_5,4,sad,0.5028043985366821,False
EmoAR,133,0,angry,rotation_plus_5,4,sad,0.6657673716545105,False
EmoAR,133,0,angry,translate_minus_2,4,sad,0.5873130559921265,False
EmoAR,133,0,angry,translate_plus_2,4,sad,0.5487011075019836,False
EmoAR,133,0,angry,brightness_0_90,4,sad,0.5575279593467712,False
EmoAR,133,0,angry,brightness_1_10,4,sad,0.663553774356842,False
EmoAR,133,0,angry,contrast_0_90,4,sad,0.6452236771583557,False
EmoAR,133,0,angry,contrast_1_10,4,sad,0.6790746450424194,False
EmoAR,146,5,surprise,original,5,surprise,0.5660517811775208,True
EmoAR,146,5,surprise,rotation_minus_5,5,surprise,0.5098993182182312,True
EmoAR,146,5,surprise,rotation_plus_5,3,happy,0.5499545931816101,False
EmoAR,146,5,surprise,translate_minus_2,5,surprise,0.5497526526451111,True
EmoAR,146,5,surprise,translate_plus_2,3,happy,0.5027023553848267,False
EmoAR,146,5,surprise,brightness_0_90,5,surprise,0.5799477100372314,True
EmoAR,146,5,surprise,brightness_1_10,5,surprise,0.5105790495872498,True
EmoAR,146,5,surprise,contrast_0_90,5,surprise,0.5399765968322754,True
EmoAR,146,5,surprise,contrast_1_10,5,surprise,0.5645818710327148,True
EmoAR,155,5,surprise,original,5,surprise,0.5430369973182678,True
EmoAR,155,5,surprise,rotation_minus_5,5,surprise,0.4080904722213745,True
EmoAR,155,5,surprise,rotation_plus_5,5,surprise,0.4598081409931183,True
EmoAR,155,5,surprise,translate_minus_2,5,surprise,0.3697648048400879,True
EmoAR,155,5,surprise,translate_plus_2,5,surprise,0.47156238555908203,True
EmoAR,155,5,surprise,brightness_0_90,5,surprise,0.35863643884658813,True
EmoAR,155,5,surprise,brightness_1_10,5,surprise,0.5515018105506897,True
EmoAR,155,5,surprise,contrast_0_90,5,surprise,0.4556921422481537,True
EmoAR,155,5,surprise,contrast_1_10,5,surprise,0.6059128046035767,True
EmoAR,157,0,angry,original,4,sad,0.4749028980731964,False
EmoAR,157,0,angry,rotation_minus_5,0,angry,0.5517048835754395,True
EmoAR,157,0,angry,rotation_plus_5,0,angry,0.41355034708976746,True
EmoAR,157,0,angry,translate_minus_2,4,sad,0.6003776788711548,False
EmoAR,157,0,angry,translate_plus_2,0,angry,0.4596382677555084,True
EmoAR,157,0,angry,brightness_0_90,0,angry,0.502758800983429,True
EmoAR,157,0,angry,brightness_1_10,4,sad,0.5323325395584106,False
EmoAR,157,0,angry,contrast_0_90,4,sad,0.4558585584163666,False
EmoAR,157,0,angry,contrast_1_10,4,sad,0.4963187575340271,False
EmoAR,178,1,disgust,original,1,disgust,0.5094518065452576,True
EmoAR,178,1,disgust,rotation_minus_5,0,angry,0.5722672939300537,False
EmoAR,178,1,disgust,rotation_plus_5,0,angry,0.528942346572876,False
EmoAR,178,1,disgust,translate_minus_2,0,angry,0.48567989468574524,False
EmoAR,178,1,disgust,translate_plus_2,0,angry,0.498993456363678,False
EmoAR,178,1,disgust,brightness_0_90,1,disgust,0.4471568465232849,True
EmoAR,178,1,disgust,brightness_1_10,1,disgust,0.595717191696167,True
EmoAR,178,1,disgust,contrast_0_90,1,disgust,0.5400546789169312,True
EmoAR,178,1,disgust,contrast_1_10,1,disgust,0.49044692516326904,True
EmoAR,186,5,surprise,original,5,surprise,0.9989567995071411,True
EmoAR,186,5,surprise,rotation_minus_5,5,surprise,0.9960978031158447,True
EmoAR,186,5,surprise,rotation_plus_5,5,surprise,0.9971516728401184,True
EmoAR,186,5,surprise,translate_minus_2,5,surprise,0.9993845224380493,True
EmoAR,186,5,surprise,translate_plus_2,5,surprise,0.998554527759552,True
EmoAR,186,5,surprise,brightness_0_90,5,surprise,0.995555579662323,True
EmoAR,186,5,surprise,brightness_1_10,5,surprise,0.9997524619102478,True
EmoAR,186,5,surprise,contrast_0_90,5,surprise,0.9982510209083557,True
EmoAR,186,5,surprise,contrast_1_10,5,surprise,0.9991397857666016,True
EmoAR,188,4,sad,original,4,sad,0.9618629813194275,True
EmoAR,188,4,sad,rotation_minus_5,4,sad,0.9441273212432861,True
EmoAR,188,4,sad,rotation_plus_5,4,sad,0.9350301623344421,True
EmoAR,188,4,sad,translate_minus_2,4,sad,0.9670292139053345,True
EmoAR,188,4,sad,translate_plus_2,4,sad,0.9522820711135864,True
EmoAR,188,4,sad,brightness_0_90,4,sad,0.9568795561790466,True
EmoAR,188,4,sad,brightness_1_10,4,sad,0.9479643702507019,True
EmoAR,188,4,sad,contrast_0_90,4,sad,0.9485586881637573,True
EmoAR,188,4,sad,contrast_1_10,4,sad,0.964862585067749,True
EmoAR,189,1,disgust,original,4,sad,0.4700564742088318,False
EmoAR,189,1,disgust,rotation_minus_5,5,surprise,0.3724766671657562,False
EmoAR,189,1,disgust,rotation_plus_5,2,fear,0.3659660518169403,False
EmoAR,189,1,disgust,translate_minus_2,4,sad,0.4641128182411194,False
EmoAR,189,1,disgust,translate_plus_2,4,sad,0.4344387352466583,False
EmoAR,189,1,disgust,brightness_0_90,4,sad,0.37701722979545593,False
EmoAR,189,1,disgust,brightness_1_10,4,sad,0.47090601921081543,False
EmoAR,189,1,disgust,contrast_0_90,4,sad,0.4065209627151489,False
EmoAR,189,1,disgust,contrast_1_10,4,sad,0.5255137085914612,False
EmoAR,191,2,fear,original,3,happy,0.5299861431121826,False
EmoAR,191,2,fear,rotation_minus_5,3,happy,0.34043875336647034,False
EmoAR,191,2,fear,rotation_plus_5,3,happy,0.36175525188446045,False
EmoAR,191,2,fear,translate_minus_2,3,happy,0.5336809754371643,False
EmoAR,191,2,fear,translate_plus_2,3,happy,0.4886987507343292,False
EmoAR,191,2,fear,brightness_0_90,3,happy,0.7570533156394958,False
EmoAR,191,2,fear,brightness_1_10,3,happy,0.2690332233905792,False
EmoAR,191,2,fear,contrast_0_90,3,happy,0.5481650233268738,False
EmoAR,191,2,fear,contrast_1_10,3,happy,0.4981577694416046,False
EmoAR,206,2,fear,original,3,happy,0.5127155780792236,False
EmoAR,206,2,fear,rotation_minus_5,3,happy,0.6168556809425354,False
EmoAR,206,2,fear,rotation_plus_5,3,happy,0.6322464346885681,False
EmoAR,206,2,fear,translate_minus_2,3,happy,0.4231204390525818,False
EmoAR,206,2,fear,translate_plus_2,3,happy,0.48411181569099426,False
EmoAR,206,2,fear,brightness_0_90,3,happy,0.5423471331596375,False
EmoAR,206,2,fear,brightness_1_10,3,happy,0.48222827911376953,False
EmoAR,206,2,fear,contrast_0_90,3,happy,0.5165597200393677,False
EmoAR,206,2,fear,contrast_1_10,3,happy,0.46028390526771545,False
EmoAR,208,0,angry,original,4,sad,0.5188186168670654,False
EmoAR,208,0,angry,rotation_minus_5,4,sad,0.7034833431243896,False
EmoAR,208,0,angry,rotation_plus_5,4,sad,0.7385143041610718,False
EmoAR,208,0,angry,translate_minus_2,4,sad,0.43511760234832764,False
EmoAR,208,0,angry,translate_plus_2,4,sad,0.7048274874687195,False
EmoAR,208,0,angry,brightness_0_90,4,sad,0.5357061624526978,False
EmoAR,208,0,angry,brightness_1_10,0,angry,0.4291193187236786,True
EmoAR,208,0,angry,contrast_0_90,4,sad,0.6022916436195374,False
EmoAR,208,0,angry,contrast_1_10,0,angry,0.43496590852737427,True
EmoAR,209,2,fear,original,4,sad,0.5025285482406616,False
EmoAR,209,2,fear,rotation_minus_5,4,sad,0.5321423411369324,False
EmoAR,209,2,fear,rotation_plus_5,4,sad,0.4877910912036896,False
EmoAR,209,2,fear,translate_minus_2,4,sad,0.5587729215621948,False
EmoAR,209,2,fear,translate_plus_2,4,sad,0.5213010311126709,False
EmoAR,209,2,fear,brightness_0_90,4,sad,0.5886406302452087,False
EmoAR,209,2,fear,brightness_1_10,4,sad,0.43447038531303406,False
EmoAR,209,2,fear,contrast_0_90,4,sad,0.5610699653625488,False
EmoAR,209,2,fear,contrast_1_10,4,sad,0.46417224407196045,False
EmoAR,216,6,neutral,original,6,neutral,0.531784176826477,True
EmoAR,216,6,neutral,rotation_minus_5,4,sad,0.4825117588043213,False
EmoAR,216,6,neutral,rotation_plus_5,4,sad,0.47714436054229736,False
EmoAR,216,6,neutral,translate_minus_2,6,neutral,0.5315074920654297,True
EmoAR,216,6,neutral,translate_plus_2,6,neutral,0.4771830141544342,True
EmoAR,216,6,neutral,brightness_0_90,6,neutral,0.5216944813728333,True
EmoAR,216,6,neutral,brightness_1_10,6,neutral,0.5776374340057373,True
EmoAR,216,6,neutral,contrast_0_90,6,neutral,0.541386604309082,True
EmoAR,216,6,neutral,contrast_1_10,6,neutral,0.5379814505577087,True
EmoAR,222,5,surprise,original,5,surprise,0.4811256229877472,True
EmoAR,222,5,surprise,rotation_minus_5,0,angry,0.4882339835166931,False
EmoAR,222,5,surprise,rotation_plus_5,5,surprise,0.4971368610858917,True
EmoAR,222,5,surprise,translate_minus_2,5,surprise,0.47493913769721985,True
EmoAR,222,5,surprise,translate_plus_2,5,surprise,0.6084284782409668,True
EmoAR,222,5,surprise,brightness_0_90,0,angry,0.5084871053695679,False
EmoAR,222,5,surprise,brightness_1_10,5,surprise,0.6179911494255066,True
EmoAR,222,5,surprise,contrast_0_90,5,surprise,0.477500319480896,True
EmoAR,222,5,surprise,contrast_1_10,5,surprise,0.4194786846637726,True
EmoAR,227,1,disgust,original,1,disgust,0.9998338222503662,True
EmoAR,227,1,disgust,rotation_minus_5,1,disgust,0.9990195035934448,True
EmoAR,227,1,disgust,rotation_plus_5,1,disgust,0.9900734424591064,True
EmoAR,227,1,disgust,translate_minus_2,1,disgust,0.9999517202377319,True
EmoAR,227,1,disgust,translate_plus_2,1,disgust,0.9999290704727173,True
EmoAR,227,1,disgust,brightness_0_90,1,disgust,0.9998338222503662,True
EmoAR,227,1,disgust,brightness_1_10,1,disgust,0.9989978671073914,True
EmoAR,227,1,disgust,contrast_0_90,1,disgust,0.9997352957725525,True
EmoAR,227,1,disgust,contrast_1_10,1,disgust,0.9998736381530762,True
EmoAR,228,5,surprise,original,5,surprise,0.9992109537124634,True
EmoAR,228,5,surprise,rotation_minus_5,5,surprise,0.9977407455444336,True
EmoAR,228,5,surprise,rotation_plus_5,5,surprise,0.9993973970413208,True
EmoAR,228,5,surprise,translate_minus_2,5,surprise,0.9992064833641052,True
EmoAR,228,5,surprise,translate_plus_2,5,surprise,0.9984846711158752,True
EmoAR,228,5,surprise,brightness_0_90,5,surprise,0.9989269375801086,True
EmoAR,228,5,surprise,brightness_1_10,5,surprise,0.9985217452049255,True
EmoAR,228,5,surprise,contrast_0_90,5,surprise,0.9988706707954407,True
EmoAR,228,5,surprise,contrast_1_10,5,surprise,0.9994291663169861,True
EmoAR,233,1,disgust,original,0,angry,0.8530242443084717,False
EmoAR,233,1,disgust,rotation_minus_5,0,angry,0.858650267124176,False
EmoAR,233,1,disgust,rotation_plus_5,0,angry,0.8722743988037109,False
EmoAR,233,1,disgust,translate_minus_2,0,angry,0.8037070035934448,False
EmoAR,233,1,disgust,translate_plus_2,0,angry,0.8516457080841064,False
EmoAR,233,1,disgust,brightness_0_90,0,angry,0.7735584378242493,False
EmoAR,233,1,disgust,brightness_1_10,0,angry,0.9024461507797241,False
EmoAR,233,1,disgust,contrast_0_90,0,angry,0.8073912858963013,False
EmoAR,233,1,disgust,contrast_1_10,0,angry,0.8780171275138855,False
EmoAR,248,1,disgust,original,0,angry,0.7525656223297119,False
EmoAR,248,1,disgust,rotation_minus_5,0,angry,0.62256920337677,False
EmoAR,248,1,disgust,rotation_plus_5,0,angry,0.7531148791313171,False
EmoAR,248,1,disgust,translate_minus_2,0,angry,0.6968334317207336,False
EmoAR,248,1,disgust,translate_plus_2,0,angry,0.7762221097946167,False
EmoAR,248,1,disgust,brightness_0_90,0,angry,0.7936609983444214,False
EmoAR,248,1,disgust,brightness_1_10,0,angry,0.701106071472168,False
EmoAR,248,1,disgust,contrast_0_90,0,angry,0.7558515071868896,False
EmoAR,248,1,disgust,contrast_1_10,0,angry,0.7518802881240845,False
EmoAR,251,0,angry,original,4,sad,0.3802855610847473,False
EmoAR,251,0,angry,rotation_minus_5,4,sad,0.3641963005065918,False
EmoAR,251,0,angry,rotation_plus_5,4,sad,0.4370575547218323,False
EmoAR,251,0,angry,translate_minus_2,4,sad,0.43884769082069397,False
EmoAR,251,0,angry,translate_plus_2,4,sad,0.382711797952652,False
EmoAR,251,0,angry,brightness_0_90,4,sad,0.33082669973373413,False
EmoAR,251,0,angry,brightness_1_10,4,sad,0.4295341670513153,False
EmoAR,251,0,angry,contrast_0_90,4,sad,0.34236326813697815,False
EmoAR,251,0,angry,contrast_1_10,4,sad,0.4250010550022125,False
EmoAR,254,4,sad,original,4,sad,0.8050111532211304,True
EmoAR,254,4,sad,rotation_minus_5,4,sad,0.7335332632064819,True
EmoAR,254,4,sad,rotation_plus_5,4,sad,0.8940653800964355,True
EmoAR,254,4,sad,translate_minus_2,4,sad,0.8547723889350891,True
EmoAR,254,4,sad,translate_plus_2,4,sad,0.7470459342002869,True
EmoAR,254,4,sad,brightness_0_90,4,sad,0.813252866268158,True
EmoAR,254,4,sad,brightness_1_10,4,sad,0.8030058145523071,True
EmoAR,254,4,sad,contrast_0_90,4,sad,0.7518830299377441,True
EmoAR,254,4,sad,contrast_1_10,4,sad,0.8519099354743958,True
EmoAR,259,3,happy,original,3,happy,0.9582669138908386,True
EmoAR,259,3,happy,rotation_minus_5,3,happy,0.6555509567260742,True
EmoAR,259,3,happy,rotation_plus_5,3,happy,0.8156960010528564,True
EmoAR,259,3,happy,translate_minus_2,3,happy,0.9577109217643738,True
EmoAR,259,3,happy,translate_plus_2,3,happy,0.920635998249054,True
EmoAR,259,3,happy,brightness_0_90,3,happy,0.950896143913269,True
EmoAR,259,3,happy,brightness_1_10,3,happy,0.9665457606315613,True
EmoAR,259,3,happy,contrast_0_90,3,happy,0.9369828701019287,True
EmoAR,259,3,happy,contrast_1_10,3,happy,0.9658466577529907,True
EmoAR,266,6,neutral,original,6,neutral,0.7427136898040771,True
EmoAR,266,6,neutral,rotation_minus_5,6,neutral,0.4655996859073639,True
EmoAR,266,6,neutral,rotation_plus_5,6,neutral,0.5351424217224121,True
EmoAR,266,6,neutral,translate_minus_2,6,neutral,0.7195448279380798,True
EmoAR,266,6,neutral,translate_plus_2,6,neutral,0.7070228457450867,True
EmoAR,266,6,neutral,brightness_0_90,6,neutral,0.7482564449310303,True
EmoAR,266,6,neutral,brightness_1_10,6,neutral,0.7267093062400818,True
EmoAR,266,6,neutral,contrast_0_90,6,neutral,0.741033673286438,True
EmoAR,266,6,neutral,contrast_1_10,6,neutral,0.7467638850212097,True
EmoAR,267,4,sad,original,4,sad,0.5052981972694397,True
EmoAR,267,4,sad,rotation_minus_5,3,happy,0.3853689432144165,False
EmoAR,267,4,sad,rotation_plus_5,0,angry,0.4375939965248108,False
EmoAR,267,4,sad,translate_minus_2,4,sad,0.43091797828674316,True
EmoAR,267,4,sad,translate_plus_2,4,sad,0.4625314772129059,True
EmoAR,267,4,sad,brightness_0_90,4,sad,0.5660644173622131,True
EmoAR,267,4,sad,brightness_1_10,4,sad,0.4089333713054657,True
EmoAR,267,4,sad,contrast_0_90,4,sad,0.5606852173805237,True
EmoAR,267,4,sad,contrast_1_10,4,sad,0.44336652755737305,True
EmoAR,314,4,sad,original,5,surprise,0.35793471336364746,False
EmoAR,314,4,sad,rotation_minus_5,5,surprise,0.34289106726646423,False
EmoAR,314,4,sad,rotation_plus_5,5,surprise,0.31748026609420776,False
EmoAR,314,4,sad,translate_minus_2,0,angry,0.3687189817428589,False
EmoAR,314,4,sad,translate_plus_2,5,surprise,0.36042726039886475,False
EmoAR,314,4,sad,brightness_0_90,0,angry,0.41004708409309387,False
EmoAR,314,4,sad,brightness_1_10,5,surprise,0.4718702435493469,False
EmoAR,314,4,sad,contrast_0_90,0,angry,0.3651473820209503,False
EmoAR,314,4,sad,contrast_1_10,0,angry,0.3632626235485077,False
EmoAR,319,0,angry,original,6,neutral,0.5150333642959595,False
EmoAR,319,0,angry,rotation_minus_5,6,neutral,0.5887507796287537,False
EmoAR,319,0,angry,rotation_plus_5,6,neutral,0.4929516911506653,False
EmoAR,319,0,angry,translate_minus_2,6,neutral,0.6966606974601746,False
EmoAR,319,0,angry,translate_plus_2,6,neutral,0.6081921458244324,False
EmoAR,319,0,angry,brightness_0_90,6,neutral,0.4000228941440582,False
EmoAR,319,0,angry,brightness_1_10,6,neutral,0.6262456178665161,False
EmoAR,319,0,angry,contrast_0_90,6,neutral,0.5307267904281616,False
EmoAR,319,0,angry,contrast_1_10,6,neutral,0.4995827078819275,False
EmoAR,323,2,fear,original,2,fear,0.7785590887069702,True
EmoAR,323,2,fear,rotation_minus_5,2,fear,0.8610931038856506,True
EmoAR,323,2,fear,rotation_plus_5,2,fear,0.694355845451355,True
EmoAR,323,2,fear,translate_minus_2,2,fear,0.816435694694519,True
EmoAR,323,2,fear,translate_plus_2,2,fear,0.7855210900306702,True
EmoAR,323,2,fear,brightness_0_90,2,fear,0.8153359889984131,True
EmoAR,323,2,fear,brightness_1_10,2,fear,0.7696248888969421,True
EmoAR,323,2,fear,contrast_0_90,2,fear,0.8178055882453918,True
EmoAR,323,2,fear,contrast_1_10,2,fear,0.7311139702796936,True
EmoAR,335,5,surprise,original,5,surprise,0.92167729139328,True
EmoAR,335,5,surprise,rotation_minus_5,5,surprise,0.6169990301132202,True
EmoAR,335,5,surprise,rotation_plus_5,5,surprise,0.3816714286804199,True
EmoAR,335,5,surprise,translate_minus_2,5,surprise,0.9456680417060852,True
EmoAR,335,5,surprise,translate_plus_2,5,surprise,0.8794450163841248,True
EmoAR,335,5,surprise,brightness_0_90,5,surprise,0.8458396792411804,True
EmoAR,335,5,surprise,brightness_1_10,5,surprise,0.9694880843162537,True
EmoAR,335,5,surprise,contrast_0_90,5,surprise,0.881541907787323,True
EmoAR,335,5,surprise,contrast_1_10,5,surprise,0.9518309235572815,True
EmoAR,354,5,surprise,original,5,surprise,0.9688341617584229,True
EmoAR,354,5,surprise,rotation_minus_5,5,surprise,0.8894926905632019,True
EmoAR,354,5,surprise,rotation_plus_5,5,surprise,0.8744544386863708,True
EmoAR,354,5,surprise,translate_minus_2,5,surprise,0.9184877276420593,True
EmoAR,354,5,surprise,translate_plus_2,5,surprise,0.9286838173866272,True
EmoAR,354,5,surprise,brightness_0_90,5,surprise,0.9325577616691589,True
EmoAR,354,5,surprise,brightness_1_10,5,surprise,0.9774947762489319,True
EmoAR,354,5,surprise,contrast_0_90,5,surprise,0.9616199731826782,True
EmoAR,354,5,surprise,contrast_1_10,5,surprise,0.9727182984352112,True
EmoAR,381,6,neutral,original,5,surprise,0.7245118021965027,False
EmoAR,381,6,neutral,rotation_minus_5,5,surprise,0.7264410853385925,False
EmoAR,381,6,neutral,rotation_plus_5,5,surprise,0.7780528664588928,False
EmoAR,381,6,neutral,translate_minus_2,5,surprise,0.6492705941200256,False
EmoAR,381,6,neutral,translate_plus_2,5,surprise,0.6911206245422363,False
EmoAR,381,6,neutral,brightness_0_90,5,surprise,0.6634678840637207,False
EmoAR,381,6,neutral,brightness_1_10,5,surprise,0.7449294924736023,False
EmoAR,381,6,neutral,contrast_0_90,5,surprise,0.7312588691711426,False
EmoAR,381,6,neutral,contrast_1_10,5,surprise,0.7077415585517883,False
EmoAR,382,5,surprise,original,5,surprise,0.7941091060638428,True
EmoAR,382,5,surprise,rotation_minus_5,5,surprise,0.7790622711181641,True
EmoAR,382,5,surprise,rotation_plus_5,5,surprise,0.8555530905723572,True
EmoAR,382,5,surprise,translate_minus_2,5,surprise,0.7383776307106018,True
EmoAR,382,5,surprise,translate_plus_2,5,surprise,0.8224164843559265,True
EmoAR,382,5,surprise,brightness_0_90,5,surprise,0.6955716609954834,True
EmoAR,382,5,surprise,brightness_1_10,5,surprise,0.8389421105384827,True
EmoAR,382,5,surprise,contrast_0_90,5,surprise,0.7882179021835327,True
EmoAR,382,5,surprise,contrast_1_10,5,surprise,0.8021973371505737,True
EmoAR,383,1,disgust,original,1,disgust,0.9960991144180298,True
EmoAR,383,1,disgust,rotation_minus_5,1,disgust,0.9984368681907654,True
EmoAR,383,1,disgust,rotation_plus_5,1,disgust,0.9657320976257324,True
EmoAR,383,1,disgust,translate_minus_2,1,disgust,0.9954622387886047,True
EmoAR,383,1,disgust,translate_plus_2,1,disgust,0.99826979637146,True
EmoAR,383,1,disgust,brightness_0_90,1,disgust,0.9846510887145996,True
EmoAR,383,1,disgust,brightness_1_10,1,disgust,0.9972968697547913,True
EmoAR,383,1,disgust,contrast_0_90,1,disgust,0.9938925504684448,True
EmoAR,383,1,disgust,contrast_1_10,1,disgust,0.9972816705703735,True
EmoAR,394,2,fear,original,4,sad,0.7684578895568848,False
EmoAR,394,2,fear,rotation_minus_5,4,sad,0.8078782558441162,False
EmoAR,394,2,fear,rotation_plus_5,4,sad,0.7902231812477112,False
EmoAR,394,2,fear,translate_minus_2,4,sad,0.7053173780441284,False
EmoAR,394,2,fear,translate_plus_2,4,sad,0.7764039635658264,False
EmoAR,394,2,fear,brightness_0_90,4,sad,0.7730427980422974,False
EmoAR,394,2,fear,brightness_1_10,4,sad,0.7591648101806641,False
EmoAR,394,2,fear,contrast_0_90,4,sad,0.7632550597190857,False
EmoAR,394,2,fear,contrast_1_10,4,sad,0.7624731659889221,False
EmoAR,396,4,sad,original,4,sad,0.8907353281974792,True
EmoAR,396,4,sad,rotation_minus_5,4,sad,0.837766170501709,True
EmoAR,396,4,sad,rotation_plus_5,4,sad,0.7730472683906555,True
EmoAR,396,4,sad,translate_minus_2,4,sad,0.8590369820594788,True
EmoAR,396,4,sad,translate_plus_2,4,sad,0.8409551978111267,True
EmoAR,396,4,sad,brightness_0_90,4,sad,0.8904256820678711,True
EmoAR,396,4,sad,brightness_1_10,4,sad,0.8894324898719788,True
EmoAR,396,4,sad,contrast_0_90,4,sad,0.8660667538642883,True
EmoAR,396,4,sad,contrast_1_10,4,sad,0.9119068384170532,True
EmoAR,397,5,surprise,original,3,happy,0.31434378027915955,False
EmoAR,397,5,surprise,rotation_minus_5,4,sad,0.31019094586372375,False
EmoAR,397,5,surprise,rotation_plus_5,0,angry,0.27198588848114014,False
EmoAR,397,5,surprise,translate_minus_2,0,angry,0.261420875787735,False
EmoAR,397,5,surprise,translate_plus_2,0,angry,0.3025960922241211,False
EmoAR,397,5,surprise,brightness_0_90,3,happy,0.29140129685401917,False
EmoAR,397,5,surprise,brightness_1_10,3,happy,0.2885492146015167,False
EmoAR,397,5,surprise,contrast_0_90,3,happy,0.40152978897094727,False
EmoAR,397,5,surprise,contrast_1_10,0,angry,0.25708624720573425,False
EmoAR,413,4,sad,original,0,angry,0.8602069020271301,False
EmoAR,413,4,sad,rotation_minus_5,0,angry,0.9260450601577759,False
EmoAR,413,4,sad,rotation_plus_5,0,angry,0.8954920768737793,False
EmoAR,413,4,sad,translate_minus_2,0,angry,0.8618918657302856,False
EmoAR,413,4,sad,translate_plus_2,0,angry,0.8475401401519775,False
EmoAR,413,4,sad,brightness_0_90,0,angry,0.8308686017990112,False
EmoAR,413,4,sad,brightness_1_10,0,angry,0.872851550579071,False
EmoAR,413,4,sad,contrast_0_90,0,angry,0.8836009502410889,False
EmoAR,413,4,sad,contrast_1_10,0,angry,0.8394145369529724,False
EmoAR,416,6,neutral,original,6,neutral,0.992573618888855,True
EmoAR,416,6,neutral,rotation_minus_5,6,neutral,0.9697976112365723,True
EmoAR,416,6,neutral,rotation_plus_5,6,neutral,0.9796239733695984,True
EmoAR,416,6,neutral,translate_minus_2,6,neutral,0.9911017417907715,True
EmoAR,416,6,neutral,translate_plus_2,6,neutral,0.9906615614891052,True
EmoAR,416,6,neutral,brightness_0_90,6,neutral,0.9853081107139587,True
EmoAR,416,6,neutral,brightness_1_10,6,neutral,0.9940419793128967,True
EmoAR,416,6,neutral,contrast_0_90,6,neutral,0.99063640832901,True
EmoAR,416,6,neutral,contrast_1_10,6,neutral,0.992151141166687,True
EmoAR,419,1,disgust,original,1,disgust,0.8656356930732727,True
EmoAR,419,1,disgust,rotation_minus_5,4,sad,0.5807085037231445,False
EmoAR,419,1,disgust,rotation_plus_5,4,sad,0.5577287673950195,False
EmoAR,419,1,disgust,translate_minus_2,1,disgust,0.941551923751831,True
EmoAR,419,1,disgust,translate_plus_2,1,disgust,0.7762416005134583,True
EmoAR,419,1,disgust,brightness_0_90,1,disgust,0.7739884257316589,True
EmoAR,419,1,disgust,brightness_1_10,1,disgust,0.8687777519226074,True
EmoAR,419,1,disgust,contrast_0_90,1,disgust,0.8095433712005615,True
EmoAR,419,1,disgust,contrast_1_10,1,disgust,0.8857090473175049,True
EmoAR,427,3,happy,original,5,surprise,0.35234200954437256,False
EmoAR,427,3,happy,rotation_minus_5,0,angry,0.34205755591392517,False
EmoAR,427,3,happy,rotation_plus_5,0,angry,0.45680713653564453,False
EmoAR,427,3,happy,translate_minus_2,5,surprise,0.3800738751888275,False
EmoAR,427,3,happy,translate_plus_2,4,sad,0.28709736466407776,False
EmoAR,427,3,happy,brightness_0_90,5,surprise,0.31595444679260254,False
EmoAR,427,3,happy,brightness_1_10,5,surprise,0.3527929186820984,False
EmoAR,427,3,happy,contrast_0_90,5,surprise,0.30716654658317566,False
EmoAR,427,3,happy,contrast_1_10,5,surprise,0.3995501399040222,False
EmoAR,428,6,neutral,original,6,neutral,0.7783018946647644,True
EmoAR,428,6,neutral,rotation_minus_5,3,happy,0.44931578636169434,False
EmoAR,428,6,neutral,rotation_plus_5,6,neutral,0.6206168532371521,True
EmoAR,428,6,neutral,translate_minus_2,6,neutral,0.6861421465873718,True
EmoAR,428,6,neutral,translate_plus_2,6,neutral,0.7865997552871704,True
EmoAR,428,6,neutral,brightness_0_90,6,neutral,0.7663856148719788,True
EmoAR,428,6,neutral,brightness_1_10,6,neutral,0.7746293544769287,True
EmoAR,428,6,neutral,contrast_0_90,6,neutral,0.7592707872390747,True
EmoAR,428,6,neutral,contrast_1_10,6,neutral,0.8124786615371704,True
EmoAR,466,3,happy,original,3,happy,0.9970614314079285,True
EmoAR,466,3,happy,rotation_minus_5,3,happy,0.9982814788818359,True
EmoAR,466,3,happy,rotation_plus_5,3,happy,0.9968554973602295,True
EmoAR,466,3,happy,translate_minus_2,3,happy,0.9972176551818848,True
EmoAR,466,3,happy,translate_plus_2,3,happy,0.9958034157752991,True
EmoAR,466,3,happy,brightness_0_90,3,happy,0.996773898601532,True
EmoAR,466,3,happy,brightness_1_10,3,happy,0.9966298937797546,True
EmoAR,466,3,happy,contrast_0_90,3,happy,0.9973830580711365,True
EmoAR,466,3,happy,contrast_1_10,3,happy,0.9961556792259216,True
EmoAR,472,4,sad,original,6,neutral,0.8657918572425842,False
EmoAR,472,4,sad,rotation_minus_5,6,neutral,0.5525250434875488,False
EmoAR,472,4,sad,rotation_plus_5,6,neutral,0.7005367279052734,False
EmoAR,472,4,sad,translate_minus_2,6,neutral,0.8853850364685059,False
EmoAR,472,4,sad,translate_plus_2,6,neutral,0.91204434633255,False
EmoAR,472,4,sad,brightness_0_90,6,neutral,0.7575944066047668,False
EmoAR,472,4,sad,brightness_1_10,6,neutral,0.9151782393455505,False
EmoAR,472,4,sad,contrast_0_90,6,neutral,0.8330712914466858,False
EmoAR,472,4,sad,contrast_1_10,6,neutral,0.8984618782997131,False
EmoAR,494,6,neutral,original,6,neutral,0.4439902603626251,True
EmoAR,494,6,neutral,rotation_minus_5,0,angry,0.42828065156936646,False
EmoAR,494,6,neutral,rotation_plus_5,0,angry,0.3179647624492645,False
EmoAR,494,6,neutral,translate_minus_2,6,neutral,0.4605333209037781,True
EmoAR,494,6,neutral,translate_plus_2,6,neutral,0.43907251954078674,True
EmoAR,494,6,neutral,brightness_0_90,6,neutral,0.37560197710990906,True
EmoAR,494,6,neutral,brightness_1_10,6,neutral,0.5249214768409729,True
EmoAR,494,6,neutral,contrast_0_90,6,neutral,0.3329123556613922,True
EmoAR,494,6,neutral,contrast_1_10,6,neutral,0.5202706456184387,True
EmoAR,506,2,fear,original,5,surprise,0.9209566116333008,False
EmoAR,506,2,fear,rotation_minus_5,5,surprise,0.6295455098152161,False
EmoAR,506,2,fear,rotation_plus_5,5,surprise,0.748729944229126,False
EmoAR,506,2,fear,translate_minus_2,5,surprise,0.8453944325447083,False
EmoAR,506,2,fear,translate_plus_2,5,surprise,0.9097427725791931,False
EmoAR,506,2,fear,brightness_0_90,5,surprise,0.9007802605628967,False
EmoAR,506,2,fear,brightness_1_10,5,surprise,0.9277769923210144,False
EmoAR,506,2,fear,contrast_0_90,5,surprise,0.8770565986633301,False
EmoAR,506,2,fear,contrast_1_10,5,surprise,0.9319135546684265,False
EmoAR,507,4,sad,original,4,sad,0.859559178352356,True
EmoAR,507,4,sad,rotation_minus_5,4,sad,0.4765152037143707,True
EmoAR,507,4,sad,rotation_plus_5,4,sad,0.7065092325210571,True
EmoAR,507,4,sad,translate_minus_2,4,sad,0.8325454592704773,True
EmoAR,507,4,sad,translate_plus_2,4,sad,0.8126176595687866,True
EmoAR,507,4,sad,brightness_0_90,4,sad,0.8676034808158875,True
EmoAR,507,4,sad,brightness_1_10,3,happy,0.5687114596366882,False
EmoAR,507,4,sad,contrast_0_90,4,sad,0.7957882285118103,True
EmoAR,507,4,sad,contrast_1_10,4,sad,0.8674989342689514,True
EmoAR,531,2,fear,original,6,neutral,0.4434059262275696,False
EmoAR,531,2,fear,rotation_minus_5,6,neutral,0.5530964136123657,False
EmoAR,531,2,fear,rotation_plus_5,4,sad,0.5160605311393738,False
EmoAR,531,2,fear,translate_minus_2,6,neutral,0.5414525270462036,False
EmoAR,531,2,fear,translate_plus_2,6,neutral,0.5170738101005554,False
EmoAR,531,2,fear,brightness_0_90,4,sad,0.5273749828338623,False
EmoAR,531,2,fear,brightness_1_10,6,neutral,0.498967707157135,False
EmoAR,531,2,fear,contrast_0_90,4,sad,0.5362372994422913,False
EmoAR,531,2,fear,contrast_1_10,6,neutral,0.4942783713340759,False
EmoAR,532,3,happy,original,3,happy,0.9535072445869446,True
EmoAR,532,3,happy,rotation_minus_5,3,happy,0.9765440225601196,True
EmoAR,532,3,happy,rotation_plus_5,3,happy,0.9929306507110596,True
EmoAR,532,3,happy,translate_minus_2,3,happy,0.9037675857543945,True
EmoAR,532,3,happy,translate_plus_2,3,happy,0.9712252020835876,True
EmoAR,532,3,happy,brightness_0_90,3,happy,0.9646700620651245,True
EmoAR,532,3,happy,brightness_1_10,3,happy,0.9557206034660339,True
EmoAR,532,3,happy,contrast_0_90,3,happy,0.9711630344390869,True
EmoAR,532,3,happy,contrast_1_10,3,happy,0.942021906375885,True
EmoAR,546,3,happy,original,4,sad,0.6676048636436462,False
EmoAR,546,3,happy,rotation_minus_5,4,sad,0.7102794647216797,False
EmoAR,546,3,happy,rotation_plus_5,4,sad,0.6733296513557434,False
EmoAR,546,3,happy,translate_minus_2,4,sad,0.5716745853424072,False
EmoAR,546,3,happy,translate_plus_2,4,sad,0.38583245873451233,False
EmoAR,546,3,happy,brightness_0_90,4,sad,0.634821355342865,False
EmoAR,546,3,happy,brightness_1_10,4,sad,0.7048283219337463,False
EmoAR,546,3,happy,contrast_0_90,4,sad,0.5790897011756897,False
EmoAR,546,3,happy,contrast_1_10,4,sad,0.7200744152069092,False
EmoAR,552,4,sad,original,5,surprise,0.3863508701324463,False
EmoAR,552,4,sad,rotation_minus_5,2,fear,0.3192319869995117,False
EmoAR,552,4,sad,rotation_plus_5,6,neutral,0.3183125853538513,False
EmoAR,552,4,sad,translate_minus_2,2,fear,0.3425014615058899,False
EmoAR,552,4,sad,translate_plus_2,5,surprise,0.41483864188194275,False
EmoAR,552,4,sad,brightness_0_90,2,fear,0.3085527718067169,False
EmoAR,552,4,sad,brightness_1_10,5,surprise,0.5315899848937988,False
EmoAR,552,4,sad,contrast_0_90,5,surprise,0.3588255047798157,False
EmoAR,552,4,sad,contrast_1_10,5,surprise,0.35187315940856934,False
EmoAR,570,3,happy,original,3,happy,0.9796435236930847,True
EmoAR,570,3,happy,rotation_minus_5,3,happy,0.9520375728607178,True
EmoAR,570,3,happy,rotation_plus_5,3,happy,0.9791441559791565,True
EmoAR,570,3,happy,translate_minus_2,3,happy,0.9616171717643738,True
EmoAR,570,3,happy,translate_plus_2,3,happy,0.9480261206626892,True
EmoAR,570,3,happy,brightness_0_90,3,happy,0.9639356732368469,True
EmoAR,570,3,happy,brightness_1_10,3,happy,0.9900916814804077,True
EmoAR,570,3,happy,contrast_0_90,3,happy,0.9739332795143127,True
EmoAR,570,3,happy,contrast_1_10,3,happy,0.9819504022598267,True
EmoAR,586,5,surprise,original,5,surprise,0.9955009818077087,True
EmoAR,586,5,surprise,rotation_minus_5,5,surprise,0.9935425519943237,True
EmoAR,586,5,surprise,rotation_plus_5,5,surprise,0.9923171997070312,True
EmoAR,586,5,surprise,translate_minus_2,5,surprise,0.996485710144043,True
EmoAR,586,5,surprise,translate_plus_2,5,surprise,0.9977145195007324,True
EmoAR,586,5,surprise,brightness_0_90,5,surprise,0.9944021105766296,True
EmoAR,586,5,surprise,brightness_1_10,5,surprise,0.9950813055038452,True
EmoAR,586,5,surprise,contrast_0_90,5,surprise,0.994468092918396,True
EmoAR,586,5,surprise,contrast_1_10,5,surprise,0.9957804679870605,True
EmoAR,597,6,neutral,original,4,sad,0.508508563041687,False
EmoAR,597,6,neutral,rotation_minus_5,4,sad,0.4230709969997406,False
EmoAR,597,6,neutral,rotation_plus_5,4,sad,0.5538231730461121,False
EmoAR,597,6,neutral,translate_minus_2,4,sad,0.46365368366241455,False
EmoAR,597,6,neutral,translate_plus_2,4,sad,0.5615038871765137,False
EmoAR,597,6,neutral,brightness_0_90,4,sad,0.4697294533252716,False
EmoAR,597,6,neutral,brightness_1_10,4,sad,0.5574212074279785,False
EmoAR,597,6,neutral,contrast_0_90,4,sad,0.4608410596847534,False
EmoAR,597,6,neutral,contrast_1_10,4,sad,0.5852069854736328,False
EmoAR,598,3,happy,original,3,happy,0.989933431148529,True
EmoAR,598,3,happy,rotation_minus_5,3,happy,0.9947579503059387,True
EmoAR,598,3,happy,rotation_plus_5,3,happy,0.9949996471405029,True
EmoAR,598,3,happy,translate_minus_2,3,happy,0.9909750819206238,True
EmoAR,598,3,happy,translate_plus_2,3,happy,0.9913794994354248,True
EmoAR,598,3,happy,brightness_0_90,3,happy,0.9899938702583313,True
EmoAR,598,3,happy,brightness_1_10,3,happy,0.9896190762519836,True
EmoAR,598,3,happy,contrast_0_90,3,happy,0.9921676516532898,True
EmoAR,598,3,happy,contrast_1_10,3,happy,0.9875233769416809,True
EmoAR,600,4,sad,original,4,sad,0.9265825152397156,True
EmoAR,600,4,sad,rotation_minus_5,4,sad,0.8859743475914001,True
EmoAR,600,4,sad,rotation_plus_5,4,sad,0.951130747795105,True
EmoAR,600,4,sad,translate_minus_2,4,sad,0.9362994432449341,True
EmoAR,600,4,sad,translate_plus_2,4,sad,0.9276707172393799,True
EmoAR,600,4,sad,brightness_0_90,4,sad,0.9380677342414856,True
EmoAR,600,4,sad,brightness_1_10,4,sad,0.8914772272109985,True
EmoAR,600,4,sad,contrast_0_90,4,sad,0.9141069054603577,True
EmoAR,600,4,sad,contrast_1_10,4,sad,0.9149652123451233,True
EmoAR,613,4,sad,original,3,happy,0.41898706555366516,False
EmoAR,613,4,sad,rotation_minus_5,1,disgust,0.28901025652885437,False
EmoAR,613,4,sad,rotation_plus_5,4,sad,0.4568793475627899,True
EmoAR,613,4,sad,translate_minus_2,3,happy,0.44988834857940674,False
EmoAR,613,4,sad,translate_plus_2,3,happy,0.48532816767692566,False
EmoAR,613,4,sad,brightness_0_90,3,happy,0.4189591407775879,False
EmoAR,613,4,sad,brightness_1_10,3,happy,0.5132884979248047,False
EmoAR,613,4,sad,contrast_0_90,3,happy,0.43951642513275146,False
EmoAR,613,4,sad,contrast_1_10,3,happy,0.4632144868373871,False
EmoAR,614,1,disgust,original,1,disgust,0.9894288182258606,True
EmoAR,614,1,disgust,rotation_minus_5,1,disgust,0.9968098998069763,True
EmoAR,614,1,disgust,rotation_plus_5,1,disgust,0.9879405498504639,True
EmoAR,614,1,disgust,translate_minus_2,1,disgust,0.9883894920349121,True
EmoAR,614,1,disgust,translate_plus_2,1,disgust,0.9874514937400818,True
EmoAR,614,1,disgust,brightness_0_90,1,disgust,0.9902680516242981,True
EmoAR,614,1,disgust,brightness_1_10,1,disgust,0.9763092398643494,True
EmoAR,614,1,disgust,contrast_0_90,1,disgust,0.9933810234069824,True
EmoAR,614,1,disgust,contrast_1_10,1,disgust,0.9798821210861206,True
EmoAR,625,1,disgust,original,4,sad,0.36516687273979187,False
EmoAR,625,1,disgust,rotation_minus_5,1,disgust,0.4229161739349365,True
EmoAR,625,1,disgust,rotation_plus_5,4,sad,0.41782310605049133,False
EmoAR,625,1,disgust,translate_minus_2,4,sad,0.39899522066116333,False
EmoAR,625,1,disgust,translate_plus_2,4,sad,0.418415367603302,False
EmoAR,625,1,disgust,brightness_0_90,0,angry,0.34527310729026794,False
EmoAR,625,1,disgust,brightness_1_10,4,sad,0.6110917329788208,False
EmoAR,625,1,disgust,contrast_0_90,4,sad,0.4909767508506775,False
EmoAR,625,1,disgust,contrast_1_10,1,disgust,0.40377169847488403,True
EmoAR,636,0,angry,original,2,fear,0.6353553533554077,False
EmoAR,636,0,angry,rotation_minus_5,2,fear,0.44720563292503357,False
EmoAR,636,0,angry,rotation_plus_5,2,fear,0.5366555452346802,False
EmoAR,636,0,angry,translate_minus_2,2,fear,0.491424024105072,False
EmoAR,636,0,angry,translate_plus_2,2,fear,0.48699191212654114,False
EmoAR,636,0,angry,brightness_0_90,2,fear,0.7502202391624451,False
EmoAR,636,0,angry,brightness_1_10,0,angry,0.5130568146705627,True
EmoAR,636,0,angry,contrast_0_90,2,fear,0.624710202217102,False
EmoAR,636,0,angry,contrast_1_10,2,fear,0.6363546252250671,False
EmoAR,655,3,happy,original,3,happy,0.9990687966346741,True
EmoAR,655,3,happy,rotation_minus_5,3,happy,0.9980036616325378,True
EmoAR,655,3,happy,rotation_plus_5,3,happy,0.997649610042572,True
EmoAR,655,3,happy,translate_minus_2,3,happy,0.9986094236373901,True
EmoAR,655,3,happy,translate_plus_2,3,happy,0.9991397857666016,True
EmoAR,655,3,happy,brightness_0_90,3,happy,0.9988884329795837,True
EmoAR,655,3,happy,brightness_1_10,3,happy,0.9991533756256104,True
EmoAR,655,3,happy,contrast_0_90,3,happy,0.9991037249565125,True
EmoAR,655,3,happy,contrast_1_10,3,happy,0.9990423321723938,True
EmoAR,666,4,sad,original,0,angry,0.8019200563430786,False
EmoAR,666,4,sad,rotation_minus_5,0,angry,0.6048541069030762,False
EmoAR,666,4,sad,rotation_plus_5,0,angry,0.6787506341934204,False
EmoAR,666,4,sad,translate_minus_2,0,angry,0.8036477565765381,False
EmoAR,666,4,sad,translate_plus_2,0,angry,0.7957488298416138,False
EmoAR,666,4,sad,brightness_0_90,0,angry,0.8485514521598816,False
EmoAR,666,4,sad,brightness_1_10,0,angry,0.7521938681602478,False
EmoAR,666,4,sad,contrast_0_90,0,angry,0.8282286524772644,False
EmoAR,666,4,sad,contrast_1_10,0,angry,0.7701230049133301,False
EmoAR,679,4,sad,original,4,sad,0.7378268241882324,True
EmoAR,679,4,sad,rotation_minus_5,4,sad,0.6909675598144531,True
EmoAR,679,4,sad,rotation_plus_5,4,sad,0.6602632403373718,True
EmoAR,679,4,sad,translate_minus_2,4,sad,0.7184503078460693,True
EmoAR,679,4,sad,translate_plus_2,4,sad,0.7266834378242493,True
EmoAR,679,4,sad,brightness_0_90,4,sad,0.7378366589546204,True
EmoAR,679,4,sad,brightness_1_10,4,sad,0.7238470315933228,True
EmoAR,679,4,sad,contrast_0_90,4,sad,0.7073448896408081,True
EmoAR,679,4,sad,contrast_1_10,4,sad,0.769853949546814,True
EmoAR,687,5,surprise,original,5,surprise,0.9684597849845886,True
EmoAR,687,5,surprise,rotation_minus_5,5,surprise,0.9349857568740845,True
EmoAR,687,5,surprise,rotation_plus_5,5,surprise,0.9489622712135315,True
EmoAR,687,5,surprise,translate_minus_2,5,surprise,0.9603604078292847,True
EmoAR,687,5,surprise,translate_plus_2,5,surprise,0.9602344036102295,True
EmoAR,687,5,surprise,brightness_0_90,5,surprise,0.9738734364509583,True
EmoAR,687,5,surprise,brightness_1_10,5,surprise,0.9500974416732788,True
EmoAR,687,5,surprise,contrast_0_90,5,surprise,0.9690176844596863,True
EmoAR,687,5,surprise,contrast_1_10,5,surprise,0.9676085710525513,True
EmoAR,695,3,happy,original,3,happy,0.9949222207069397,True
EmoAR,695,3,happy,rotation_minus_5,3,happy,0.997358500957489,True
EmoAR,695,3,happy,rotation_plus_5,3,happy,0.9967868328094482,True
EmoAR,695,3,happy,translate_minus_2,3,happy,0.9954506754875183,True
EmoAR,695,3,happy,translate_plus_2,3,happy,0.9956093430519104,True
EmoAR,695,3,happy,brightness_0_90,3,happy,0.9956458210945129,True
EmoAR,695,3,happy,brightness_1_10,3,happy,0.9945822358131409,True
EmoAR,695,3,happy,contrast_0_90,3,happy,0.9954512715339661,True
EmoAR,695,3,happy,contrast_1_10,3,happy,0.9942264556884766,True
EmoAR,699,3,happy,original,3,happy,0.9872335195541382,True
EmoAR,699,3,happy,rotation_minus_5,3,happy,0.9897906184196472,True
EmoAR,699,3,happy,rotation_plus_5,3,happy,0.9918766021728516,True
EmoAR,699,3,happy,translate_minus_2,3,happy,0.979842483997345,True
EmoAR,699,3,happy,translate_plus_2,3,happy,0.9921701550483704,True
EmoAR,699,3,happy,brightness_0_90,3,happy,0.9918431639671326,True
EmoAR,699,3,happy,brightness_1_10,3,happy,0.9756184220314026,True
EmoAR,699,3,happy,contrast_0_90,3,happy,0.9877532124519348,True
EmoAR,699,3,happy,contrast_1_10,3,happy,0.9859724044799805,True
EmoAR,706,1,disgust,original,1,disgust,0.7996745705604553,True
EmoAR,706,1,disgust,rotation_minus_5,0,angry,0.4579419791698456,False
EmoAR,706,1,disgust,rotation_plus_5,2,fear,0.4241000711917877,False
EmoAR,706,1,disgust,translate_minus_2,1,disgust,0.8868573307991028,True
EmoAR,706,1,disgust,translate_plus_2,1,disgust,0.9067865610122681,True
EmoAR,706,1,disgust,brightness_0_90,1,disgust,0.7434645295143127,True
EmoAR,706,1,disgust,brightness_1_10,1,disgust,0.813195526599884,True
EmoAR,706,1,disgust,contrast_0_90,1,disgust,0.7158778309822083,True
EmoAR,706,1,disgust,contrast_1_10,1,disgust,0.8438082933425903,True
EmoAR,707,6,neutral,original,0,angry,0.7987743020057678,False
EmoAR,707,6,neutral,rotation_minus_5,0,angry,0.36727622151374817,False
EmoAR,707,6,neutral,rotation_plus_5,3,happy,0.4738246202468872,False
EmoAR,707,6,neutral,translate_minus_2,0,angry,0.7882212400436401,False
EmoAR,707,6,neutral,translate_plus_2,0,angry,0.7377914786338806,False
EmoAR,707,6,neutral,brightness_0_90,0,angry,0.7994908094406128,False
EmoAR,707,6,neutral,brightness_1_10,0,angry,0.7617547512054443,False
EmoAR,707,6,neutral,contrast_0_90,0,angry,0.8101024627685547,False
EmoAR,707,6,neutral,contrast_1_10,0,angry,0.8013489842414856,False
EmoAR,725,3,happy,original,4,sad,0.42635583877563477,False
EmoAR,725,3,happy,rotation_minus_5,4,sad,0.34179559350013733,False
EmoAR,725,3,happy,rotation_plus_5,4,sad,0.4252803325653076,False
EmoAR,725,3,happy,translate_minus_2,4,sad,0.5325644612312317,False
EmoAR,725,3,happy,translate_plus_2,4,sad,0.49214792251586914,False
EmoAR,725,3,happy,brightness_0_90,4,sad,0.4315986633300781,False
EmoAR,725,3,happy,brightness_1_10,4,sad,0.4031051993370056,False
EmoAR,725,3,happy,contrast_0_90,4,sad,0.42175769805908203,False
EmoAR,725,3,happy,contrast_1_10,4,sad,0.40972012281417847,False
EmoAR,727,5,surprise,original,5,surprise,0.9951345324516296,True
EmoAR,727,5,surprise,rotation_minus_5,5,surprise,0.9989047050476074,True
EmoAR,727,5,surprise,rotation_plus_5,5,surprise,0.9788188934326172,True
EmoAR,727,5,surprise,translate_minus_2,5,surprise,0.9975046515464783,True
EmoAR,727,5,surprise,translate_plus_2,5,surprise,0.9914106130599976,True
EmoAR,727,5,surprise,brightness_0_90,5,surprise,0.9919205904006958,True
EmoAR,727,5,surprise,brightness_1_10,5,surprise,0.9970032572746277,True
EmoAR,727,5,surprise,contrast_0_90,5,surprise,0.9920863509178162,True
EmoAR,727,5,surprise,contrast_1_10,5,surprise,0.9967058300971985,True
EmoAR,733,6,neutral,original,6,neutral,0.3460366427898407,True
EmoAR,733,6,neutral,rotation_minus_5,6,neutral,0.4083153307437897,True
EmoAR,733,6,neutral,rotation_plus_5,0,angry,0.393698513507843,False
EmoAR,733,6,neutral,translate_minus_2,6,neutral,0.46704795956611633,True
EmoAR,733,6,neutral,translate_plus_2,6,neutral,0.460049569606781,True
EmoAR,733,6,neutral,brightness_0_90,0,angry,0.39141029119491577,False
EmoAR,733,6,neutral,brightness_1_10,0,angry,0.33157339692115784,False
EmoAR,733,6,neutral,contrast_0_90,0,angry,0.374713659286499,False
EmoAR,733,6,neutral,contrast_1_10,6,neutral,0.35585594177246094,True
EmoAR,743,6,neutral,original,6,neutral,0.6873955726623535,True
EmoAR,743,6,neutral,rotation_minus_5,6,neutral,0.8606714010238647,True
EmoAR,743,6,neutral,rotation_plus_5,6,neutral,0.8121253252029419,True
EmoAR,743,6,neutral,translate_minus_2,6,neutral,0.6106690168380737,True
EmoAR,743,6,neutral,translate_plus_2,6,neutral,0.7341283559799194,True
EmoAR,743,6,neutral,brightness_0_90,6,neutral,0.7112447023391724,True
EmoAR,743,6,neutral,brightness_1_10,6,neutral,0.6658191680908203,True
EmoAR,743,6,neutral,contrast_0_90,6,neutral,0.6704795956611633,True
EmoAR,743,6,neutral,contrast_1_10,6,neutral,0.6757809519767761,True
EmoAR,760,6,neutral,original,1,disgust,0.7600902915000916,False
EmoAR,760,6,neutral,rotation_minus_5,1,disgust,0.40269070863723755,False
EmoAR,760,6,neutral,rotation_plus_5,1,disgust,0.44931069016456604,False
EmoAR,760,6,neutral,translate_minus_2,1,disgust,0.6428853273391724,False
EmoAR,760,6,neutral,translate_plus_2,1,disgust,0.7537224292755127,False
EmoAR,760,6,neutral,brightness_0_90,1,disgust,0.787395179271698,False
EmoAR,760,6,neutral,brightness_1_10,1,disgust,0.6539252996444702,False
EmoAR,760,6,neutral,contrast_0_90,1,disgust,0.7709147334098816,False
EmoAR,760,6,neutral,contrast_1_10,1,disgust,0.7397871613502502,False
EmoAR,762,4,sad,original,4,sad,0.667338490486145,True
EmoAR,762,4,sad,rotation_minus_5,4,sad,0.6581260561943054,True
EmoAR,762,4,sad,rotation_plus_5,4,sad,0.7761192917823792,True
EmoAR,762,4,sad,translate_minus_2,4,sad,0.6428080201148987,True
EmoAR,762,4,sad,translate_plus_2,4,sad,0.8077253103256226,True
EmoAR,762,4,sad,brightness_0_90,4,sad,0.6163129806518555,True
EmoAR,762,4,sad,brightness_1_10,4,sad,0.6987977027893066,True
EmoAR,762,4,sad,contrast_0_90,4,sad,0.6322265267372131,True
EmoAR,762,4,sad,contrast_1_10,4,sad,0.7074804306030273,True
EmoAR,768,3,happy,original,3,happy,0.6224311590194702,True
EmoAR,768,3,happy,rotation_minus_5,3,happy,0.7731636166572571,True
EmoAR,768,3,happy,rotation_plus_5,3,happy,0.7088406085968018,True
EmoAR,768,3,happy,translate_minus_2,3,happy,0.7058212757110596,True
EmoAR,768,3,happy,translate_plus_2,3,happy,0.5883854031562805,True
EmoAR,768,3,happy,brightness_0_90,3,happy,0.740847647190094,True
EmoAR,768,3,happy,brightness_1_10,4,sad,0.4933461844921112,False
EmoAR,768,3,happy,contrast_0_90,3,happy,0.7756546139717102,True
EmoAR,768,3,happy,contrast_1_10,4,sad,0.5181628465652466,False
EmoAR,791,4,sad,original,4,sad,0.790100634098053,True
EmoAR,791,4,sad,rotation_minus_5,4,sad,0.6830331683158875,True
EmoAR,791,4,sad,rotation_plus_5,4,sad,0.6363753080368042,True
EmoAR,791,4,sad,translate_minus_2,4,sad,0.668899655342102,True
EmoAR,791,4,sad,translate_plus_2,4,sad,0.7432615756988525,True
EmoAR,791,4,sad,brightness_0_90,4,sad,0.7640485167503357,True
EmoAR,791,4,sad,brightness_1_10,4,sad,0.8171250224113464,True
EmoAR,791,4,sad,contrast_0_90,4,sad,0.7309088110923767,True
EmoAR,791,4,sad,contrast_1_10,4,sad,0.8224033713340759,True
EmoAR,795,3,happy,original,4,sad,0.6749312281608582,False
EmoAR,795,3,happy,rotation_minus_5,4,sad,0.3987062871456146,False
EmoAR,795,3,happy,rotation_plus_5,4,sad,0.6879786252975464,False
EmoAR,795,3,happy,translate_minus_2,4,sad,0.6873965263366699,False
EmoAR,795,3,happy,translate_plus_2,4,sad,0.504362940788269,False
EmoAR,795,3,happy,brightness_0_90,4,sad,0.7749567627906799,False
EmoAR,795,3,happy,brightness_1_10,4,sad,0.6290735602378845,False
EmoAR,795,3,happy,contrast_0_90,4,sad,0.6689545512199402,False
EmoAR,795,3,happy,contrast_1_10,4,sad,0.711449384689331,False
EmoAR,805,6,neutral,original,6,neutral,0.9730143547058105,True
EmoAR,805,6,neutral,rotation_minus_5,6,neutral,0.949601411819458,True
EmoAR,805,6,neutral,rotation_plus_5,6,neutral,0.9735609292984009,True
EmoAR,805,6,neutral,translate_minus_2,6,neutral,0.9765573143959045,True
EmoAR,805,6,neutral,translate_plus_2,6,neutral,0.9753236770629883,True
EmoAR,805,6,neutral,brightness_0_90,6,neutral,0.9655380249023438,True
EmoAR,805,6,neutral,brightness_1_10,6,neutral,0.9760717749595642,True
EmoAR,805,6,neutral,contrast_0_90,6,neutral,0.9710639715194702,True
EmoAR,805,6,neutral,contrast_1_10,6,neutral,0.9748765230178833,True
EmoAR,828,3,happy,original,3,happy,0.9942207336425781,True
EmoAR,828,3,happy,rotation_minus_5,3,happy,0.9960198998451233,True
EmoAR,828,3,happy,rotation_plus_5,3,happy,0.9962504506111145,True
EmoAR,828,3,happy,translate_minus_2,3,happy,0.9942466616630554,True
EmoAR,828,3,happy,translate_plus_2,3,happy,0.9906869530677795,True
EmoAR,828,3,happy,brightness_0_90,3,happy,0.9946459531784058,True
EmoAR,828,3,happy,brightness_1_10,3,happy,0.993641197681427,True
EmoAR,828,3,happy,contrast_0_90,3,happy,0.9947026371955872,True
EmoAR,828,3,happy,contrast_1_10,3,happy,0.9940826296806335,True
EmoAR,832,6,neutral,original,6,neutral,0.6769638061523438,True
EmoAR,832,6,neutral,rotation_minus_5,6,neutral,0.5054171681404114,True
EmoAR,832,6,neutral,rotation_plus_5,6,neutral,0.48084044456481934,True
EmoAR,832,6,neutral,translate_minus_2,6,neutral,0.648918092250824,True
EmoAR,832,6,neutral,translate_plus_2,6,neutral,0.674857497215271,True
EmoAR,832,6,neutral,brightness_0_90,6,neutral,0.6029568910598755,True
EmoAR,832,6,neutral,brightness_1_10,6,neutral,0.6911317706108093,True
EmoAR,832,6,neutral,contrast_0_90,6,neutral,0.606726884841919,True
EmoAR,832,6,neutral,contrast_1_10,6,neutral,0.7226718068122864,True
EmoAR,833,0,angry,original,0,angry,0.5572529435157776,True
EmoAR,833,0,angry,rotation_minus_5,0,angry,0.5622403621673584,True
EmoAR,833,0,angry,rotation_plus_5,2,fear,0.5303969383239746,False
EmoAR,833,0,angry,translate_minus_2,0,angry,0.5449225902557373,True
EmoAR,833,0,angry,translate_plus_2,0,angry,0.6501543521881104,True
EmoAR,833,0,angry,brightness_0_90,0,angry,0.589165985584259,True
EmoAR,833,0,angry,brightness_1_10,2,fear,0.5162228345870972,False
EmoAR,833,0,angry,contrast_0_90,0,angry,0.6068368554115295,True
EmoAR,833,0,angry,contrast_1_10,0,angry,0.4985780119895935,True
EmoAR,840,3,happy,original,3,happy,0.9783532023429871,True
EmoAR,840,3,happy,rotation_minus_5,3,happy,0.9804953336715698,True
EmoAR,840,3,happy,rotation_plus_5,3,happy,0.9780030846595764,True
EmoAR,840,3,happy,translate_minus_2,3,happy,0.9862961769104004,True
EmoAR,840,3,happy,translate_plus_2,3,happy,0.9733760952949524,True
EmoAR,840,3,happy,brightness_0_90,3,happy,0.9769193530082703,True
EmoAR,840,3,happy,brightness_1_10,3,happy,0.9834429621696472,True
EmoAR,840,3,happy,contrast_0_90,3,happy,0.9820078015327454,True
EmoAR,840,3,happy,contrast_1_10,3,happy,0.9782960414886475,True
EmoAR,857,6,neutral,original,0,angry,0.37137570977211,False
EmoAR,857,6,neutral,rotation_minus_5,4,sad,0.4785339832305908,False
EmoAR,857,6,neutral,rotation_plus_5,0,angry,0.5608007311820984,False
EmoAR,857,6,neutral,translate_minus_2,4,sad,0.3163281977176666,False
EmoAR,857,6,neutral,translate_plus_2,0,angry,0.42681625485420227,False
EmoAR,857,6,neutral,brightness_0_90,0,angry,0.3686355650424957,False
EmoAR,857,6,neutral,brightness_1_10,0,angry,0.3558606207370758,False
EmoAR,857,6,neutral,contrast_0_90,0,angry,0.422580748796463,False
EmoAR,857,6,neutral,contrast_1_10,0,angry,0.3458108603954315,False
EmoAR,867,2,fear,original,2,fear,0.7606244683265686,True
EmoAR,867,2,fear,rotation_minus_5,2,fear,0.4912751019001007,True
EmoAR,867,2,fear,rotation_plus_5,3,happy,0.8178949356079102,False
EmoAR,867,2,fear,translate_minus_2,2,fear,0.9158908128738403,True
EmoAR,867,2,fear,translate_plus_2,2,fear,0.8741483092308044,True
EmoAR,867,2,fear,brightness_0_90,2,fear,0.8035228848457336,True
EmoAR,867,2,fear,brightness_1_10,2,fear,0.6617614030838013,True
EmoAR,867,2,fear,contrast_0_90,2,fear,0.689324140548706,True
EmoAR,867,2,fear,contrast_1_10,2,fear,0.8003643155097961,True
EmoAR,875,5,surprise,original,2,fear,0.960715651512146,False
EmoAR,875,5,surprise,rotation_minus_5,2,fear,0.9303380846977234,False
EmoAR,875,5,surprise,rotation_plus_5,2,fear,0.8190184235572815,False
EmoAR,875,5,surprise,translate_minus_2,2,fear,0.9685774445533752,False
EmoAR,875,5,surprise,translate_plus_2,2,fear,0.9659169316291809,False
EmoAR,875,5,surprise,brightness_0_90,2,fear,0.9428126811981201,False
EmoAR,875,5,surprise,brightness_1_10,2,fear,0.9736995100975037,False
EmoAR,875,5,surprise,contrast_0_90,2,fear,0.9572516679763794,False
EmoAR,875,5,surprise,contrast_1_10,2,fear,0.9588707685470581,False
EmoAR,885,2,fear,original,5,surprise,0.7024849653244019,False
EmoAR,885,2,fear,rotation_minus_5,5,surprise,0.8883765935897827,False
EmoAR,885,2,fear,rotation_plus_5,5,surprise,0.9428606033325195,False
EmoAR,885,2,fear,translate_minus_2,5,surprise,0.6524888873100281,False
EmoAR,885,2,fear,translate_plus_2,5,surprise,0.7455719113349915,False
EmoAR,885,2,fear,brightness_0_90,5,surprise,0.6747347712516785,False
EmoAR,885,2,fear,brightness_1_10,5,surprise,0.6609828472137451,False
EmoAR,885,2,fear,contrast_0_90,5,surprise,0.7126079201698303,False
EmoAR,885,2,fear,contrast_1_10,5,surprise,0.6346345543861389,False
EmoAR,892,0,angry,original,0,angry,0.7180280089378357,True
EmoAR,892,0,angry,rotation_minus_5,0,angry,0.8419997692108154,True
EmoAR,892,0,angry,rotation_plus_5,0,angry,0.6333103775978088,True
EmoAR,892,0,angry,translate_minus_2,0,angry,0.7090995907783508,True
EmoAR,892,0,angry,translate_plus_2,0,angry,0.7066285610198975,True
EmoAR,892,0,angry,brightness_0_90,0,angry,0.7370205521583557,True
EmoAR,892,0,angry,brightness_1_10,0,angry,0.6766594648361206,True
EmoAR,892,0,angry,contrast_0_90,0,angry,0.6879590749740601,True
EmoAR,892,0,angry,contrast_1_10,0,angry,0.7375347018241882,True
EmoAR,895,4,sad,original,4,sad,0.5014106035232544,True
EmoAR,895,4,sad,rotation_minus_5,4,sad,0.6074051260948181,True
EmoAR,895,4,sad,rotation_plus_5,4,sad,0.696133017539978,True
EmoAR,895,4,sad,translate_minus_2,0,angry,0.5781576037406921,False
EmoAR,895,4,sad,translate_plus_2,0,angry,0.5245076417922974,False
EmoAR,895,4,sad,brightness_0_90,0,angry,0.49156874418258667,False
EmoAR,895,4,sad,brightness_1_10,4,sad,0.6682907342910767,True
EmoAR,895,4,sad,contrast_0_90,4,sad,0.5311940908432007,True
EmoAR,895,4,sad,contrast_1_10,4,sad,0.5313335657119751,True
EmoAR,905,3,happy,original,3,happy,0.9649215340614319,True
EmoAR,905,3,happy,rotation_minus_5,3,happy,0.9874774217605591,True
EmoAR,905,3,happy,rotation_plus_5,3,happy,0.9907676577568054,True
EmoAR,905,3,happy,translate_minus_2,3,happy,0.9711058139801025,True
EmoAR,905,3,happy,translate_plus_2,3,happy,0.976931631565094,True
EmoAR,905,3,happy,brightness_0_90,3,happy,0.9714311361312866,True
EmoAR,905,3,happy,brightness_1_10,3,happy,0.9799111485481262,True
EmoAR,905,3,happy,contrast_0_90,3,happy,0.9689314961433411,True
EmoAR,905,3,happy,contrast_1_10,3,happy,0.9599522352218628,True
EmoAR,911,1,disgust,original,0,angry,0.8261692523956299,False
EmoAR,911,1,disgust,rotation_minus_5,0,angry,0.7529764175415039,False
EmoAR,911,1,disgust,rotation_plus_5,0,angry,0.7653834819793701,False
EmoAR,911,1,disgust,translate_minus_2,0,angry,0.8175083994865417,False
EmoAR,911,1,disgust,translate_plus_2,0,angry,0.8050968647003174,False
EmoAR,911,1,disgust,brightness_0_90,0,angry,0.8814049959182739,False
EmoAR,911,1,disgust,brightness_1_10,0,angry,0.7488523721694946,False
EmoAR,911,1,disgust,contrast_0_90,0,angry,0.8523635864257812,False
EmoAR,911,1,disgust,contrast_1_10,0,angry,0.7971475124359131,False
EmoAR,913,5,surprise,original,5,surprise,0.998950719833374,True
EmoAR,913,5,surprise,rotation_minus_5,5,surprise,0.9954062700271606,True
EmoAR,913,5,surprise,rotation_plus_5,5,surprise,0.9964109063148499,True
EmoAR,913,5,surprise,translate_minus_2,5,surprise,0.9993852376937866,True
EmoAR,913,5,surprise,translate_plus_2,5,surprise,0.9990371465682983,True
EmoAR,913,5,surprise,brightness_0_90,5,surprise,0.9978296160697937,True
EmoAR,913,5,surprise,brightness_1_10,5,surprise,0.9989681243896484,True
EmoAR,913,5,surprise,contrast_0_90,5,surprise,0.9980564713478088,True
EmoAR,913,5,surprise,contrast_1_10,5,surprise,0.999344527721405,True
EmoAR,934,5,surprise,original,5,surprise,0.6288992762565613,True
EmoAR,934,5,surprise,rotation_minus_5,5,surprise,0.6986732482910156,True
EmoAR,934,5,surprise,rotation_plus_5,5,surprise,0.6867063641548157,True
EmoAR,934,5,surprise,translate_minus_2,5,surprise,0.6031408309936523,True
EmoAR,934,5,surprise,translate_plus_2,5,surprise,0.7456122040748596,True
EmoAR,934,5,surprise,brightness_0_90,5,surprise,0.5389898419380188,True
EmoAR,934,5,surprise,brightness_1_10,5,surprise,0.7053486108779907,True
EmoAR,934,5,surprise,contrast_0_90,5,surprise,0.5816720724105835,True
EmoAR,934,5,surprise,contrast_1_10,5,surprise,0.6817514300346375,True
EmoAR,939,6,neutral,original,5,surprise,0.8245740532875061,False
EmoAR,939,6,neutral,rotation_minus_5,5,surprise,0.7824917435646057,False
EmoAR,939,6,neutral,rotation_plus_5,5,surprise,0.9070185422897339,False
EmoAR,939,6,neutral,translate_minus_2,5,surprise,0.5510191917419434,False
EmoAR,939,6,neutral,translate_plus_2,5,surprise,0.677226185798645,False
EmoAR,939,6,neutral,brightness_0_90,5,surprise,0.7945879697799683,False
EmoAR,939,6,neutral,brightness_1_10,5,surprise,0.8181513547897339,False
EmoAR,939,6,neutral,contrast_0_90,5,surprise,0.8785643577575684,False
EmoAR,939,6,neutral,contrast_1_10,5,surprise,0.7422949075698853,False
EmoAR,955,2,fear,original,2,fear,0.6701514720916748,True
EmoAR,955,2,fear,rotation_minus_5,2,fear,0.9074628353118896,True
EmoAR,955,2,fear,rotation_plus_5,2,fear,0.6595090627670288,True
EmoAR,955,2,fear,translate_minus_2,2,fear,0.7748134732246399,True
EmoAR,955,2,fear,translate_plus_2,2,fear,0.7774659991264343,True
EmoAR,955,2,fear,brightness_0_90,2,fear,0.6354008913040161,True
EmoAR,955,2,fear,brightness_1_10,2,fear,0.6941545009613037,True
EmoAR,955,2,fear,contrast_0_90,2,fear,0.5796979069709778,True
EmoAR,955,2,fear,contrast_1_10,2,fear,0.7287961840629578,True
EmoAR,986,1,disgust,original,2,fear,0.48657360672950745,False
EmoAR,986,1,disgust,rotation_minus_5,2,fear,0.6638447642326355,False
EmoAR,986,1,disgust,rotation_plus_5,1,disgust,0.39989349246025085,True
EmoAR,986,1,disgust,translate_minus_2,2,fear,0.47135621309280396,False
EmoAR,986,1,disgust,translate_plus_2,2,fear,0.534661054611206,False
EmoAR,986,1,disgust,brightness_0_90,1,disgust,0.5126417875289917,True
EmoAR,986,1,disgust,brightness_1_10,2,fear,0.631528913974762,False
EmoAR,986,1,disgust,contrast_0_90,2,fear,0.5411785840988159,False
EmoAR,986,1,disgust,contrast_1_10,2,fear,0.4394506812095642,False
EmoAR,1006,2,fear,original,4,sad,0.596003532409668,False
EmoAR,1006,2,fear,rotation_minus_5,4,sad,0.7778900265693665,False
EmoAR,1006,2,fear,rotation_plus_5,4,sad,0.7864133715629578,False
EmoAR,1006,2,fear,translate_minus_2,4,sad,0.5503637194633484,False
EmoAR,1006,2,fear,translate_plus_2,2,fear,0.5428699851036072,True
EmoAR,1006,2,fear,brightness_0_90,4,sad,0.5940748453140259,False
EmoAR,1006,2,fear,brightness_1_10,4,sad,0.6837411522865295,False
EmoAR,1006,2,fear,contrast_0_90,4,sad,0.6264187097549438,False
EmoAR,1006,2,fear,contrast_1_10,4,sad,0.5629758834838867,False
EmoAR,1007,6,neutral,original,0,angry,0.5157593488693237,False
EmoAR,1007,6,neutral,rotation_minus_5,0,angry,0.6113612055778503,False
EmoAR,1007,6,neutral,rotation_plus_5,0,angry,0.5080661773681641,False
EmoAR,1007,6,neutral,translate_minus_2,0,angry,0.544058620929718,False
EmoAR,1007,6,neutral,translate_plus_2,0,angry,0.5463647246360779,False
EmoAR,1007,6,neutral,brightness_0_90,0,angry,0.6402772068977356,False
EmoAR,1007,6,neutral,brightness_1_10,0,angry,0.40083709359169006,False
EmoAR,1007,6,neutral,contrast_0_90,0,angry,0.48651570081710815,False
EmoAR,1007,6,neutral,contrast_1_10,0,angry,0.5376019477844238,False
EmoAR,1008,5,surprise,original,5,surprise,0.7700232863426208,True
EmoAR,1008,5,surprise,rotation_minus_5,3,happy,0.5542855262756348,False
EmoAR,1008,5,surprise,rotation_plus_5,5,surprise,0.4963527023792267,True
EmoAR,1008,5,surprise,translate_minus_2,5,surprise,0.5924104452133179,True
EmoAR,1008,5,surprise,translate_plus_2,5,surprise,0.712454617023468,True
EmoAR,1008,5,surprise,brightness_0_90,5,surprise,0.673471987247467,True
EmoAR,1008,5,surprise,brightness_1_10,5,surprise,0.8060454726219177,True
EmoAR,1008,5,surprise,contrast_0_90,5,surprise,0.7497057318687439,True
EmoAR,1008,5,surprise,contrast_1_10,5,surprise,0.7499556541442871,True
EmoAR,1010,0,angry,original,3,happy,0.7819852828979492,False
EmoAR,1010,0,angry,rotation_minus_5,3,happy,0.6358451843261719,False
EmoAR,1010,0,angry,rotation_plus_5,3,happy,0.6514409780502319,False
EmoAR,1010,0,angry,translate_minus_2,3,happy,0.7772057056427002,False
EmoAR,1010,0,angry,translate_plus_2,3,happy,0.8196845054626465,False
EmoAR,1010,0,angry,brightness_0_90,3,happy,0.8499441742897034,False
EmoAR,1010,0,angry,brightness_1_10,3,happy,0.6032524704933167,False
EmoAR,1010,0,angry,contrast_0_90,3,happy,0.809431791305542,False
EmoAR,1010,0,angry,contrast_1_10,3,happy,0.6945670247077942,False
EmoAR,1035,2,fear,original,6,neutral,0.3438556492328644,False
EmoAR,1035,2,fear,rotation_minus_5,6,neutral,0.5011405944824219,False
EmoAR,1035,2,fear,rotation_plus_5,6,neutral,0.6258403062820435,False
EmoAR,1035,2,fear,translate_minus_2,6,neutral,0.41070279479026794,False
EmoAR,1035,2,fear,translate_plus_2,2,fear,0.3420722484588623,True
EmoAR,1035,2,fear,brightness_0_90,6,neutral,0.5891133546829224,False
EmoAR,1035,2,fear,brightness_1_10,2,fear,0.48504990339279175,True
EmoAR,1035,2,fear,contrast_0_90,6,neutral,0.5386277437210083,False
EmoAR,1035,2,fear,contrast_1_10,2,fear,0.4291227459907532,True
EmoAR,1037,5,surprise,original,5,surprise,0.5864545106887817,True
EmoAR,1037,5,surprise,rotation_minus_5,3,happy,0.6437436938285828,False
EmoAR,1037,5,surprise,rotation_plus_5,3,happy,0.7981035113334656,False
EmoAR,1037,5,surprise,translate_minus_2,3,happy,0.5286829471588135,False
EmoAR,1037,5,surprise,translate_plus_2,3,happy,0.5039254426956177,False
EmoAR,1037,5,surprise,brightness_0_90,5,surprise,0.5403587222099304,True
EmoAR,1037,5,surprise,brightness_1_10,5,surprise,0.5355092883110046,True
EmoAR,1037,5,surprise,contrast_0_90,5,surprise,0.5586159825325012,True
EmoAR,1037,5,surprise,contrast_1_10,5,surprise,0.6139262914657593,True
EmoAR,1038,6,neutral,original,6,neutral,0.6473748087882996,True
EmoAR,1038,6,neutral,rotation_minus_5,5,surprise,0.35371071100234985,False
EmoAR,1038,6,neutral,rotation_plus_5,5,surprise,0.3435395359992981,False
EmoAR,1038,6,neutral,translate_minus_2,6,neutral,0.7229685187339783,True
EmoAR,1038,6,neutral,translate_plus_2,6,neutral,0.7068285942077637,True
EmoAR,1038,6,neutral,brightness_0_90,6,neutral,0.6533070802688599,True
EmoAR,1038,6,neutral,brightness_1_10,6,neutral,0.6665147542953491,True
EmoAR,1038,6,neutral,contrast_0_90,6,neutral,0.5614574551582336,True
EmoAR,1038,6,neutral,contrast_1_10,6,neutral,0.750558614730835,True
EmoAR,1050,2,fear,original,2,fear,0.9739421010017395,True
EmoAR,1050,2,fear,rotation_minus_5,2,fear,0.9673347473144531,True
EmoAR,1050,2,fear,rotation_plus_5,2,fear,0.912983775138855,True
EmoAR,1050,2,fear,translate_minus_2,2,fear,0.9815550446510315,True
EmoAR,1050,2,fear,translate_plus_2,2,fear,0.9716730713844299,True
EmoAR,1050,2,fear,brightness_0_90,2,fear,0.9737120270729065,True
EmoAR,1050,2,fear,brightness_1_10,2,fear,0.9725512862205505,True
EmoAR,1050,2,fear,contrast_0_90,2,fear,0.9688433408737183,True
EmoAR,1050,2,fear,contrast_1_10,2,fear,0.9761995673179626,True
EmoAR,1051,4,sad,original,4,sad,0.5520015954971313,True
EmoAR,1051,4,sad,rotation_minus_5,4,sad,0.5771324634552002,True
EmoAR,1051,4,sad,rotation_plus_5,4,sad,0.4303387999534607,True
EmoAR,1051,4,sad,translate_minus_2,4,sad,0.6073545813560486,True
EmoAR,1051,4,sad,translate_plus_2,4,sad,0.4896937608718872,True
EmoAR,1051,4,sad,brightness_0_90,4,sad,0.5297736525535583,True
EmoAR,1051,4,sad,brightness_1_10,4,sad,0.5792284607887268,True
EmoAR,1051,4,sad,contrast_0_90,4,sad,0.49321815371513367,True
EmoAR,1051,4,sad,contrast_1_10,4,sad,0.5980769991874695,True
EmoAR,1061,2,fear,original,2,fear,0.9252210259437561,True
EmoAR,1061,2,fear,rotation_minus_5,2,fear,0.8656949400901794,True
EmoAR,1061,2,fear,rotation_plus_5,2,fear,0.8674455881118774,True
EmoAR,1061,2,fear,translate_minus_2,2,fear,0.883756160736084,True
EmoAR,1061,2,fear,translate_plus_2,2,fear,0.9350829720497131,True
EmoAR,1061,2,fear,brightness_0_90,2,fear,0.9115995168685913,True
EmoAR,1061,2,fear,brightness_1_10,2,fear,0.9374619126319885,True
EmoAR,1061,2,fear,contrast_0_90,2,fear,0.9197010397911072,True
EmoAR,1061,2,fear,contrast_1_10,2,fear,0.9231695532798767,True
EmoAR,1064,1,disgust,original,3,happy,0.7829545736312866,False
EmoAR,1064,1,disgust,rotation_minus_5,3,happy,0.6034673452377319,False
EmoAR,1064,1,disgust,rotation_plus_5,3,happy,0.6158915758132935,False
EmoAR,1064,1,disgust,translate_minus_2,3,happy,0.8515655398368835,False
EmoAR,1064,1,disgust,translate_plus_2,3,happy,0.7905297875404358,False
EmoAR,1064,1,disgust,brightness_0_90,3,happy,0.8129545450210571,False
EmoAR,1064,1,disgust,brightness_1_10,3,happy,0.7483806014060974,False
EmoAR,1064,1,disgust,contrast_0_90,3,happy,0.7605357766151428,False
EmoAR,1064,1,disgust,contrast_1_10,3,happy,0.8118526339530945,False
EmoAR,1075,4,sad,original,4,sad,0.8248052000999451,True
EmoAR,1075,4,sad,rotation_minus_5,4,sad,0.5348925590515137,True
EmoAR,1075,4,sad,rotation_plus_5,4,sad,0.7471439242362976,True
EmoAR,1075,4,sad,translate_minus_2,4,sad,0.9065344929695129,True
EmoAR,1075,4,sad,translate_plus_2,4,sad,0.8346640467643738,True
EmoAR,1075,4,sad,brightness_0_90,4,sad,0.6594076156616211,True
EmoAR,1075,4,sad,brightness_1_10,4,sad,0.8798568248748779,True
EmoAR,1075,4,sad,contrast_0_90,4,sad,0.8120241165161133,True
EmoAR,1075,4,sad,contrast_1_10,4,sad,0.812188982963562,True
EmoAR,1079,6,neutral,original,6,neutral,0.9619554877281189,True
EmoAR,1079,6,neutral,rotation_minus_5,6,neutral,0.9166829586029053,True
EmoAR,1079,6,neutral,rotation_plus_5,6,neutral,0.9323185682296753,True
EmoAR,1079,6,neutral,translate_minus_2,6,neutral,0.9510461091995239,True
EmoAR,1079,6,neutral,translate_plus_2,6,neutral,0.9506646394729614,True
EmoAR,1079,6,neutral,brightness_0_90,6,neutral,0.9523484706878662,True
EmoAR,1079,6,neutral,brightness_1_10,6,neutral,0.9653465747833252,True
EmoAR,1079,6,neutral,contrast_0_90,6,neutral,0.9563990831375122,True
EmoAR,1079,6,neutral,contrast_1_10,6,neutral,0.9623217582702637,True
EmoAR,1081,0,angry,original,2,fear,0.4357723295688629,False
EmoAR,1081,0,angry,rotation_minus_5,2,fear,0.5336791276931763,False
EmoAR,1081,0,angry,rotation_plus_5,2,fear,0.49969708919525146,False
EmoAR,1081,0,angry,translate_minus_2,2,fear,0.44995972514152527,False
EmoAR,1081,0,angry,translate_plus_2,2,fear,0.5389271974563599,False
EmoAR,1081,0,angry,brightness_0_90,4,sad,0.4562983512878418,False
EmoAR,1081,0,angry,brightness_1_10,2,fear,0.5039445757865906,False
EmoAR,1081,0,angry,contrast_0_90,2,fear,0.4563691020011902,False
EmoAR,1081,0,angry,contrast_1_10,4,sad,0.42448633909225464,False
EmoAR,1082,3,happy,original,5,surprise,0.7480508089065552,False
EmoAR,1082,3,happy,rotation_minus_5,5,surprise,0.7154181599617004,False
EmoAR,1082,3,happy,rotation_plus_5,5,surprise,0.6392701864242554,False
EmoAR,1082,3,happy,translate_minus_2,5,surprise,0.7031967639923096,False
EmoAR,1082,3,happy,translate_plus_2,5,surprise,0.7886788249015808,False
EmoAR,1082,3,happy,brightness_0_90,5,surprise,0.8067017197608948,False
EmoAR,1082,3,happy,brightness_1_10,5,surprise,0.544497013092041,False
EmoAR,1082,3,happy,contrast_0_90,5,surprise,0.7714664340019226,False
EmoAR,1082,3,happy,contrast_1_10,5,surprise,0.6993993520736694,False
EmoAR,1084,4,sad,original,4,sad,0.7624812722206116,True
EmoAR,1084,4,sad,rotation_minus_5,4,sad,0.7100556492805481,True
EmoAR,1084,4,sad,rotation_plus_5,4,sad,0.5269327759742737,True
EmoAR,1084,4,sad,translate_minus_2,4,sad,0.6945488452911377,True
EmoAR,1084,4,sad,translate_plus_2,4,sad,0.7328782677650452,True
EmoAR,1084,4,sad,brightness_0_90,4,sad,0.8046533465385437,True
EmoAR,1084,4,sad,brightness_1_10,4,sad,0.7056307196617126,True
EmoAR,1084,4,sad,contrast_0_90,4,sad,0.7546395659446716,True
EmoAR,1084,4,sad,contrast_1_10,4,sad,0.6930428147315979,True
EmoAR,1089,1,disgust,original,1,disgust,0.72602778673172,True
EmoAR,1089,1,disgust,rotation_minus_5,1,disgust,0.6508346796035767,True
EmoAR,1089,1,disgust,rotation_plus_5,1,disgust,0.8750939965248108,True
EmoAR,1089,1,disgust,translate_minus_2,1,disgust,0.852481484413147,True
EmoAR,1089,1,disgust,translate_plus_2,1,disgust,0.7702682614326477,True
EmoAR,1089,1,disgust,brightness_0_90,1,disgust,0.6516600251197815,True
EmoAR,1089,1,disgust,brightness_1_10,1,disgust,0.8404045104980469,True
EmoAR,1089,1,disgust,contrast_0_90,1,disgust,0.6569471955299377,True
EmoAR,1089,1,disgust,contrast_1_10,1,disgust,0.8019894957542419,True
EmoAR,1110,2,fear,original,2,fear,0.4615808427333832,True
EmoAR,1110,2,fear,rotation_minus_5,2,fear,0.5948689579963684,True
EmoAR,1110,2,fear,rotation_plus_5,4,sad,0.47459670901298523,False
EmoAR,1110,2,fear,translate_minus_2,4,sad,0.4619528353214264,False
EmoAR,1110,2,fear,translate_plus_2,4,sad,0.4373071789741516,False
EmoAR,1110,2,fear,brightness_0_90,2,fear,0.5058717727661133,True
EmoAR,1110,2,fear,brightness_1_10,4,sad,0.49203717708587646,False
EmoAR,1110,2,fear,contrast_0_90,4,sad,0.5006418824195862,False
EmoAR,1110,2,fear,contrast_1_10,2,fear,0.4532327651977539,True
EmoAR,1150,0,angry,original,0,angry,0.9856144785881042,True
EmoAR,1150,0,angry,rotation_minus_5,0,angry,0.9434815049171448,True
EmoAR,1150,0,angry,rotation_plus_5,0,angry,0.9463803172111511,True
EmoAR,1150,0,angry,translate_minus_2,0,angry,0.9808541536331177,True
EmoAR,1150,0,angry,translate_plus_2,0,angry,0.9840289950370789,True
EmoAR,1150,0,angry,brightness_0_90,0,angry,0.977080225944519,True
EmoAR,1150,0,angry,brightness_1_10,0,angry,0.9844930171966553,True
EmoAR,1150,0,angry,contrast_0_90,0,angry,0.975088357925415,True
EmoAR,1150,0,angry,contrast_1_10,0,angry,0.9898636937141418,True
EmoAR,1151,2,fear,original,0,angry,0.6770009398460388,False
EmoAR,1151,2,fear,rotation_minus_5,0,angry,0.912765622138977,False
EmoAR,1151,2,fear,rotation_plus_5,0,angry,0.7180628776550293,False
EmoAR,1151,2,fear,translate_minus_2,0,angry,0.7370649576187134,False
EmoAR,1151,2,fear,translate_plus_2,0,angry,0.7737324237823486,False
EmoAR,1151,2,fear,brightness_0_90,0,angry,0.7586070895195007,False
EmoAR,1151,2,fear,brightness_1_10,0,angry,0.5621757507324219,False
EmoAR,1151,2,fear,contrast_0_90,0,angry,0.6867867112159729,False
EmoAR,1151,2,fear,contrast_1_10,0,angry,0.6713348627090454,False
EmoAR,1202,5,surprise,original,5,surprise,0.9985176920890808,True
EmoAR,1202,5,surprise,rotation_minus_5,5,surprise,0.9891352653503418,True
EmoAR,1202,5,surprise,rotation_plus_5,5,surprise,0.9910405278205872,True
EmoAR,1202,5,surprise,translate_minus_2,5,surprise,0.998715877532959,True
EmoAR,1202,5,surprise,translate_plus_2,5,surprise,0.9984878301620483,True
EmoAR,1202,5,surprise,brightness_0_90,5,surprise,0.9984099864959717,True
EmoAR,1202,5,surprise,brightness_1_10,5,surprise,0.9986758828163147,True
EmoAR,1202,5,surprise,contrast_0_90,5,surprise,0.9982049465179443,True
EmoAR,1202,5,surprise,contrast_1_10,5,surprise,0.9986489415168762,True
EmoAR,1211,0,angry,original,0,angry,0.4405313730239868,True
EmoAR,1211,0,angry,rotation_minus_5,0,angry,0.4025035798549652,True
EmoAR,1211,0,angry,rotation_plus_5,0,angry,0.45929670333862305,True
EmoAR,1211,0,angry,translate_minus_2,3,happy,0.48652830719947815,False
EmoAR,1211,0,angry,translate_plus_2,3,happy,0.36180025339126587,False
EmoAR,1211,0,angry,brightness_0_90,3,happy,0.41747838258743286,False
EmoAR,1211,0,angry,brightness_1_10,0,angry,0.499550998210907,True
EmoAR,1211,0,angry,contrast_0_90,0,angry,0.38570013642311096,True
EmoAR,1211,0,angry,contrast_1_10,0,angry,0.4892520010471344,True
EmoAR,1214,4,sad,original,4,sad,0.8124167323112488,True
EmoAR,1214,4,sad,rotation_minus_5,4,sad,0.8631985187530518,True
EmoAR,1214,4,sad,rotation_plus_5,4,sad,0.7526773810386658,True
EmoAR,1214,4,sad,translate_minus_2,4,sad,0.8062606453895569,True
EmoAR,1214,4,sad,translate_plus_2,4,sad,0.6987128853797913,True
EmoAR,1214,4,sad,brightness_0_90,4,sad,0.7438507676124573,True
EmoAR,1214,4,sad,brightness_1_10,4,sad,0.8326227068901062,True
EmoAR,1214,4,sad,contrast_0_90,4,sad,0.711026668548584,True
EmoAR,1214,4,sad,contrast_1_10,4,sad,0.7856655120849609,True
EmoAR,1219,4,sad,original,4,sad,0.5442690849304199,True
EmoAR,1219,4,sad,rotation_minus_5,2,fear,0.5704482197761536,False
EmoAR,1219,4,sad,rotation_plus_5,2,fear,0.5234466195106506,False
EmoAR,1219,4,sad,translate_minus_2,4,sad,0.5492920279502869,True
EmoAR,1219,4,sad,translate_plus_2,4,sad,0.459284245967865,True
EmoAR,1219,4,sad,brightness_0_90,4,sad,0.40577980875968933,True
EmoAR,1219,4,sad,brightness_1_10,4,sad,0.6302429437637329,True
EmoAR,1219,4,sad,contrast_0_90,4,sad,0.45790210366249084,True
EmoAR,1219,4,sad,contrast_1_10,4,sad,0.5936138033866882,True
EmoAR,1245,1,disgust,original,2,fear,0.6542457342147827,False
EmoAR,1245,1,disgust,rotation_minus_5,2,fear,0.7266143560409546,False
EmoAR,1245,1,disgust,rotation_plus_5,2,fear,0.8521761298179626,False
EmoAR,1245,1,disgust,translate_minus_2,2,fear,0.7134946584701538,False
EmoAR,1245,1,disgust,translate_plus_2,2,fear,0.6176332831382751,False
EmoAR,1245,1,disgust,brightness_0_90,2,fear,0.5793525576591492,False
EmoAR,1245,1,disgust,brightness_1_10,2,fear,0.7149443626403809,False
EmoAR,1245,1,disgust,contrast_0_90,2,fear,0.648083508014679,False
EmoAR,1245,1,disgust,contrast_1_10,2,fear,0.5992069840431213,False
EmoAR,1263,1,disgust,original,1,disgust,0.9855120778083801,True
EmoAR,1263,1,disgust,rotation_minus_5,1,disgust,0.9810036420822144,True
EmoAR,1263,1,disgust,rotation_plus_5,1,disgust,0.9724900722503662,True
EmoAR,1263,1,disgust,translate_minus_2,1,disgust,0.9853869676589966,True
EmoAR,1263,1,disgust,translate_plus_2,1,disgust,0.9874570965766907,True
EmoAR,1263,1,disgust,brightness_0_90,1,disgust,0.9833130240440369,True
EmoAR,1263,1,disgust,brightness_1_10,1,disgust,0.9737914800643921,True
EmoAR,1263,1,disgust,contrast_0_90,1,disgust,0.9846109747886658,True
EmoAR,1263,1,disgust,contrast_1_10,1,disgust,0.9826532602310181,True
EmoAR,1277,4,sad,original,4,sad,0.904941737651825,True
EmoAR,1277,4,sad,rotation_minus_5,4,sad,0.8688694834709167,True
EmoAR,1277,4,sad,rotation_plus_5,4,sad,0.8894792199134827,True
EmoAR,1277,4,sad,translate_minus_2,4,sad,0.9149792194366455,True
EmoAR,1277,4,sad,translate_plus_2,4,sad,0.9222177863121033,True
EmoAR,1277,4,sad,brightness_0_90,4,sad,0.896809995174408,True
EmoAR,1277,4,sad,brightness_1_10,4,sad,0.9106598496437073,True
EmoAR,1277,4,sad,contrast_0_90,4,sad,0.8964627385139465,True
EmoAR,1277,4,sad,contrast_1_10,4,sad,0.9112439155578613,True
EmoAR,1290,0,angry,original,0,angry,0.4393201470375061,True
EmoAR,1290,0,angry,rotation_minus_5,0,angry,0.4441065490245819,True
EmoAR,1290,0,angry,rotation_plus_5,4,sad,0.3224045932292938,False
EmoAR,1290,0,angry,translate_minus_2,0,angry,0.48148036003112793,True
EmoAR,1290,0,angry,translate_plus_2,0,angry,0.35051584243774414,True
EmoAR,1290,0,angry,brightness_0_90,0,angry,0.34267035126686096,True
EmoAR,1290,0,angry,brightness_1_10,0,angry,0.5413776636123657,True
EmoAR,1290,0,angry,contrast_0_90,0,angry,0.42672738432884216,True
EmoAR,1290,0,angry,contrast_1_10,0,angry,0.48673978447914124,True
EmoAR,1292,6,neutral,original,5,surprise,0.6539172530174255,False
EmoAR,1292,6,neutral,rotation_minus_5,5,surprise,0.5108353495597839,False
EmoAR,1292,6,neutral,rotation_plus_5,3,happy,0.649133026599884,False
EmoAR,1292,6,neutral,translate_minus_2,5,surprise,0.7841526865959167,False
EmoAR,1292,6,neutral,translate_plus_2,5,surprise,0.7325400114059448,False
EmoAR,1292,6,neutral,brightness_0_90,5,surprise,0.31059882044792175,False
EmoAR,1292,6,neutral,brightness_1_10,5,surprise,0.8573923707008362,False
EmoAR,1292,6,neutral,contrast_0_90,5,surprise,0.5765810012817383,False
EmoAR,1292,6,neutral,contrast_1_10,5,surprise,0.7734795808792114,False
EmoAR,1298,5,surprise,original,5,surprise,0.9927956461906433,True
EmoAR,1298,5,surprise,rotation_minus_5,5,surprise,0.9632026553153992,True
EmoAR,1298,5,surprise,rotation_plus_5,5,surprise,0.9750592112541199,True
EmoAR,1298,5,surprise,translate_minus_2,5,surprise,0.9881507158279419,True
EmoAR,1298,5,surprise,translate_plus_2,5,surprise,0.9906765222549438,True
EmoAR,1298,5,surprise,brightness_0_90,5,surprise,0.9902850985527039,True
EmoAR,1298,5,surprise,brightness_1_10,5,surprise,0.9923662543296814,True
EmoAR,1298,5,surprise,contrast_0_90,5,surprise,0.9929848313331604,True
EmoAR,1298,5,surprise,contrast_1_10,5,surprise,0.9934479594230652,True
EmoAR,1309,2,fear,original,6,neutral,0.39448368549346924,False
EmoAR,1309,2,fear,rotation_minus_5,3,happy,0.4578137695789337,False
EmoAR,1309,2,fear,rotation_plus_5,3,happy,0.4811408519744873,False
EmoAR,1309,2,fear,translate_minus_2,6,neutral,0.34433844685554504,False
EmoAR,1309,2,fear,translate_plus_2,6,neutral,0.3515840172767639,False
EmoAR,1309,2,fear,brightness_0_90,6,neutral,0.4099898636341095,False
EmoAR,1309,2,fear,brightness_1_10,6,neutral,0.2926967740058899,False
EmoAR,1309,2,fear,contrast_0_90,6,neutral,0.3693186640739441,False
EmoAR,1309,2,fear,contrast_1_10,6,neutral,0.41629886627197266,False
EmoAR,1339,6,neutral,original,4,sad,0.28410017490386963,False
EmoAR,1339,6,neutral,rotation_minus_5,6,neutral,0.3203389644622803,True
EmoAR,1339,6,neutral,rotation_plus_5,4,sad,0.3404105603694916,False
EmoAR,1339,6,neutral,translate_minus_2,6,neutral,0.3867245018482208,True
EmoAR,1339,6,neutral,translate_plus_2,4,sad,0.39596936106681824,False
EmoAR,1339,6,neutral,brightness_0_90,4,sad,0.2763631343841553,False
EmoAR,1339,6,neutral,brightness_1_10,4,sad,0.3279331624507904,False
EmoAR,1339,6,neutral,contrast_0_90,6,neutral,0.26718655228614807,True
EmoAR,1339,6,neutral,contrast_1_10,4,sad,0.31586289405822754,False
EmoAR,1340,0,angry,original,0,angry,0.5542920231819153,True
EmoAR,1340,0,angry,rotation_minus_5,0,angry,0.5568468570709229,True
EmoAR,1340,0,angry,rotation_plus_5,0,angry,0.5679317712783813,True
EmoAR,1340,0,angry,translate_minus_2,0,angry,0.5016645789146423,True
EmoAR,1340,0,angry,translate_plus_2,0,angry,0.4916405975818634,True
EmoAR,1340,0,angry,brightness_0_90,0,angry,0.4997192919254303,True
EmoAR,1340,0,angry,brightness_1_10,0,angry,0.5934838056564331,True
EmoAR,1340,0,angry,contrast_0_90,0,angry,0.5419048070907593,True
EmoAR,1340,0,angry,contrast_1_10,0,angry,0.5659387111663818,True
EmoAR,1363,1,disgust,original,0,angry,0.9939777851104736,False
EmoAR,1363,1,disgust,rotation_minus_5,0,angry,0.9942899942398071,False
EmoAR,1363,1,disgust,rotation_plus_5,0,angry,0.9761540293693542,False
EmoAR,1363,1,disgust,translate_minus_2,0,angry,0.9919672608375549,False
EmoAR,1363,1,disgust,translate_plus_2,0,angry,0.9947389960289001,False
EmoAR,1363,1,disgust,brightness_0_90,0,angry,0.9926204681396484,False
EmoAR,1363,1,disgust,brightness_1_10,0,angry,0.9928411245346069,False
EmoAR,1363,1,disgust,contrast_0_90,0,angry,0.990000307559967,False
EmoAR,1363,1,disgust,contrast_1_10,0,angry,0.9966268539428711,False
EmoAR,1366,0,angry,original,4,sad,0.44952520728111267,False
EmoAR,1366,0,angry,rotation_minus_5,2,fear,0.43997010588645935,False
EmoAR,1366,0,angry,rotation_plus_5,4,sad,0.4484856426715851,False
EmoAR,1366,0,angry,translate_minus_2,4,sad,0.44085294008255005,False
EmoAR,1366,0,angry,translate_plus_2,4,sad,0.43702176213264465,False
EmoAR,1366,0,angry,brightness_0_90,4,sad,0.34378576278686523,False
EmoAR,1366,0,angry,brightness_1_10,4,sad,0.5597617626190186,False
EmoAR,1366,0,angry,contrast_0_90,4,sad,0.39959341287612915,False
EmoAR,1366,0,angry,contrast_1_10,4,sad,0.5091413259506226,False
EmoAR,1372,1,disgust,original,1,disgust,0.6536057591438293,True
EmoAR,1372,1,disgust,rotation_minus_5,0,angry,0.5685288310050964,False
EmoAR,1372,1,disgust,rotation_plus_5,0,angry,0.48030534386634827,False
EmoAR,1372,1,disgust,translate_minus_2,1,disgust,0.8136438727378845,True
EmoAR,1372,1,disgust,translate_plus_2,1,disgust,0.7951328158378601,True
EmoAR,1372,1,disgust,brightness_0_90,1,disgust,0.6532666087150574,True
EmoAR,1372,1,disgust,brightness_1_10,1,disgust,0.6122117638587952,True
EmoAR,1372,1,disgust,contrast_0_90,1,disgust,0.6485890746116638,True
EmoAR,1372,1,disgust,contrast_1_10,1,disgust,0.6256024837493896,True
EmoAR,1380,5,surprise,original,5,surprise,0.9663160443305969,True
EmoAR,1380,5,surprise,rotation_minus_5,5,surprise,0.9805483818054199,True
EmoAR,1380,5,surprise,rotation_plus_5,5,surprise,0.9458575248718262,True
EmoAR,1380,5,surprise,translate_minus_2,5,surprise,0.9651051163673401,True
EmoAR,1380,5,surprise,translate_plus_2,5,surprise,0.9596419930458069,True
EmoAR,1380,5,surprise,brightness_0_90,5,surprise,0.9258925914764404,True
EmoAR,1380,5,surprise,brightness_1_10,5,surprise,0.987074613571167,True
EmoAR,1380,5,surprise,contrast_0_90,5,surprise,0.9527187943458557,True
EmoAR,1380,5,surprise,contrast_1_10,5,surprise,0.976514458656311,True
EmoAR,1388,4,sad,original,4,sad,0.7233743667602539,True
EmoAR,1388,4,sad,rotation_minus_5,4,sad,0.660729169845581,True
EmoAR,1388,4,sad,rotation_plus_5,4,sad,0.5819892883300781,True
EmoAR,1388,4,sad,translate_minus_2,4,sad,0.6943160891532898,True
EmoAR,1388,4,sad,translate_plus_2,4,sad,0.567268431186676,True
EmoAR,1388,4,sad,brightness_0_90,4,sad,0.7401052117347717,True
EmoAR,1388,4,sad,brightness_1_10,4,sad,0.666546642780304,True
EmoAR,1388,4,sad,contrast_0_90,4,sad,0.7308725714683533,True
EmoAR,1388,4,sad,contrast_1_10,4,sad,0.7208579182624817,True
EmoAR,1390,3,happy,original,3,happy,0.9952335953712463,True
EmoAR,1390,3,happy,rotation_minus_5,3,happy,0.9879470467567444,True
EmoAR,1390,3,happy,rotation_plus_5,3,happy,0.9976152181625366,True
EmoAR,1390,3,happy,translate_minus_2,3,happy,0.9915726184844971,True
EmoAR,1390,3,happy,translate_plus_2,3,happy,0.9947287440299988,True
EmoAR,1390,3,happy,brightness_0_90,3,happy,0.9967888593673706,True
EmoAR,1390,3,happy,brightness_1_10,3,happy,0.993427038192749,True
EmoAR,1390,3,happy,contrast_0_90,3,happy,0.9932591915130615,True
EmoAR,1390,3,happy,contrast_1_10,3,happy,0.9968264102935791,True
EmoAR,1398,2,fear,original,0,angry,0.597560703754425,False
EmoAR,1398,2,fear,rotation_minus_5,0,angry,0.7569506168365479,False
EmoAR,1398,2,fear,rotation_plus_5,0,angry,0.7663673758506775,False
EmoAR,1398,2,fear,translate_minus_2,0,angry,0.681335985660553,False
EmoAR,1398,2,fear,translate_plus_2,0,angry,0.5270513892173767,False
EmoAR,1398,2,fear,brightness_0_90,0,angry,0.6407302021980286,False
EmoAR,1398,2,fear,brightness_1_10,0,angry,0.6265838146209717,False
EmoAR,1398,2,fear,contrast_0_90,0,angry,0.6097522974014282,False
EmoAR,1398,2,fear,contrast_1_10,0,angry,0.6014919877052307,False
EmoAR,1403,2,fear,original,2,fear,0.5214948654174805,True
EmoAR,1403,2,fear,rotation_minus_5,2,fear,0.5855141878128052,True
EmoAR,1403,2,fear,rotation_plus_5,2,fear,0.364592045545578,True
EmoAR,1403,2,fear,translate_minus_2,4,sad,0.4692642390727997,False
EmoAR,1403,2,fear,translate_plus_2,2,fear,0.5113113522529602,True
EmoAR,1403,2,fear,brightness_0_90,2,fear,0.5129426717758179,True
EmoAR,1403,2,fear,brightness_1_10,2,fear,0.543016254901886,True
EmoAR,1403,2,fear,contrast_0_90,2,fear,0.5162623524665833,True
EmoAR,1403,2,fear,contrast_1_10,2,fear,0.5420331358909607,True
EmoAR,1411,2,fear,original,4,sad,0.4068984091281891,False
EmoAR,1411,2,fear,rotation_minus_5,2,fear,0.5868418216705322,True
EmoAR,1411,2,fear,rotation_plus_5,0,angry,0.4448847472667694,False
EmoAR,1411,2,fear,translate_minus_2,2,fear,0.5100793838500977,True
EmoAR,1411,2,fear,translate_plus_2,2,fear,0.39636096358299255,True
EmoAR,1411,2,fear,brightness_0_90,2,fear,0.36401432752609253,True
EmoAR,1411,2,fear,brightness_1_10,4,sad,0.4585839807987213,False
EmoAR,1411,2,fear,contrast_0_90,2,fear,0.41378211975097656,True
EmoAR,1411,2,fear,contrast_1_10,4,sad,0.4692460894584656,False
EmoAR,1417,2,fear,original,2,fear,0.5808420777320862,True
EmoAR,1417,2,fear,rotation_minus_5,2,fear,0.6003433465957642,True
EmoAR,1417,2,fear,rotation_plus_5,2,fear,0.5914268493652344,True
EmoAR,1417,2,fear,translate_minus_2,2,fear,0.5139022469520569,True
EmoAR,1417,2,fear,translate_plus_2,2,fear,0.5773866772651672,True
EmoAR,1417,2,fear,brightness_0_90,2,fear,0.5602327585220337,True
EmoAR,1417,2,fear,brightness_1_10,2,fear,0.5837801694869995,True
EmoAR,1417,2,fear,contrast_0_90,2,fear,0.587040364742279,True
EmoAR,1417,2,fear,contrast_1_10,2,fear,0.5750671625137329,True
EmoAR,1428,3,happy,original,3,happy,0.8392049670219421,True
EmoAR,1428,3,happy,rotation_minus_5,3,happy,0.71440190076828,True
EmoAR,1428,3,happy,rotation_plus_5,3,happy,0.7663868069648743,True
EmoAR,1428,3,happy,translate_minus_2,3,happy,0.7954851984977722,True
EmoAR,1428,3,happy,translate_plus_2,3,happy,0.9634072780609131,True
EmoAR,1428,3,happy,brightness_0_90,3,happy,0.637049674987793,True
EmoAR,1428,3,happy,brightness_1_10,3,happy,0.9448992013931274,True
EmoAR,1428,3,happy,contrast_0_90,3,happy,0.7584558129310608,True
EmoAR,1428,3,happy,contrast_1_10,3,happy,0.8798611760139465,True
EmoAR,1443,3,happy,original,3,happy,0.9368113875389099,True
EmoAR,1443,3,happy,rotation_minus_5,3,happy,0.42776384949684143,True
EmoAR,1443,3,happy,rotation_plus_5,4,sad,0.4599155783653259,False
EmoAR,1443,3,happy,translate_minus_2,3,happy,0.9490428566932678,True
EmoAR,1443,3,happy,translate_plus_2,3,happy,0.9606643915176392,True
EmoAR,1443,3,happy,brightness_0_90,3,happy,0.9542821049690247,True
EmoAR,1443,3,happy,brightness_1_10,3,happy,0.9278874397277832,True
EmoAR,1443,3,happy,contrast_0_90,3,happy,0.9343885779380798,True
EmoAR,1443,3,happy,contrast_1_10,3,happy,0.9310318231582642,True
EmoAR,1466,1,disgust,original,4,sad,0.6105620861053467,False
EmoAR,1466,1,disgust,rotation_minus_5,4,sad,0.8553152680397034,False
EmoAR,1466,1,disgust,rotation_plus_5,0,angry,0.47345075011253357,False
EmoAR,1466,1,disgust,translate_minus_2,4,sad,0.6122292876243591,False
EmoAR,1466,1,disgust,translate_plus_2,4,sad,0.693591296672821,False
EmoAR,1466,1,disgust,brightness_0_90,4,sad,0.6165739297866821,False
EmoAR,1466,1,disgust,brightness_1_10,4,sad,0.5449685454368591,False
EmoAR,1466,1,disgust,contrast_0_90,4,sad,0.628010630607605,False
EmoAR,1466,1,disgust,contrast_1_10,4,sad,0.5562227964401245,False
EmoAR,1468,4,sad,original,0,angry,0.7319777011871338,False
EmoAR,1468,4,sad,rotation_minus_5,0,angry,0.7583178281784058,False
EmoAR,1468,4,sad,rotation_plus_5,0,angry,0.7451830506324768,False
EmoAR,1468,4,sad,translate_minus_2,0,angry,0.6866363883018494,False
EmoAR,1468,4,sad,translate_plus_2,0,angry,0.7471961379051208,False
EmoAR,1468,4,sad,brightness_0_90,0,angry,0.7777907848358154,False
EmoAR,1468,4,sad,brightness_1_10,0,angry,0.6588643193244934,False
EmoAR,1468,4,sad,contrast_0_90,0,angry,0.7390396595001221,False
EmoAR,1468,4,sad,contrast_1_10,0,angry,0.6961345672607422,False
EmoAR,1483,6,neutral,original,6,neutral,0.7104448676109314,True
EmoAR,1483,6,neutral,rotation_minus_5,6,neutral,0.5346774458885193,True
EmoAR,1483,6,neutral,rotation_plus_5,6,neutral,0.45809364318847656,True
EmoAR,1483,6,neutral,translate_minus_2,6,neutral,0.7820497155189514,True
EmoAR,1483,6,neutral,translate_plus_2,6,neutral,0.6854116320610046,True
EmoAR,1483,6,neutral,brightness_0_90,6,neutral,0.6206125617027283,True
EmoAR,1483,6,neutral,brightness_1_10,6,neutral,0.7723151445388794,True
EmoAR,1483,6,neutral,contrast_0_90,6,neutral,0.6565536856651306,True
EmoAR,1483,6,neutral,contrast_1_10,6,neutral,0.7580813765525818,True
EmoAR,1486,1,disgust,original,1,disgust,0.84056556224823,True
EmoAR,1486,1,disgust,rotation_minus_5,1,disgust,0.5596836805343628,True
EmoAR,1486,1,disgust,rotation_plus_5,1,disgust,0.6496598720550537,True
EmoAR,1486,1,disgust,translate_minus_2,1,disgust,0.8803233504295349,True
EmoAR,1486,1,disgust,translate_plus_2,1,disgust,0.7127152681350708,True
EmoAR,1486,1,disgust,brightness_0_90,1,disgust,0.7615218162536621,True
EmoAR,1486,1,disgust,brightness_1_10,1,disgust,0.9070772528648376,True
EmoAR,1486,1,disgust,contrast_0_90,1,disgust,0.6266413927078247,True
EmoAR,1486,1,disgust,contrast_1_10,1,disgust,0.9332101345062256,True
EmoAR,1491,5,surprise,original,5,surprise,0.9727219343185425,True
EmoAR,1491,5,surprise,rotation_minus_5,5,surprise,0.9430093169212341,True
EmoAR,1491,5,surprise,rotation_plus_5,5,surprise,0.9679681062698364,True
EmoAR,1491,5,surprise,translate_minus_2,5,surprise,0.9760724902153015,True
EmoAR,1491,5,surprise,translate_plus_2,5,surprise,0.9624800086021423,True
EmoAR,1491,5,surprise,brightness_0_90,5,surprise,0.9746124148368835,True
EmoAR,1491,5,surprise,brightness_1_10,5,surprise,0.9372682571411133,True
EmoAR,1491,5,surprise,contrast_0_90,5,surprise,0.9798740744590759,True
EmoAR,1491,5,surprise,contrast_1_10,5,surprise,0.9601210951805115,True
EmoAR,1527,5,surprise,original,5,surprise,0.9428001642227173,True
EmoAR,1527,5,surprise,rotation_minus_5,5,surprise,0.9174078106880188,True
EmoAR,1527,5,surprise,rotation_plus_5,5,surprise,0.8932377099990845,True
EmoAR,1527,5,surprise,translate_minus_2,5,surprise,0.9658328294754028,True
EmoAR,1527,5,surprise,translate_plus_2,5,surprise,0.9385174512863159,True
EmoAR,1527,5,surprise,brightness_0_90,5,surprise,0.9283956289291382,True
EmoAR,1527,5,surprise,brightness_1_10,5,surprise,0.9462657570838928,True
EmoAR,1527,5,surprise,contrast_0_90,5,surprise,0.9326770901679993,True
EmoAR,1527,5,surprise,contrast_1_10,5,surprise,0.9450238347053528,True
EmoAR,1534,5,surprise,original,5,surprise,0.9951809644699097,True
EmoAR,1534,5,surprise,rotation_minus_5,5,surprise,0.9954556226730347,True
EmoAR,1534,5,surprise,rotation_plus_5,5,surprise,0.9929169416427612,True
EmoAR,1534,5,surprise,translate_minus_2,5,surprise,0.9974135756492615,True
EmoAR,1534,5,surprise,translate_plus_2,5,surprise,0.997865617275238,True
EmoAR,1534,5,surprise,brightness_0_90,5,surprise,0.9918000102043152,True
EmoAR,1534,5,surprise,brightness_1_10,5,surprise,0.9969035983085632,True
EmoAR,1534,5,surprise,contrast_0_90,5,surprise,0.9909537434577942,True
EmoAR,1534,5,surprise,contrast_1_10,5,surprise,0.9970856308937073,True
EmoAR,1544,3,happy,original,3,happy,0.9058111310005188,True
EmoAR,1544,3,happy,rotation_minus_5,3,happy,0.9712140560150146,True
EmoAR,1544,3,happy,rotation_plus_5,3,happy,0.9507834315299988,True
EmoAR,1544,3,happy,translate_minus_2,3,happy,0.9078267812728882,True
EmoAR,1544,3,happy,translate_plus_2,3,happy,0.9217769503593445,True
EmoAR,1544,3,happy,brightness_0_90,3,happy,0.9153687953948975,True
EmoAR,1544,3,happy,brightness_1_10,3,happy,0.9136014580726624,True
EmoAR,1544,3,happy,contrast_0_90,3,happy,0.9223421812057495,True
EmoAR,1544,3,happy,contrast_1_10,3,happy,0.8886342644691467,True
EmoAR,1549,1,disgust,original,1,disgust,0.9532182216644287,True
EmoAR,1549,1,disgust,rotation_minus_5,1,disgust,0.762800395488739,True
EmoAR,1549,1,disgust,rotation_plus_5,0,angry,0.5182364583015442,False
EmoAR,1549,1,disgust,translate_minus_2,1,disgust,0.9383636713027954,True
EmoAR,1549,1,disgust,translate_plus_2,1,disgust,0.9294251799583435,True
EmoAR,1549,1,disgust,brightness_0_90,1,disgust,0.9308738708496094,True
EmoAR,1549,1,disgust,brightness_1_10,1,disgust,0.9594431519508362,True
EmoAR,1549,1,disgust,contrast_0_90,1,disgust,0.9227815866470337,True
EmoAR,1549,1,disgust,contrast_1_10,1,disgust,0.9732977747917175,True
EmoAR,1576,3,happy,original,3,happy,0.9931167364120483,True
EmoAR,1576,3,happy,rotation_minus_5,3,happy,0.9959341287612915,True
EmoAR,1576,3,happy,rotation_plus_5,3,happy,0.9936438798904419,True
EmoAR,1576,3,happy,translate_minus_2,3,happy,0.992711067199707,True
EmoAR,1576,3,happy,translate_plus_2,3,happy,0.9943481087684631,True
EmoAR,1576,3,happy,brightness_0_90,3,happy,0.9949008226394653,True
EmoAR,1576,3,happy,brightness_1_10,3,happy,0.9914644360542297,True
EmoAR,1576,3,happy,contrast_0_90,3,happy,0.9962705373764038,True
EmoAR,1576,3,happy,contrast_1_10,3,happy,0.99069744348526,True
EmoAR,1589,2,fear,original,4,sad,0.6542093753814697,False
EmoAR,1589,2,fear,rotation_minus_5,4,sad,0.5444441437721252,False
EmoAR,1589,2,fear,rotation_plus_5,4,sad,0.4774567782878876,False
EmoAR,1589,2,fear,translate_minus_2,4,sad,0.582521378993988,False
EmoAR,1589,2,fear,translate_plus_2,4,sad,0.530119001865387,False
EmoAR,1589,2,fear,brightness_0_90,4,sad,0.5493168234825134,False
EmoAR,1589,2,fear,brightness_1_10,4,sad,0.6593788862228394,False
EmoAR,1589,2,fear,contrast_0_90,4,sad,0.6234992742538452,False
EmoAR,1589,2,fear,contrast_1_10,4,sad,0.6930556893348694,False
EmoAR,1592,0,angry,original,0,angry,0.6389464139938354,True
EmoAR,1592,0,angry,rotation_minus_5,0,angry,0.6362538933753967,True
EmoAR,1592,0,angry,rotation_plus_5,0,angry,0.7006560564041138,True
EmoAR,1592,0,angry,translate_minus_2,0,angry,0.6155779361724854,True
EmoAR,1592,0,angry,translate_plus_2,0,angry,0.7191765308380127,True
EmoAR,1592,0,angry,brightness_0_90,0,angry,0.6469143033027649,True
EmoAR,1592,0,angry,brightness_1_10,0,angry,0.6085143089294434,True
EmoAR,1592,0,angry,contrast_0_90,0,angry,0.6277870535850525,True
EmoAR,1592,0,angry,contrast_1_10,0,angry,0.6556212902069092,True
EmoAR,1595,4,sad,original,6,neutral,0.524523913860321,False
EmoAR,1595,4,sad,rotation_minus_5,4,sad,0.4236966073513031,True
EmoAR,1595,4,sad,rotation_plus_5,4,sad,0.3609195649623871,True
EmoAR,1595,4,sad,translate_minus_2,6,neutral,0.46283772587776184,False
EmoAR,1595,4,sad,translate_plus_2,6,neutral,0.469706267118454,False
EmoAR,1595,4,sad,brightness_0_90,6,neutral,0.534117579460144,False
EmoAR,1595,4,sad,brightness_1_10,6,neutral,0.5135940909385681,False
EmoAR,1595,4,sad,contrast_0_90,6,neutral,0.5501025319099426,False
EmoAR,1595,4,sad,contrast_1_10,6,neutral,0.48607656359672546,False
EmoAR,1599,0,angry,original,0,angry,0.969999372959137,True
EmoAR,1599,0,angry,rotation_minus_5,0,angry,0.9803614616394043,True
EmoAR,1599,0,angry,rotation_plus_5,0,angry,0.9616007804870605,True
EmoAR,1599,0,angry,translate_minus_2,0,angry,0.9704151153564453,True
EmoAR,1599,0,angry,translate_plus_2,0,angry,0.9683210849761963,True
EmoAR,1599,0,angry,brightness_0_90,0,angry,0.9709573984146118,True
EmoAR,1599,0,angry,brightness_1_10,0,angry,0.9617314338684082,True
EmoAR,1599,0,angry,contrast_0_90,0,angry,0.9696924686431885,True
EmoAR,1599,0,angry,contrast_1_10,0,angry,0.9689880609512329,True
EmoAR,1602,6,neutral,original,4,sad,0.4478902518749237,False
EmoAR,1602,6,neutral,rotation_minus_5,4,sad,0.5755258798599243,False
EmoAR,1602,6,neutral,rotation_plus_5,4,sad,0.44691920280456543,False
EmoAR,1602,6,neutral,translate_minus_2,4,sad,0.5025321245193481,False
EmoAR,1602,6,neutral,translate_plus_2,4,sad,0.5874127149581909,False
EmoAR,1602,6,neutral,brightness_0_90,6,neutral,0.4301334023475647,True
EmoAR,1602,6,neutral,brightness_1_10,4,sad,0.47803249955177307,False
EmoAR,1602,6,neutral,contrast_0_90,4,sad,0.4085100591182709,False
EmoAR,1602,6,neutral,contrast_1_10,4,sad,0.4646846354007721,False
EmoAR,1661,6,neutral,original,4,sad,0.390974760055542,False
EmoAR,1661,6,neutral,rotation_minus_5,2,fear,0.3865431845188141,False
EmoAR,1661,6,neutral,rotation_plus_5,6,neutral,0.364902138710022,True
EmoAR,1661,6,neutral,translate_minus_2,4,sad,0.3431379497051239,False
EmoAR,1661,6,neutral,translate_plus_2,6,neutral,0.4090818166732788,True
EmoAR,1661,6,neutral,brightness_0_90,4,sad,0.39034005999565125,False
EmoAR,1661,6,neutral,brightness_1_10,4,sad,0.39862215518951416,False
EmoAR,1661,6,neutral,contrast_0_90,6,neutral,0.3816462457180023,True
EmoAR,1661,6,neutral,contrast_1_10,4,sad,0.42137911915779114,False
EmoAR,1667,6,neutral,original,6,neutral,0.8813907504081726,True
EmoAR,1667,6,neutral,rotation_minus_5,6,neutral,0.7626369595527649,True
EmoAR,1667,6,neutral,rotation_plus_5,6,neutral,0.6195071339607239,True
EmoAR,1667,6,neutral,translate_minus_2,6,neutral,0.8904854655265808,True
EmoAR,1667,6,neutral,translate_plus_2,6,neutral,0.8859317898750305,True
EmoAR,1667,6,neutral,brightness_0_90,6,neutral,0.8343929648399353,True
EmoAR,1667,6,neutral,brightness_1_10,6,neutral,0.8867420554161072,True
EmoAR,1667,6,neutral,contrast_0_90,6,neutral,0.8759641051292419,True
EmoAR,1667,6,neutral,contrast_1_10,6,neutral,0.8776633739471436,True
EmoAR,1672,1,disgust,original,1,disgust,0.8948941230773926,True
EmoAR,1672,1,disgust,rotation_minus_5,1,disgust,0.636823296546936,True
EmoAR,1672,1,disgust,rotation_plus_5,1,disgust,0.5510993599891663,True
EmoAR,1672,1,disgust,translate_minus_2,1,disgust,0.9096454977989197,True
EmoAR,1672,1,disgust,translate_plus_2,1,disgust,0.864062488079071,True
EmoAR,1672,1,disgust,brightness_0_90,1,disgust,0.912666916847229,True
EmoAR,1672,1,disgust,brightness_1_10,1,disgust,0.8761587738990784,True
EmoAR,1672,1,disgust,contrast_0_90,1,disgust,0.8497274518013,True
EmoAR,1672,1,disgust,contrast_1_10,1,disgust,0.9098381996154785,True
EmoAR,1676,1,disgust,original,1,disgust,0.9867080450057983,True
EmoAR,1676,1,disgust,rotation_minus_5,1,disgust,0.8755676746368408,True
EmoAR,1676,1,disgust,rotation_plus_5,1,disgust,0.9386659860610962,True
EmoAR,1676,1,disgust,translate_minus_2,1,disgust,0.995991051197052,True
EmoAR,1676,1,disgust,translate_plus_2,1,disgust,0.9859305620193481,True
EmoAR,1676,1,disgust,brightness_0_90,1,disgust,0.9881777167320251,True
EmoAR,1676,1,disgust,brightness_1_10,1,disgust,0.9719681143760681,True
EmoAR,1676,1,disgust,contrast_0_90,1,disgust,0.9794602394104004,True
EmoAR,1676,1,disgust,contrast_1_10,1,disgust,0.9918249845504761,True
EmoAR,1677,4,sad,original,4,sad,0.8659877181053162,True
EmoAR,1677,4,sad,rotation_minus_5,4,sad,0.9787217974662781,True
EmoAR,1677,4,sad,rotation_plus_5,4,sad,0.9800599813461304,True
EmoAR,1677,4,sad,translate_minus_2,4,sad,0.8666832447052002,True
EmoAR,1677,4,sad,translate_plus_2,4,sad,0.8604719042778015,True
EmoAR,1677,4,sad,brightness_0_90,4,sad,0.8537641167640686,True
EmoAR,1677,4,sad,brightness_1_10,4,sad,0.8854532837867737,True
EmoAR,1677,4,sad,contrast_0_90,4,sad,0.8761147856712341,True
EmoAR,1677,4,sad,contrast_1_10,4,sad,0.8322892189025879,True
EmoAR,1697,1,disgust,original,1,disgust,0.9968300461769104,True
EmoAR,1697,1,disgust,rotation_minus_5,1,disgust,0.9786285161972046,True
EmoAR,1697,1,disgust,rotation_plus_5,1,disgust,0.9964182376861572,True
EmoAR,1697,1,disgust,translate_minus_2,1,disgust,0.9944222569465637,True
EmoAR,1697,1,disgust,translate_plus_2,1,disgust,0.9970088601112366,True
EmoAR,1697,1,disgust,brightness_0_90,1,disgust,0.9945238828659058,True
EmoAR,1697,1,disgust,brightness_1_10,1,disgust,0.9979984164237976,True
EmoAR,1697,1,disgust,contrast_0_90,1,disgust,0.9963566064834595,True
EmoAR,1697,1,disgust,contrast_1_10,1,disgust,0.9968608617782593,True
EmoAR,1699,5,surprise,original,5,surprise,0.5472704768180847,True
EmoAR,1699,5,surprise,rotation_minus_5,6,neutral,0.4051516354084015,False
EmoAR,1699,5,surprise,rotation_plus_5,5,surprise,0.5021256804466248,True
EmoAR,1699,5,surprise,translate_minus_2,6,neutral,0.49062034487724304,False
EmoAR,1699,5,surprise,translate_plus_2,5,surprise,0.4206092059612274,True
EmoAR,1699,5,surprise,brightness_0_90,5,surprise,0.44444236159324646,True
EmoAR,1699,5,surprise,brightness_1_10,5,surprise,0.6318684816360474,True
EmoAR,1699,5,surprise,contrast_0_90,5,surprise,0.5314199328422546,True
EmoAR,1699,5,surprise,contrast_1_10,5,surprise,0.5362054109573364,True
EmoAR,1722,2,fear,original,4,sad,0.37168771028518677,False
EmoAR,1722,2,fear,rotation_minus_5,4,sad,0.5605003833770752,False
EmoAR,1722,2,fear,rotation_plus_5,4,sad,0.5436924695968628,False
EmoAR,1722,2,fear,translate_minus_2,2,fear,0.4428846836090088,True
EmoAR,1722,2,fear,translate_plus_2,2,fear,0.43157070875167847,True
EmoAR,1722,2,fear,brightness_0_90,2,fear,0.3529895544052124,True
EmoAR,1722,2,fear,brightness_1_10,4,sad,0.4903988540172577,False
EmoAR,1722,2,fear,contrast_0_90,2,fear,0.421421080827713,True
EmoAR,1722,2,fear,contrast_1_10,4,sad,0.4432089924812317,False
EmoAR,1724,1,disgust,original,0,angry,0.9909509420394897,False
EmoAR,1724,1,disgust,rotation_minus_5,0,angry,0.9566527009010315,False
EmoAR,1724,1,disgust,rotation_plus_5,0,angry,0.9717446565628052,False
EmoAR,1724,1,disgust,translate_minus_2,0,angry,0.9857546091079712,False
EmoAR,1724,1,disgust,translate_plus_2,0,angry,0.9857924580574036,False
EmoAR,1724,1,disgust,brightness_0_90,0,angry,0.9762401580810547,False
EmoAR,1724,1,disgust,brightness_1_10,0,angry,0.9971137046813965,False
EmoAR,1724,1,disgust,contrast_0_90,0,angry,0.9824361801147461,False
EmoAR,1724,1,disgust,contrast_1_10,0,angry,0.9955124258995056,False
EmoAR,1727,5,surprise,original,5,surprise,0.9994500279426575,True
EmoAR,1727,5,surprise,rotation_minus_5,5,surprise,0.9996823072433472,True
EmoAR,1727,5,surprise,rotation_plus_5,5,surprise,0.9996910095214844,True
EmoAR,1727,5,surprise,translate_minus_2,5,surprise,0.9987044334411621,True
EmoAR,1727,5,surprise,translate_plus_2,5,surprise,0.9993270635604858,True
EmoAR,1727,5,surprise,brightness_0_90,5,surprise,0.9992021918296814,True
EmoAR,1727,5,surprise,brightness_1_10,5,surprise,0.9995768666267395,True
EmoAR,1727,5,surprise,contrast_0_90,5,surprise,0.9994094371795654,True
EmoAR,1727,5,surprise,contrast_1_10,5,surprise,0.999371349811554,True
EmoAR,1729,3,happy,original,3,happy,0.9986440539360046,True
EmoAR,1729,3,happy,rotation_minus_5,3,happy,0.998377799987793,True
EmoAR,1729,3,happy,rotation_plus_5,3,happy,0.9952731728553772,True
EmoAR,1729,3,happy,translate_minus_2,3,happy,0.997940719127655,True
EmoAR,1729,3,happy,translate_plus_2,3,happy,0.9977476000785828,True
EmoAR,1729,3,happy,brightness_0_90,3,happy,0.9984675049781799,True
EmoAR,1729,3,happy,brightness_1_10,3,happy,0.9986081719398499,True
EmoAR,1729,3,happy,contrast_0_90,3,happy,0.9987710118293762,True
EmoAR,1729,3,happy,contrast_1_10,3,happy,0.9984715580940247,True
EmoAR,1732,5,surprise,original,5,surprise,0.9907923936843872,True
EmoAR,1732,5,surprise,rotation_minus_5,5,surprise,0.9811182618141174,True
EmoAR,1732,5,surprise,rotation_plus_5,5,surprise,0.990676999092102,True
EmoAR,1732,5,surprise,translate_minus_2,5,surprise,0.9880236387252808,True
EmoAR,1732,5,surprise,translate_plus_2,5,surprise,0.985602855682373,True
EmoAR,1732,5,surprise,brightness_0_90,5,surprise,0.9864539504051208,True
EmoAR,1732,5,surprise,brightness_1_10,5,surprise,0.9874441027641296,True
EmoAR,1732,5,surprise,contrast_0_90,5,surprise,0.9893116354942322,True
EmoAR,1732,5,surprise,contrast_1_10,5,surprise,0.9911893606185913,True
EmoAR,1738,0,angry,original,0,angry,0.9719467759132385,True
EmoAR,1738,0,angry,rotation_minus_5,0,angry,0.9681742191314697,True
EmoAR,1738,0,angry,rotation_plus_5,0,angry,0.8782281875610352,True
EmoAR,1738,0,angry,translate_minus_2,0,angry,0.9731290340423584,True
EmoAR,1738,0,angry,translate_plus_2,0,angry,0.9697408080101013,True
EmoAR,1738,0,angry,brightness_0_90,0,angry,0.964218020439148,True
EmoAR,1738,0,angry,brightness_1_10,0,angry,0.9722742438316345,True
EmoAR,1738,0,angry,contrast_0_90,0,angry,0.9581320285797119,True
EmoAR,1738,0,angry,contrast_1_10,0,angry,0.975723385810852,True
EmoAR,1741,5,surprise,original,5,surprise,0.9918577075004578,True
EmoAR,1741,5,surprise,rotation_minus_5,5,surprise,0.9711192846298218,True
EmoAR,1741,5,surprise,rotation_plus_5,5,surprise,0.97798752784729,True
EmoAR,1741,5,surprise,translate_minus_2,5,surprise,0.9855925440788269,True
EmoAR,1741,5,surprise,translate_plus_2,5,surprise,0.9928459525108337,True
EmoAR,1741,5,surprise,brightness_0_90,5,surprise,0.9940557479858398,True
EmoAR,1741,5,surprise,brightness_1_10,5,surprise,0.9915468096733093,True
EmoAR,1741,5,surprise,contrast_0_90,5,surprise,0.9923294186592102,True
EmoAR,1741,5,surprise,contrast_1_10,5,surprise,0.9918568134307861,True
EmoAR,1770,1,disgust,original,1,disgust,0.9466632008552551,True
EmoAR,1770,1,disgust,rotation_minus_5,1,disgust,0.885362446308136,True
EmoAR,1770,1,disgust,rotation_plus_5,1,disgust,0.9628207087516785,True
EmoAR,1770,1,disgust,translate_minus_2,1,disgust,0.9395433068275452,True
EmoAR,1770,1,disgust,translate_plus_2,1,disgust,0.9647108912467957,True
EmoAR,1770,1,disgust,brightness_0_90,1,disgust,0.9308990836143494,True
EmoAR,1770,1,disgust,brightness_1_10,1,disgust,0.9446242451667786,True
EmoAR,1770,1,disgust,contrast_0_90,1,disgust,0.9313689470291138,True
EmoAR,1770,1,disgust,contrast_1_10,1,disgust,0.9607875347137451,True
EmoAR,1775,1,disgust,original,4,sad,0.3670336604118347,False
EmoAR,1775,1,disgust,rotation_minus_5,0,angry,0.4622759222984314,False
EmoAR,1775,1,disgust,rotation_plus_5,0,angry,0.42182594537734985,False
EmoAR,1775,1,disgust,translate_minus_2,4,sad,0.3754332959651947,False
EmoAR,1775,1,disgust,translate_plus_2,4,sad,0.4906342327594757,False
EmoAR,1775,1,disgust,brightness_0_90,0,angry,0.34925997257232666,False
EmoAR,1775,1,disgust,brightness_1_10,4,sad,0.4898180365562439,False
EmoAR,1775,1,disgust,contrast_0_90,0,angry,0.4012209177017212,False
EmoAR,1775,1,disgust,contrast_1_10,4,sad,0.4538845419883728,False
EmoAR,1781,0,angry,original,4,sad,0.46707919239997864,False
EmoAR,1781,0,angry,rotation_minus_5,3,happy,0.46402597427368164,False
EmoAR,1781,0,angry,rotation_plus_5,4,sad,0.4429415166378021,False
EmoAR,1781,0,angry,translate_minus_2,4,sad,0.6357276439666748,False
EmoAR,1781,0,angry,translate_plus_2,4,sad,0.4472985863685608,False
EmoAR,1781,0,angry,brightness_0_90,3,happy,0.4830918610095978,False
EmoAR,1781,0,angry,brightness_1_10,4,sad,0.6226764917373657,False
EmoAR,1781,0,angry,contrast_0_90,3,happy,0.5907841324806213,False
EmoAR,1781,0,angry,contrast_1_10,4,sad,0.7104377150535583,False
EmoAR,1784,3,happy,original,3,happy,0.9600816965103149,True
EmoAR,1784,3,happy,rotation_minus_5,3,happy,0.9179748892784119,True
EmoAR,1784,3,happy,rotation_plus_5,3,happy,0.9365473985671997,True
EmoAR,1784,3,happy,translate_minus_2,3,happy,0.9481340050697327,True
EmoAR,1784,3,happy,translate_plus_2,3,happy,0.9665665626525879,True
EmoAR,1784,3,happy,brightness_0_90,3,happy,0.7681031227111816,True
EmoAR,1784,3,happy,brightness_1_10,3,happy,0.9714325070381165,True
EmoAR,1784,3,happy,contrast_0_90,3,happy,0.9138959646224976,True
EmoAR,1784,3,happy,contrast_1_10,3,happy,0.9711138606071472,True
EmoAR,1792,4,sad,original,3,happy,0.80621737241745,False
EmoAR,1792,4,sad,rotation_minus_5,3,happy,0.910886824131012,False
EmoAR,1792,4,sad,rotation_plus_5,3,happy,0.5845995545387268,False
EmoAR,1792,4,sad,translate_minus_2,3,happy,0.7998635172843933,False
EmoAR,1792,4,sad,translate_plus_2,3,happy,0.82356196641922,False
EmoAR,1792,4,sad,brightness_0_90,3,happy,0.8413122892379761,False
EmoAR,1792,4,sad,brightness_1_10,3,happy,0.8008350133895874,False
EmoAR,1792,4,sad,contrast_0_90,3,happy,0.8665784001350403,False
EmoAR,1792,4,sad,contrast_1_10,3,happy,0.7609447240829468,False
EmoAR,1794,2,fear,original,2,fear,0.9809048175811768,True
EmoAR,1794,2,fear,rotation_minus_5,2,fear,0.9905587434768677,True
EmoAR,1794,2,fear,rotation_plus_5,2,fear,0.967470645904541,True
EmoAR,1794,2,fear,translate_minus_2,2,fear,0.9928158521652222,True
EmoAR,1794,2,fear,translate_plus_2,2,fear,0.966524600982666,True
EmoAR,1794,2,fear,brightness_0_90,2,fear,0.9755844473838806,True
EmoAR,1794,2,fear,brightness_1_10,2,fear,0.9896696209907532,True
EmoAR,1794,2,fear,contrast_0_90,2,fear,0.9781079888343811,True
EmoAR,1794,2,fear,contrast_1_10,2,fear,0.9795545935630798,True
EmoAR,1807,4,sad,original,4,sad,0.788811206817627,True
EmoAR,1807,4,sad,rotation_minus_5,4,sad,0.6252889037132263,True
EmoAR,1807,4,sad,rotation_plus_5,4,sad,0.7356221675872803,True
EmoAR,1807,4,sad,translate_minus_2,4,sad,0.8314116597175598,True
EmoAR,1807,4,sad,translate_plus_2,4,sad,0.7134116888046265,True
EmoAR,1807,4,sad,brightness_0_90,4,sad,0.7577476501464844,True
EmoAR,1807,4,sad,brightness_1_10,4,sad,0.8175899982452393,True
EmoAR,1807,4,sad,contrast_0_90,4,sad,0.7755391001701355,True
EmoAR,1807,4,sad,contrast_1_10,4,sad,0.8124864101409912,True
EmoAR,1816,5,surprise,original,5,surprise,0.9197357296943665,True
EmoAR,1816,5,surprise,rotation_minus_5,5,surprise,0.8854050636291504,True
EmoAR,1816,5,surprise,rotation_plus_5,5,surprise,0.8870218396186829,True
EmoAR,1816,5,surprise,translate_minus_2,5,surprise,0.8997809886932373,True
EmoAR,1816,5,surprise,translate_plus_2,5,surprise,0.9284206032752991,True
EmoAR,1816,5,surprise,brightness_0_90,5,surprise,0.8938053250312805,True
EmoAR,1816,5,surprise,brightness_1_10,5,surprise,0.9344534277915955,True
EmoAR,1816,5,surprise,contrast_0_90,5,surprise,0.8933009505271912,True
EmoAR,1816,5,surprise,contrast_1_10,5,surprise,0.9120053648948669,True
EmoAR,1820,3,happy,original,3,happy,0.9988752007484436,True
EmoAR,1820,3,happy,rotation_minus_5,3,happy,0.9972707629203796,True
EmoAR,1820,3,happy,rotation_plus_5,3,happy,0.9984259605407715,True
EmoAR,1820,3,happy,translate_minus_2,3,happy,0.9988318085670471,True
EmoAR,1820,3,happy,translate_plus_2,3,happy,0.9989964365959167,True
EmoAR,1820,3,happy,brightness_0_90,3,happy,0.9988847374916077,True
EmoAR,1820,3,happy,brightness_1_10,3,happy,0.9985717535018921,True
EmoAR,1820,3,happy,contrast_0_90,3,happy,0.9986794590950012,True
EmoAR,1820,3,happy,contrast_1_10,3,happy,0.9988449811935425,True
EmoAR,1821,3,happy,original,3,happy,0.9989669322967529,True
EmoAR,1821,3,happy,rotation_minus_5,3,happy,0.9941813349723816,True
EmoAR,1821,3,happy,rotation_plus_5,3,happy,0.9964699745178223,True
EmoAR,1821,3,happy,translate_minus_2,3,happy,0.9958055019378662,True
EmoAR,1821,3,happy,translate_plus_2,3,happy,0.9996381998062134,True
EmoAR,1821,3,happy,brightness_0_90,3,happy,0.999258816242218,True
EmoAR,1821,3,happy,brightness_1_10,3,happy,0.9973888993263245,True
EmoAR,1821,3,happy,contrast_0_90,3,happy,0.9991527795791626,True
EmoAR,1821,3,happy,contrast_1_10,3,happy,0.9985771179199219,True
EmoAR,1828,1,disgust,original,1,disgust,0.9523116946220398,True
EmoAR,1828,1,disgust,rotation_minus_5,1,disgust,0.8664740324020386,True
EmoAR,1828,1,disgust,rotation_plus_5,1,disgust,0.8553239703178406,True
EmoAR,1828,1,disgust,translate_minus_2,1,disgust,0.929611086845398,True
EmoAR,1828,1,disgust,translate_plus_2,1,disgust,0.9760214686393738,True
EmoAR,1828,1,disgust,brightness_0_90,1,disgust,0.9730514287948608,True
EmoAR,1828,1,disgust,brightness_1_10,1,disgust,0.8812506198883057,True
EmoAR,1828,1,disgust,contrast_0_90,1,disgust,0.9610143899917603,True
EmoAR,1828,1,disgust,contrast_1_10,1,disgust,0.9192259907722473,True
EmoAR,1839,4,sad,original,6,neutral,0.5869544744491577,False
EmoAR,1839,4,sad,rotation_minus_5,5,surprise,0.43392080068588257,False
EmoAR,1839,4,sad,rotation_plus_5,2,fear,0.33636876940727234,False
EmoAR,1839,4,sad,translate_minus_2,6,neutral,0.7845724821090698,False
EmoAR,1839,4,sad,translate_plus_2,6,neutral,0.6302146911621094,False
EmoAR,1839,4,sad,brightness_0_90,6,neutral,0.5885356664657593,False
EmoAR,1839,4,sad,brightness_1_10,6,neutral,0.62362140417099,False
EmoAR,1839,4,sad,contrast_0_90,6,neutral,0.5605526566505432,False
EmoAR,1839,4,sad,contrast_1_10,6,neutral,0.6445658802986145,False
EmoAR,1850,0,angry,original,0,angry,0.9893698692321777,True
EmoAR,1850,0,angry,rotation_minus_5,0,angry,0.9438004493713379,True
EmoAR,1850,0,angry,rotation_plus_5,0,angry,0.9577249884605408,True
EmoAR,1850,0,angry,translate_minus_2,0,angry,0.9790884852409363,True
EmoAR,1850,0,angry,translate_plus_2,0,angry,0.9858359098434448,True
EmoAR,1850,0,angry,brightness_0_90,0,angry,0.9723932147026062,True
EmoAR,1850,0,angry,brightness_1_10,0,angry,0.9903602600097656,True
EmoAR,1850,0,angry,contrast_0_90,0,angry,0.9736369848251343,True
EmoAR,1850,0,angry,contrast_1_10,0,angry,0.9897584915161133,True
EmoAR,1861,3,happy,original,3,happy,0.932161808013916,True
EmoAR,1861,3,happy,rotation_minus_5,3,happy,0.9586291313171387,True
EmoAR,1861,3,happy,rotation_plus_5,3,happy,0.9678522944450378,True
EmoAR,1861,3,happy,translate_minus_2,3,happy,0.9474951028823853,True
EmoAR,1861,3,happy,translate_plus_2,3,happy,0.8835011124610901,True
EmoAR,1861,3,happy,brightness_0_90,3,happy,0.9624357223510742,True
EmoAR,1861,3,happy,brightness_1_10,3,happy,0.7149635553359985,True
EmoAR,1861,3,happy,contrast_0_90,3,happy,0.9503777623176575,True
EmoAR,1861,3,happy,contrast_1_10,3,happy,0.8890112638473511,True
EmoAR,1863,6,neutral,original,6,neutral,0.947338342666626,True
EmoAR,1863,6,neutral,rotation_minus_5,6,neutral,0.6095492839813232,True
EmoAR,1863,6,neutral,rotation_plus_5,6,neutral,0.6314620971679688,True
EmoAR,1863,6,neutral,translate_minus_2,6,neutral,0.9572188258171082,True
EmoAR,1863,6,neutral,translate_plus_2,6,neutral,0.9026490449905396,True
EmoAR,1863,6,neutral,brightness_0_90,6,neutral,0.9550143480300903,True
EmoAR,1863,6,neutral,brightness_1_10,6,neutral,0.9476014971733093,True
EmoAR,1863,6,neutral,contrast_0_90,6,neutral,0.934069037437439,True
EmoAR,1863,6,neutral,contrast_1_10,6,neutral,0.9605962038040161,True
EmoAR,1894,4,sad,original,4,sad,0.6163396239280701,True
EmoAR,1894,4,sad,rotation_minus_5,3,happy,0.6698299050331116,False
EmoAR,1894,4,sad,rotation_plus_5,4,sad,0.32261887192726135,True
EmoAR,1894,4,sad,translate_minus_2,4,sad,0.4448341131210327,True
EmoAR,1894,4,sad,translate_plus_2,3,happy,0.4778578281402588,False
EmoAR,1894,4,sad,brightness_0_90,4,sad,0.6154141426086426,True
EmoAR,1894,4,sad,brightness_1_10,4,sad,0.5630424618721008,True
EmoAR,1894,4,sad,contrast_0_90,4,sad,0.6413949131965637,True
EmoAR,1894,4,sad,contrast_1_10,4,sad,0.5930033922195435,True
EmoAR,1903,2,fear,original,0,angry,0.5060985088348389,False
EmoAR,1903,2,fear,rotation_minus_5,0,angry,0.5459698438644409,False
EmoAR,1903,2,fear,rotation_plus_5,0,angry,0.6218875050544739,False
EmoAR,1903,2,fear,translate_minus_2,2,fear,0.5461131930351257,True
EmoAR,1903,2,fear,translate_plus_2,0,angry,0.5219579935073853,False
EmoAR,1903,2,fear,brightness_0_90,0,angry,0.6181342601776123,False
EmoAR,1903,2,fear,brightness_1_10,2,fear,0.5574775338172913,True
EmoAR,1903,2,fear,contrast_0_90,2,fear,0.5215237736701965,True
EmoAR,1903,2,fear,contrast_1_10,2,fear,0.5183253288269043,True
EmoAR,1909,1,disgust,original,0,angry,0.7330166697502136,False
EmoAR,1909,1,disgust,rotation_minus_5,0,angry,0.7944544553756714,False
EmoAR,1909,1,disgust,rotation_plus_5,0,angry,0.7398414611816406,False
EmoAR,1909,1,disgust,translate_minus_2,0,angry,0.5721576809883118,False
EmoAR,1909,1,disgust,translate_plus_2,0,angry,0.49608349800109863,False
EmoAR,1909,1,disgust,brightness_0_90,0,angry,0.7999886870384216,False
EmoAR,1909,1,disgust,brightness_1_10,0,angry,0.4976205825805664,False
EmoAR,1909,1,disgust,contrast_0_90,0,angry,0.796909511089325,False
EmoAR,1909,1,disgust,contrast_1_10,0,angry,0.6144790053367615,False
EmoAR,1915,2,fear,original,5,surprise,0.7037904858589172,False
EmoAR,1915,2,fear,rotation_minus_5,5,surprise,0.6876795887947083,False
EmoAR,1915,2,fear,rotation_plus_5,5,surprise,0.6707998514175415,False
EmoAR,1915,2,fear,translate_minus_2,5,surprise,0.6784065365791321,False
EmoAR,1915,2,fear,translate_plus_2,5,surprise,0.7544841170310974,False
EmoAR,1915,2,fear,brightness_0_90,5,surprise,0.6852740049362183,False
EmoAR,1915,2,fear,brightness_1_10,5,surprise,0.7156255841255188,False
EmoAR,1915,2,fear,contrast_0_90,5,surprise,0.6639890074729919,False
EmoAR,1915,2,fear,contrast_1_10,5,surprise,0.7777715921401978,False
EmoAR,1942,0,angry,original,2,fear,0.49252963066101074,False
EmoAR,1942,0,angry,rotation_minus_5,2,fear,0.6565331220626831,False
EmoAR,1942,0,angry,rotation_plus_5,2,fear,0.5448262095451355,False
EmoAR,1942,0,angry,translate_minus_2,2,fear,0.48128026723861694,False
EmoAR,1942,0,angry,translate_plus_2,2,fear,0.6179112195968628,False
EmoAR,1942,0,angry,brightness_0_90,2,fear,0.5015130043029785,False
EmoAR,1942,0,angry,brightness_1_10,0,angry,0.47590893507003784,True
EmoAR,1942,0,angry,contrast_0_90,2,fear,0.5722497701644897,False
EmoAR,1942,0,angry,contrast_1_10,0,angry,0.5549783110618591,True
EmoAR,1957,3,happy,original,3,happy,0.9996665716171265,True
EmoAR,1957,3,happy,rotation_minus_5,3,happy,0.9994327425956726,True
EmoAR,1957,3,happy,rotation_plus_5,3,happy,0.9994257688522339,True
EmoAR,1957,3,happy,translate_minus_2,3,happy,0.9997689127922058,True
EmoAR,1957,3,happy,translate_plus_2,3,happy,0.9996597766876221,True
EmoAR,1957,3,happy,brightness_0_90,3,happy,0.9996782541275024,True
EmoAR,1957,3,happy,brightness_1_10,3,happy,0.9997096657752991,True
EmoAR,1957,3,happy,contrast_0_90,3,happy,0.9997202754020691,True
EmoAR,1957,3,happy,contrast_1_10,3,happy,0.9995976090431213,True
EmoAR,1978,2,fear,original,6,neutral,0.771614670753479,False
EmoAR,1978,2,fear,rotation_minus_5,6,neutral,0.5116108655929565,False
EmoAR,1978,2,fear,rotation_plus_5,6,neutral,0.63615882396698,False
EmoAR,1978,2,fear,translate_minus_2,6,neutral,0.7439882755279541,False
EmoAR,1978,2,fear,translate_plus_2,6,neutral,0.7665091753005981,False
EmoAR,1978,2,fear,brightness_0_90,6,neutral,0.7779395580291748,False
EmoAR,1978,2,fear,brightness_1_10,6,neutral,0.7835473418235779,False
EmoAR,1978,2,fear,contrast_0_90,6,neutral,0.7935837507247925,False
EmoAR,1978,2,fear,contrast_1_10,6,neutral,0.7740100622177124,False
EmoAR,1989,6,neutral,original,6,neutral,0.44847604632377625,True
EmoAR,1989,6,neutral,rotation_minus_5,6,neutral,0.3687509298324585,True
EmoAR,1989,6,neutral,rotation_plus_5,4,sad,0.3711341917514801,False
EmoAR,1989,6,neutral,translate_minus_2,6,neutral,0.3579478859901428,True
EmoAR,1989,6,neutral,translate_plus_2,6,neutral,0.45432063937187195,True
EmoAR,1989,6,neutral,brightness_0_90,6,neutral,0.3753248453140259,True
EmoAR,1989,6,neutral,brightness_1_10,6,neutral,0.5141375660896301,True
EmoAR,1989,6,neutral,contrast_0_90,6,neutral,0.3949679434299469,True
EmoAR,1989,6,neutral,contrast_1_10,6,neutral,0.4550567865371704,True
EmoAR,1990,5,surprise,original,5,surprise,0.8600010871887207,True
EmoAR,1990,5,surprise,rotation_minus_5,5,surprise,0.49974876642227173,True
EmoAR,1990,5,surprise,rotation_plus_5,5,surprise,0.3907504081726074,True
EmoAR,1990,5,surprise,translate_minus_2,5,surprise,0.7827907800674438,True
EmoAR,1990,5,surprise,translate_plus_2,5,surprise,0.8048981428146362,True
EmoAR,1990,5,surprise,brightness_0_90,5,surprise,0.8467666506767273,True
EmoAR,1990,5,surprise,brightness_1_10,5,surprise,0.8320403695106506,True
EmoAR,1990,5,surprise,contrast_0_90,5,surprise,0.8575843572616577,True
EmoAR,1990,5,surprise,contrast_1_10,5,surprise,0.8448055386543274,True
EmoAR,1991,0,angry,original,6,neutral,0.4915085434913635,False
EmoAR,1991,0,angry,rotation_minus_5,0,angry,0.39560598134994507,True
EmoAR,1991,0,angry,rotation_plus_5,0,angry,0.36512255668640137,True
EmoAR,1991,0,angry,translate_minus_2,6,neutral,0.40565475821495056,False
EmoAR,1991,0,angry,translate_plus_2,6,neutral,0.3372032046318054,False
EmoAR,1991,0,angry,brightness_0_90,6,neutral,0.4219130277633667,False
EmoAR,1991,0,angry,brightness_1_10,6,neutral,0.5373963713645935,False
EmoAR,1991,0,angry,contrast_0_90,6,neutral,0.40724244713783264,False
EmoAR,1991,0,angry,contrast_1_10,6,neutral,0.49745821952819824,False
EmoAR,1993,0,angry,original,0,angry,0.41131913661956787,True
EmoAR,1993,0,angry,rotation_minus_5,0,angry,0.4055171012878418,True
EmoAR,1993,0,angry,rotation_plus_5,0,angry,0.4488745927810669,True
EmoAR,1993,0,angry,translate_minus_2,0,angry,0.5395388007164001,True
EmoAR,1993,0,angry,translate_plus_2,0,angry,0.44734567403793335,True
EmoAR,1993,0,angry,brightness_0_90,0,angry,0.4382033944129944,True
EmoAR,1993,0,angry,brightness_1_10,3,happy,0.37063273787498474,False
EmoAR,1993,0,angry,contrast_0_90,0,angry,0.4752518832683563,True
EmoAR,1993,0,angry,contrast_1_10,3,happy,0.37285447120666504,False
EmoAR,1995,3,happy,original,3,happy,0.9987082481384277,True
EmoAR,1995,3,happy,rotation_minus_5,3,happy,0.9990999698638916,True
EmoAR,1995,3,happy,rotation_plus_5,3,happy,0.9962449669837952,True
EmoAR,1995,3,happy,translate_minus_2,3,happy,0.9987718462944031,True
EmoAR,1995,3,happy,translate_plus_2,3,happy,0.9982239603996277,True
EmoAR,1995,3,happy,brightness_0_90,3,happy,0.998843789100647,True
EmoAR,1995,3,happy,brightness_1_10,3,happy,0.9986728429794312,True
EmoAR,1995,3,happy,contrast_0_90,3,happy,0.9985622763633728,True
EmoAR,1995,3,happy,contrast_1_10,3,happy,0.9987561702728271,True
EmoAR,2002,4,sad,original,4,sad,0.49999022483825684,True
EmoAR,2002,4,sad,rotation_minus_5,4,sad,0.4634825587272644,True
EmoAR,2002,4,sad,rotation_plus_5,4,sad,0.5951233506202698,True
EmoAR,2002,4,sad,translate_minus_2,4,sad,0.46056613326072693,True
EmoAR,2002,4,sad,translate_plus_2,4,sad,0.5681795477867126,True
EmoAR,2002,4,sad,brightness_0_90,4,sad,0.4941067397594452,True
EmoAR,2002,4,sad,brightness_1_10,4,sad,0.5863352417945862,True
EmoAR,2002,4,sad,contrast_0_90,4,sad,0.5373043417930603,True
EmoAR,2002,4,sad,contrast_1_10,4,sad,0.4823167324066162,True
EmoAR,2012,2,fear,original,2,fear,0.39102301001548767,True
EmoAR,2012,2,fear,rotation_minus_5,2,fear,0.4750693738460541,True
EmoAR,2012,2,fear,rotation_plus_5,2,fear,0.5138377547264099,True
EmoAR,2012,2,fear,translate_minus_2,2,fear,0.4379103481769562,True
EmoAR,2012,2,fear,translate_plus_2,2,fear,0.47833871841430664,True
EmoAR,2012,2,fear,brightness_0_90,0,angry,0.3648727834224701,False
EmoAR,2012,2,fear,brightness_1_10,2,fear,0.43401962518692017,True
EmoAR,2012,2,fear,contrast_0_90,2,fear,0.3758997917175293,True
EmoAR,2012,2,fear,contrast_1_10,2,fear,0.384575754404068,True
EmoAR,2024,6,neutral,original,4,sad,0.5474230647087097,False
EmoAR,2024,6,neutral,rotation_minus_5,4,sad,0.40334388613700867,False
EmoAR,2024,6,neutral,rotation_plus_5,4,sad,0.4507686495780945,False
EmoAR,2024,6,neutral,translate_minus_2,4,sad,0.5518913865089417,False
EmoAR,2024,6,neutral,translate_plus_2,4,sad,0.5184332132339478,False
EmoAR,2024,6,neutral,brightness_0_90,4,sad,0.5045729279518127,False
EmoAR,2024,6,neutral,brightness_1_10,4,sad,0.5999287962913513,False
EmoAR,2024,6,neutral,contrast_0_90,4,sad,0.48813167214393616,False
EmoAR,2024,6,neutral,contrast_1_10,4,sad,0.6061180830001831,False
EmoAR,2033,6,neutral,original,6,neutral,0.7640865445137024,True
EmoAR,2033,6,neutral,rotation_minus_5,3,happy,0.6017129421234131,False
EmoAR,2033,6,neutral,rotation_plus_5,3,happy,0.5456622242927551,False
EmoAR,2033,6,neutral,translate_minus_2,6,neutral,0.6490151286125183,True
EmoAR,2033,6,neutral,translate_plus_2,6,neutral,0.774944007396698,True
EmoAR,2033,6,neutral,brightness_0_90,6,neutral,0.7030742168426514,True
EmoAR,2033,6,neutral,brightness_1_10,6,neutral,0.8118876814842224,True
EmoAR,2033,6,neutral,contrast_0_90,6,neutral,0.7335540056228638,True
EmoAR,2033,6,neutral,contrast_1_10,6,neutral,0.7890479564666748,True
EmoAR,2050,2,fear,original,0,angry,0.8331860303878784,False
EmoAR,2050,2,fear,rotation_minus_5,0,angry,0.8507122993469238,False
EmoAR,2050,2,fear,rotation_plus_5,0,angry,0.8606687784194946,False
EmoAR,2050,2,fear,translate_minus_2,0,angry,0.9172458648681641,False
EmoAR,2050,2,fear,translate_plus_2,0,angry,0.8679195046424866,False
EmoAR,2050,2,fear,brightness_0_90,0,angry,0.7601071000099182,False
EmoAR,2050,2,fear,brightness_1_10,0,angry,0.8711690902709961,False
EmoAR,2050,2,fear,contrast_0_90,0,angry,0.8288677334785461,False
EmoAR,2050,2,fear,contrast_1_10,0,angry,0.8479604125022888,False
EmoAR,2074,2,fear,original,0,angry,0.8766450881958008,False
EmoAR,2074,2,fear,rotation_minus_5,0,angry,0.8487723469734192,False
EmoAR,2074,2,fear,rotation_plus_5,0,angry,0.8608428239822388,False
EmoAR,2074,2,fear,translate_minus_2,0,angry,0.916925847530365,False
EmoAR,2074,2,fear,translate_plus_2,0,angry,0.9203336238861084,False
EmoAR,2074,2,fear,brightness_0_90,0,angry,0.8553427457809448,False
EmoAR,2074,2,fear,brightness_1_10,0,angry,0.898993194103241,False
EmoAR,2074,2,fear,contrast_0_90,0,angry,0.8601322770118713,False
EmoAR,2074,2,fear,contrast_1_10,0,angry,0.8866757750511169,False
EmoAR,2086,4,sad,original,4,sad,0.4801546037197113,True
EmoAR,2086,4,sad,rotation_minus_5,4,sad,0.393884539604187,True
EmoAR,2086,4,sad,rotation_plus_5,4,sad,0.55357426404953,True
EmoAR,2086,4,sad,translate_minus_2,6,neutral,0.46373867988586426,False
EmoAR,2086,4,sad,translate_plus_2,6,neutral,0.4122527241706848,False
EmoAR,2086,4,sad,brightness_0_90,4,sad,0.45007824897766113,True
EmoAR,2086,4,sad,brightness_1_10,4,sad,0.43369120359420776,True
EmoAR,2086,4,sad,contrast_0_90,4,sad,0.45611897110939026,True
EmoAR,2086,4,sad,contrast_1_10,4,sad,0.4749431908130646,True
EmoAR,2110,4,sad,original,6,neutral,0.37160196900367737,False
EmoAR,2110,4,sad,rotation_minus_5,6,neutral,0.4487653970718384,False
EmoAR,2110,4,sad,rotation_plus_5,4,sad,0.38186320662498474,True
EmoAR,2110,4,sad,translate_minus_2,6,neutral,0.4262537956237793,False
EmoAR,2110,4,sad,translate_plus_2,6,neutral,0.4273020625114441,False
EmoAR,2110,4,sad,brightness_0_90,6,neutral,0.36641499400138855,False
EmoAR,2110,4,sad,brightness_1_10,6,neutral,0.3476196825504303,False
EmoAR,2110,4,sad,contrast_0_90,6,neutral,0.39120641350746155,False
EmoAR,2110,4,sad,contrast_1_10,6,neutral,0.36678269505500793,False
EmoAR,2114,3,happy,original,3,happy,0.8738408088684082,True
EmoAR,2114,3,happy,rotation_minus_5,3,happy,0.7994685173034668,True
EmoAR,2114,3,happy,rotation_plus_5,3,happy,0.8751386404037476,True
EmoAR,2114,3,happy,translate_minus_2,3,happy,0.8246408700942993,True
EmoAR,2114,3,happy,translate_plus_2,3,happy,0.8874019384384155,True
EmoAR,2114,3,happy,brightness_0_90,3,happy,0.8822702765464783,True
EmoAR,2114,3,happy,brightness_1_10,3,happy,0.9569205641746521,True
EmoAR,2114,3,happy,contrast_0_90,3,happy,0.8481035232543945,True
EmoAR,2114,3,happy,contrast_1_10,3,happy,0.8963280916213989,True
EmoAR,2125,1,disgust,original,1,disgust,0.9945384860038757,True
EmoAR,2125,1,disgust,rotation_minus_5,1,disgust,0.9814364314079285,True
EmoAR,2125,1,disgust,rotation_plus_5,1,disgust,0.965856671333313,True
EmoAR,2125,1,disgust,translate_minus_2,1,disgust,0.991533100605011,True
EmoAR,2125,1,disgust,translate_plus_2,1,disgust,0.9823461174964905,True
EmoAR,2125,1,disgust,brightness_0_90,1,disgust,0.9927811026573181,True
EmoAR,2125,1,disgust,brightness_1_10,1,disgust,0.9952104687690735,True
EmoAR,2125,1,disgust,contrast_0_90,1,disgust,0.9948530793190002,True
EmoAR,2125,1,disgust,contrast_1_10,1,disgust,0.9918050765991211,True
EmoAR,2129,4,sad,original,1,disgust,0.7068690061569214,False
EmoAR,2129,4,sad,rotation_minus_5,0,angry,0.5897002220153809,False
EmoAR,2129,4,sad,rotation_plus_5,0,angry,0.7020310163497925,False
EmoAR,2129,4,sad,translate_minus_2,1,disgust,0.8063598275184631,False
EmoAR,2129,4,sad,translate_plus_2,0,angry,0.591773271560669,False
EmoAR,2129,4,sad,brightness_0_90,1,disgust,0.5273547768592834,False
EmoAR,2129,4,sad,brightness_1_10,1,disgust,0.7240913510322571,False
EmoAR,2129,4,sad,contrast_0_90,1,disgust,0.5823196172714233,False
EmoAR,2129,4,sad,contrast_1_10,1,disgust,0.7869346141815186,False
EmoAR,2132,3,happy,original,3,happy,0.999138355255127,True
EmoAR,2132,3,happy,rotation_minus_5,3,happy,0.9983477592468262,True
EmoAR,2132,3,happy,rotation_plus_5,3,happy,0.9956385493278503,True
EmoAR,2132,3,happy,translate_minus_2,3,happy,0.9988383650779724,True
EmoAR,2132,3,happy,translate_plus_2,3,happy,0.9990841150283813,True
EmoAR,2132,3,happy,brightness_0_90,3,happy,0.9991575479507446,True
EmoAR,2132,3,happy,brightness_1_10,3,happy,0.9990973472595215,True
EmoAR,2132,3,happy,contrast_0_90,3,happy,0.9989991784095764,True
EmoAR,2132,3,happy,contrast_1_10,3,happy,0.999178946018219,True
EmoAR,2134,1,disgust,original,1,disgust,0.9928191304206848,True
EmoAR,2134,1,disgust,rotation_minus_5,1,disgust,0.9848673939704895,True
EmoAR,2134,1,disgust,rotation_plus_5,1,disgust,0.9765828251838684,True
EmoAR,2134,1,disgust,translate_minus_2,1,disgust,0.9962493777275085,True
EmoAR,2134,1,disgust,translate_plus_2,1,disgust,0.9881129860877991,True
EmoAR,2134,1,disgust,brightness_0_90,1,disgust,0.9927800297737122,True
EmoAR,2134,1,disgust,brightness_1_10,1,disgust,0.9905615448951721,True
EmoAR,2134,1,disgust,contrast_0_90,1,disgust,0.9845365881919861,True
EmoAR,2134,1,disgust,contrast_1_10,1,disgust,0.9952712655067444,True
EmoAR,2135,6,neutral,original,0,angry,0.8097403645515442,False
EmoAR,2135,6,neutral,rotation_minus_5,0,angry,0.8396323323249817,False
EmoAR,2135,6,neutral,rotation_plus_5,0,angry,0.8629022240638733,False
EmoAR,2135,6,neutral,translate_minus_2,0,angry,0.7880709767341614,False
EmoAR,2135,6,neutral,translate_plus_2,0,angry,0.8273895978927612,False
EmoAR,2135,6,neutral,brightness_0_90,0,angry,0.8091293573379517,False
EmoAR,2135,6,neutral,brightness_1_10,0,angry,0.7681425213813782,False
EmoAR,2135,6,neutral,contrast_0_90,0,angry,0.7776809930801392,False
EmoAR,2135,6,neutral,contrast_1_10,0,angry,0.8239430785179138,False
EmoAR,2137,3,happy,original,3,happy,0.9687527418136597,True
EmoAR,2137,3,happy,rotation_minus_5,3,happy,0.9828948974609375,True
EmoAR,2137,3,happy,rotation_plus_5,3,happy,0.9757397174835205,True
EmoAR,2137,3,happy,translate_minus_2,3,happy,0.9577692747116089,True
EmoAR,2137,3,happy,translate_plus_2,3,happy,0.9824119210243225,True
EmoAR,2137,3,happy,brightness_0_90,3,happy,0.9827365875244141,True
EmoAR,2137,3,happy,brightness_1_10,3,happy,0.9515304565429688,True
EmoAR,2137,3,happy,contrast_0_90,3,happy,0.9758476614952087,True
EmoAR,2137,3,happy,contrast_1_10,3,happy,0.9544177055358887,True
EmoAR,2145,6,neutral,original,6,neutral,0.904205858707428,True
EmoAR,2145,6,neutral,rotation_minus_5,6,neutral,0.8062683939933777,True
EmoAR,2145,6,neutral,rotation_plus_5,6,neutral,0.7739616632461548,True
EmoAR,2145,6,neutral,translate_minus_2,6,neutral,0.9211413860321045,True
EmoAR,2145,6,neutral,translate_plus_2,6,neutral,0.9246145486831665,True
EmoAR,2145,6,neutral,brightness_0_90,6,neutral,0.8749828934669495,True
EmoAR,2145,6,neutral,brightness_1_10,6,neutral,0.9153848886489868,True
EmoAR,2145,6,neutral,contrast_0_90,6,neutral,0.9040259718894958,True
EmoAR,2145,6,neutral,contrast_1_10,6,neutral,0.8893012404441833,True
EmoAR,2172,0,angry,original,4,sad,0.3512726128101349,False
EmoAR,2172,0,angry,rotation_minus_5,0,angry,0.6601223945617676,True
EmoAR,2172,0,angry,rotation_plus_5,0,angry,0.4407539367675781,True
EmoAR,2172,0,angry,translate_minus_2,6,neutral,0.3143739402294159,False
EmoAR,2172,0,angry,translate_plus_2,0,angry,0.33769363164901733,True
EmoAR,2172,0,angry,brightness_0_90,4,sad,0.3184897303581238,False
EmoAR,2172,0,angry,brightness_1_10,4,sad,0.41091540455818176,False
EmoAR,2172,0,angry,contrast_0_90,4,sad,0.2988242208957672,False
EmoAR,2172,0,angry,contrast_1_10,4,sad,0.3838086724281311,False
EmoAR,2180,2,fear,original,0,angry,0.7470362782478333,False
EmoAR,2180,2,fear,rotation_minus_5,4,sad,0.5373536944389343,False
EmoAR,2180,2,fear,rotation_plus_5,4,sad,0.5544202923774719,False
EmoAR,2180,2,fear,translate_minus_2,0,angry,0.6359245777130127,False
EmoAR,2180,2,fear,translate_plus_2,0,angry,0.755099892616272,False
EmoAR,2180,2,fear,brightness_0_90,0,angry,0.7971128225326538,False
EmoAR,2180,2,fear,brightness_1_10,0,angry,0.6793464422225952,False
EmoAR,2180,2,fear,contrast_0_90,0,angry,0.6961684823036194,False
EmoAR,2180,2,fear,contrast_1_10,0,angry,0.8002921342849731,False
EmoAR,2183,6,neutral,original,4,sad,0.3588026463985443,False
EmoAR,2183,6,neutral,rotation_minus_5,2,fear,0.4695766866207123,False
EmoAR,2183,6,neutral,rotation_plus_5,2,fear,0.42896604537963867,False
EmoAR,2183,6,neutral,translate_minus_2,6,neutral,0.359618216753006,True
EmoAR,2183,6,neutral,translate_plus_2,6,neutral,0.3426339626312256,True
EmoAR,2183,6,neutral,brightness_0_90,4,sad,0.40999045968055725,False
EmoAR,2183,6,neutral,brightness_1_10,4,sad,0.35331106185913086,False
EmoAR,2183,6,neutral,contrast_0_90,2,fear,0.3667515814304352,False
EmoAR,2183,6,neutral,contrast_1_10,4,sad,0.3986494839191437,False
EmoAR,2197,4,sad,original,0,angry,0.5795039534568787,False
EmoAR,2197,4,sad,rotation_minus_5,0,angry,0.5197398066520691,False
EmoAR,2197,4,sad,rotation_plus_5,0,angry,0.5894466042518616,False
EmoAR,2197,4,sad,translate_minus_2,0,angry,0.4572485685348511,False
EmoAR,2197,4,sad,translate_plus_2,0,angry,0.44149768352508545,False
EmoAR,2197,4,sad,brightness_0_90,0,angry,0.5005595088005066,False
EmoAR,2197,4,sad,brightness_1_10,0,angry,0.581925094127655,False
EmoAR,2197,4,sad,contrast_0_90,0,angry,0.4959721565246582,False
EmoAR,2197,4,sad,contrast_1_10,0,angry,0.5871046185493469,False
EmoAR,2207,1,disgust,original,0,angry,0.5980039834976196,False
EmoAR,2207,1,disgust,rotation_minus_5,0,angry,0.6857312321662903,False
EmoAR,2207,1,disgust,rotation_plus_5,0,angry,0.775374174118042,False
EmoAR,2207,1,disgust,translate_minus_2,0,angry,0.7531691789627075,False
EmoAR,2207,1,disgust,translate_plus_2,0,angry,0.5749467015266418,False
EmoAR,2207,1,disgust,brightness_0_90,0,angry,0.5605453252792358,False
EmoAR,2207,1,disgust,brightness_1_10,0,angry,0.5909284949302673,False
EmoAR,2207,1,disgust,contrast_0_90,0,angry,0.6451609134674072,False
EmoAR,2207,1,disgust,contrast_1_10,0,angry,0.5161499381065369,False
EmoAR,2215,6,neutral,original,6,neutral,0.9698492288589478,True
EmoAR,2215,6,neutral,rotation_minus_5,6,neutral,0.8109506964683533,True
EmoAR,2215,6,neutral,rotation_plus_5,6,neutral,0.5923838019371033,True
EmoAR,2215,6,neutral,translate_minus_2,6,neutral,0.943343997001648,True
EmoAR,2215,6,neutral,translate_plus_2,6,neutral,0.9496598839759827,True
EmoAR,2215,6,neutral,brightness_0_90,6,neutral,0.9560743570327759,True
EmoAR,2215,6,neutral,brightness_1_10,6,neutral,0.9697149991989136,True
EmoAR,2215,6,neutral,contrast_0_90,6,neutral,0.9635447263717651,True
EmoAR,2215,6,neutral,contrast_1_10,6,neutral,0.9705829620361328,True
EmoAR,2244,2,fear,original,2,fear,0.39300990104675293,True
EmoAR,2244,2,fear,rotation_minus_5,3,happy,0.5294190049171448,False
EmoAR,2244,2,fear,rotation_plus_5,5,surprise,0.2891656458377838,False
EmoAR,2244,2,fear,translate_minus_2,2,fear,0.36042657494544983,True
EmoAR,2244,2,fear,translate_plus_2,2,fear,0.5346997380256653,True
EmoAR,2244,2,fear,brightness_0_90,2,fear,0.5237386226654053,True
EmoAR,2244,2,fear,brightness_1_10,2,fear,0.3729172646999359,True
EmoAR,2244,2,fear,contrast_0_90,2,fear,0.49900516867637634,True
EmoAR,2244,2,fear,contrast_1_10,5,surprise,0.38681790232658386,False
EmoAR,2248,5,surprise,original,5,surprise,0.6429669260978699,True
EmoAR,2248,5,surprise,rotation_minus_5,5,surprise,0.5634443759918213,True
EmoAR,2248,5,surprise,rotation_plus_5,5,surprise,0.38742658495903015,True
EmoAR,2248,5,surprise,translate_minus_2,5,surprise,0.8544889688491821,True
EmoAR,2248,5,surprise,translate_plus_2,5,surprise,0.8266106843948364,True
EmoAR,2248,5,surprise,brightness_0_90,5,surprise,0.6576586365699768,True
EmoAR,2248,5,surprise,brightness_1_10,5,surprise,0.46061059832572937,True
EmoAR,2248,5,surprise,contrast_0_90,5,surprise,0.43463605642318726,True
EmoAR,2248,5,surprise,contrast_1_10,5,surprise,0.8541856408119202,True
EmoAR,2281,0,angry,original,0,angry,0.9919850826263428,True
EmoAR,2281,0,angry,rotation_minus_5,0,angry,0.9785038828849792,True
EmoAR,2281,0,angry,rotation_plus_5,0,angry,0.9614201188087463,True
EmoAR,2281,0,angry,translate_minus_2,0,angry,0.9936570525169373,True
EmoAR,2281,0,angry,translate_plus_2,0,angry,0.98848557472229,True
EmoAR,2281,0,angry,brightness_0_90,0,angry,0.9942308664321899,True
EmoAR,2281,0,angry,brightness_1_10,0,angry,0.9804320335388184,True
EmoAR,2281,0,angry,contrast_0_90,0,angry,0.9922669529914856,True
EmoAR,2281,0,angry,contrast_1_10,0,angry,0.9910852313041687,True
EmoAR,2284,6,neutral,original,6,neutral,0.5624434351921082,True
EmoAR,2284,6,neutral,rotation_minus_5,4,sad,0.5089734196662903,False
EmoAR,2284,6,neutral,rotation_plus_5,6,neutral,0.508004367351532,True
EmoAR,2284,6,neutral,translate_minus_2,6,neutral,0.617289125919342,True
EmoAR,2284,6,neutral,translate_plus_2,6,neutral,0.6374155879020691,True
EmoAR,2284,6,neutral,brightness_0_90,6,neutral,0.8132764101028442,True
EmoAR,2284,6,neutral,brightness_1_10,4,sad,0.44853243231773376,False
EmoAR,2284,6,neutral,contrast_0_90,6,neutral,0.6021196246147156,True
EmoAR,2284,6,neutral,contrast_1_10,6,neutral,0.5405727624893188,True
EmoAR,2293,2,fear,original,4,sad,0.40182965993881226,False
EmoAR,2293,2,fear,rotation_minus_5,4,sad,0.456114262342453,False
EmoAR,2293,2,fear,rotation_plus_5,4,sad,0.5980005264282227,False
EmoAR,2293,2,fear,translate_minus_2,2,fear,0.39641866087913513,True
EmoAR,2293,2,fear,translate_plus_2,4,sad,0.4088233411312103,False
EmoAR,2293,2,fear,brightness_0_90,4,sad,0.3711163103580475,False
EmoAR,2293,2,fear,brightness_1_10,2,fear,0.4661593437194824,True
EmoAR,2293,2,fear,contrast_0_90,2,fear,0.4337588846683502,True
EmoAR,2293,2,fear,contrast_1_10,4,sad,0.4328174889087677,False
EmoAR,2295,1,disgust,original,5,surprise,0.9007128477096558,False
EmoAR,2295,1,disgust,rotation_minus_5,5,surprise,0.8201967477798462,False
EmoAR,2295,1,disgust,rotation_plus_5,5,surprise,0.8387449979782104,False
EmoAR,2295,1,disgust,translate_minus_2,5,surprise,0.9307023286819458,False
EmoAR,2295,1,disgust,translate_plus_2,5,surprise,0.7986670732498169,False
EmoAR,2295,1,disgust,brightness_0_90,5,surprise,0.8566092252731323,False
EmoAR,2295,1,disgust,brightness_1_10,5,surprise,0.9238109588623047,False
EmoAR,2295,1,disgust,contrast_0_90,5,surprise,0.8471615314483643,False
EmoAR,2295,1,disgust,contrast_1_10,5,surprise,0.916729748249054,False
EmoAR,2299,4,sad,original,0,angry,0.48443603515625,False
EmoAR,2299,4,sad,rotation_minus_5,0,angry,0.831521213054657,False
EmoAR,2299,4,sad,rotation_plus_5,0,angry,0.5837669968605042,False
EmoAR,2299,4,sad,translate_minus_2,0,angry,0.6059327721595764,False
EmoAR,2299,4,sad,translate_plus_2,0,angry,0.5511685609817505,False
EmoAR,2299,4,sad,brightness_0_90,0,angry,0.6575144529342651,False
EmoAR,2299,4,sad,brightness_1_10,0,angry,0.3303675055503845,False
EmoAR,2299,4,sad,contrast_0_90,0,angry,0.5235516428947449,False
EmoAR,2299,4,sad,contrast_1_10,0,angry,0.4360365867614746,False
EmoAR,2320,2,fear,original,6,neutral,0.5390353202819824,False
EmoAR,2320,2,fear,rotation_minus_5,6,neutral,0.7408190369606018,False
EmoAR,2320,2,fear,rotation_plus_5,6,neutral,0.6208754777908325,False
EmoAR,2320,2,fear,translate_minus_2,6,neutral,0.6513500809669495,False
EmoAR,2320,2,fear,translate_plus_2,6,neutral,0.5207129120826721,False
EmoAR,2320,2,fear,brightness_0_90,6,neutral,0.43130776286125183,False
EmoAR,2320,2,fear,brightness_1_10,6,neutral,0.6103363633155823,False
EmoAR,2320,2,fear,contrast_0_90,6,neutral,0.5356455445289612,False
EmoAR,2320,2,fear,contrast_1_10,6,neutral,0.5372379422187805,False
EmoAR,2322,0,angry,original,0,angry,0.9674779176712036,True
EmoAR,2322,0,angry,rotation_minus_5,0,angry,0.9786297678947449,True
EmoAR,2322,0,angry,rotation_plus_5,0,angry,0.9672749638557434,True
EmoAR,2322,0,angry,translate_minus_2,0,angry,0.9714711904525757,True
EmoAR,2322,0,angry,translate_plus_2,0,angry,0.9792705774307251,True
EmoAR,2322,0,angry,brightness_0_90,0,angry,0.9575816988945007,True
EmoAR,2322,0,angry,brightness_1_10,0,angry,0.9622200131416321,True
EmoAR,2322,0,angry,contrast_0_90,0,angry,0.9470019936561584,True
EmoAR,2322,0,angry,contrast_1_10,0,angry,0.9656701683998108,True
EmoAR,2324,1,disgust,original,1,disgust,0.7719321846961975,True
EmoAR,2324,1,disgust,rotation_minus_5,1,disgust,0.4207780957221985,True
EmoAR,2324,1,disgust,rotation_plus_5,1,disgust,0.8109531402587891,True
EmoAR,2324,1,disgust,translate_minus_2,1,disgust,0.7555691003799438,True
EmoAR,2324,1,disgust,translate_plus_2,1,disgust,0.6821247339248657,True
EmoAR,2324,1,disgust,brightness_0_90,1,disgust,0.7870330810546875,True
EmoAR,2324,1,disgust,brightness_1_10,1,disgust,0.7472189664840698,True
EmoAR,2324,1,disgust,contrast_0_90,1,disgust,0.6956729292869568,True
EmoAR,2324,1,disgust,contrast_1_10,1,disgust,0.8206242918968201,True
EmoAR,2329,0,angry,original,0,angry,0.5116617679595947,True
EmoAR,2329,0,angry,rotation_minus_5,3,happy,0.4485636055469513,False
EmoAR,2329,0,angry,rotation_plus_5,3,happy,0.6459031701087952,False
EmoAR,2329,0,angry,translate_minus_2,0,angry,0.4722859561443329,True
EmoAR,2329,0,angry,translate_plus_2,0,angry,0.41542187333106995,True
EmoAR,2329,0,angry,brightness_0_90,0,angry,0.5440822243690491,True
EmoAR,2329,0,angry,brightness_1_10,0,angry,0.4539531171321869,True
EmoAR,2329,0,angry,contrast_0_90,0,angry,0.4337204098701477,True
EmoAR,2329,0,angry,contrast_1_10,0,angry,0.600702702999115,True
EmoAR,2351,3,happy,original,0,angry,0.5552823543548584,False
EmoAR,2351,3,happy,rotation_minus_5,4,sad,0.43882933259010315,False
EmoAR,2351,3,happy,rotation_plus_5,4,sad,0.4312100112438202,False
EmoAR,2351,3,happy,translate_minus_2,3,happy,0.4034307897090912,True
EmoAR,2351,3,happy,translate_plus_2,0,angry,0.32513973116874695,False
EmoAR,2351,3,happy,brightness_0_90,0,angry,0.5526456832885742,False
EmoAR,2351,3,happy,brightness_1_10,0,angry,0.44214773178100586,False
EmoAR,2351,3,happy,contrast_0_90,0,angry,0.5096498727798462,False
EmoAR,2351,3,happy,contrast_1_10,0,angry,0.5569024085998535,False
EmoAR,2363,4,sad,original,4,sad,0.5697333812713623,True
EmoAR,2363,4,sad,rotation_minus_5,4,sad,0.502831220626831,True
EmoAR,2363,4,sad,rotation_plus_5,4,sad,0.5816354751586914,True
EmoAR,2363,4,sad,translate_minus_2,4,sad,0.5842059850692749,True
EmoAR,2363,4,sad,translate_plus_2,4,sad,0.5222391486167908,True
EmoAR,2363,4,sad,brightness_0_90,4,sad,0.6167107224464417,True
EmoAR,2363,4,sad,brightness_1_10,4,sad,0.5050633549690247,True
EmoAR,2363,4,sad,contrast_0_90,4,sad,0.5993070602416992,True
EmoAR,2363,4,sad,contrast_1_10,4,sad,0.5310966968536377,True
EmoAR,2389,1,disgust,original,1,disgust,0.9388163685798645,True
EmoAR,2389,1,disgust,rotation_minus_5,1,disgust,0.651439368724823,True
EmoAR,2389,1,disgust,rotation_plus_5,1,disgust,0.8728237748146057,True
EmoAR,2389,1,disgust,translate_minus_2,1,disgust,0.9251800775527954,True
EmoAR,2389,1,disgust,translate_plus_2,1,disgust,0.9174524545669556,True
EmoAR,2389,1,disgust,brightness_0_90,1,disgust,0.9143800139427185,True
EmoAR,2389,1,disgust,brightness_1_10,1,disgust,0.844184935092926,True
EmoAR,2389,1,disgust,contrast_0_90,1,disgust,0.921506404876709,True
EmoAR,2389,1,disgust,contrast_1_10,1,disgust,0.9357261657714844,True
EmoAR,2394,1,disgust,original,4,sad,0.33943578600883484,False
EmoAR,2394,1,disgust,rotation_minus_5,4,sad,0.4403458535671234,False
EmoAR,2394,1,disgust,rotation_plus_5,2,fear,0.40029555559158325,False
EmoAR,2394,1,disgust,translate_minus_2,4,sad,0.3943939805030823,False
EmoAR,2394,1,disgust,translate_plus_2,4,sad,0.3550952970981598,False
EmoAR,2394,1,disgust,brightness_0_90,6,neutral,0.3203515410423279,False
EmoAR,2394,1,disgust,brightness_1_10,4,sad,0.4766051471233368,False
EmoAR,2394,1,disgust,contrast_0_90,6,neutral,0.32290902733802795,False
EmoAR,2394,1,disgust,contrast_1_10,4,sad,0.41369307041168213,False
EmoAR,2398,3,happy,original,3,happy,0.9663652777671814,True
EmoAR,2398,3,happy,rotation_minus_5,3,happy,0.8191686272621155,True
EmoAR,2398,3,happy,rotation_plus_5,3,happy,0.9666151404380798,True
EmoAR,2398,3,happy,translate_minus_2,3,happy,0.9719997048377991,True
EmoAR,2398,3,happy,translate_plus_2,3,happy,0.97212153673172,True
EmoAR,2398,3,happy,brightness_0_90,3,happy,0.9473903179168701,True
EmoAR,2398,3,happy,brightness_1_10,3,happy,0.9742650389671326,True
EmoAR,2398,3,happy,contrast_0_90,3,happy,0.961168646812439,True
EmoAR,2398,3,happy,contrast_1_10,3,happy,0.9703284502029419,True
EmoAR,2409,2,fear,original,4,sad,0.7718691229820251,False
EmoAR,2409,2,fear,rotation_minus_5,4,sad,0.7890021800994873,False
EmoAR,2409,2,fear,rotation_plus_5,4,sad,0.8592008352279663,False
EmoAR,2409,2,fear,translate_minus_2,4,sad,0.7495193481445312,False
EmoAR,2409,2,fear,translate_plus_2,4,sad,0.7305047512054443,False
EmoAR,2409,2,fear,brightness_0_90,4,sad,0.7737364172935486,False
EmoAR,2409,2,fear,brightness_1_10,4,sad,0.7998163104057312,False
EmoAR,2409,2,fear,contrast_0_90,4,sad,0.7045264840126038,False
EmoAR,2409,2,fear,contrast_1_10,4,sad,0.8370115160942078,False
EmoAR,2415,2,fear,original,0,angry,0.7518828511238098,False
EmoAR,2415,2,fear,rotation_minus_5,0,angry,0.7874715924263,False
EmoAR,2415,2,fear,rotation_plus_5,0,angry,0.765864372253418,False
EmoAR,2415,2,fear,translate_minus_2,0,angry,0.721791684627533,False
EmoAR,2415,2,fear,translate_plus_2,0,angry,0.7594931721687317,False
EmoAR,2415,2,fear,brightness_0_90,0,angry,0.7573090195655823,False
EmoAR,2415,2,fear,brightness_1_10,0,angry,0.753672182559967,False
EmoAR,2415,2,fear,contrast_0_90,0,angry,0.7454828023910522,False
EmoAR,2415,2,fear,contrast_1_10,0,angry,0.77045077085495,False
EmoAR,2424,5,surprise,original,5,surprise,0.7247146964073181,True
EmoAR,2424,5,surprise,rotation_minus_5,2,fear,0.5142284631729126,False
EmoAR,2424,5,surprise,rotation_plus_5,2,fear,0.6349748373031616,False
EmoAR,2424,5,surprise,translate_minus_2,5,surprise,0.7495052218437195,True
EmoAR,2424,5,surprise,translate_plus_2,5,surprise,0.6182945370674133,True
EmoAR,2424,5,surprise,brightness_0_90,5,surprise,0.6831606030464172,True
EmoAR,2424,5,surprise,brightness_1_10,5,surprise,0.6557275056838989,True
EmoAR,2424,5,surprise,contrast_0_90,5,surprise,0.6778671741485596,True
EmoAR,2424,5,surprise,contrast_1_10,5,surprise,0.7713595032691956,True
EmoAR,2482,1,disgust,original,1,disgust,0.7803704738616943,True
EmoAR,2482,1,disgust,rotation_minus_5,1,disgust,0.7273303270339966,True
EmoAR,2482,1,disgust,rotation_plus_5,1,disgust,0.617803692817688,True
EmoAR,2482,1,disgust,translate_minus_2,1,disgust,0.5698695778846741,True
EmoAR,2482,1,disgust,translate_plus_2,1,disgust,0.482692688703537,True
EmoAR,2482,1,disgust,brightness_0_90,1,disgust,0.6853840947151184,True
EmoAR,2482,1,disgust,brightness_1_10,1,disgust,0.546154797077179,True
EmoAR,2482,1,disgust,contrast_0_90,1,disgust,0.7385523319244385,True
EmoAR,2482,1,disgust,contrast_1_10,1,disgust,0.8341131210327148,True
EmoAR,2495,1,disgust,original,0,angry,0.754837155342102,False
EmoAR,2495,1,disgust,rotation_minus_5,0,angry,0.8036530613899231,False
EmoAR,2495,1,disgust,rotation_plus_5,0,angry,0.7795315980911255,False
EmoAR,2495,1,disgust,translate_minus_2,0,angry,0.6888259053230286,False
EmoAR,2495,1,disgust,translate_plus_2,0,angry,0.74538254737854,False
EmoAR,2495,1,disgust,brightness_0_90,0,angry,0.7910901308059692,False
EmoAR,2495,1,disgust,brightness_1_10,0,angry,0.7401597499847412,False
EmoAR,2495,1,disgust,contrast_0_90,0,angry,0.7672184705734253,False
EmoAR,2495,1,disgust,contrast_1_10,0,angry,0.7544560432434082,False
EmoAR,2502,5,surprise,original,5,surprise,0.9860460162162781,True
EmoAR,2502,5,surprise,rotation_minus_5,5,surprise,0.9940749406814575,True
EmoAR,2502,5,surprise,rotation_plus_5,5,surprise,0.995290994644165,True
EmoAR,2502,5,surprise,translate_minus_2,5,surprise,0.9914723038673401,True
EmoAR,2502,5,surprise,translate_plus_2,5,surprise,0.9881718754768372,True
EmoAR,2502,5,surprise,brightness_0_90,5,surprise,0.9846957325935364,True
EmoAR,2502,5,surprise,brightness_1_10,5,surprise,0.9897331595420837,True
EmoAR,2502,5,surprise,contrast_0_90,5,surprise,0.9821412563323975,True
EmoAR,2502,5,surprise,contrast_1_10,5,surprise,0.9886572957038879,True
EmoAR,2507,5,surprise,original,2,fear,0.711984395980835,False
EmoAR,2507,5,surprise,rotation_minus_5,2,fear,0.634954035282135,False
EmoAR,2507,5,surprise,rotation_plus_5,2,fear,0.5408123135566711,False
EmoAR,2507,5,surprise,translate_minus_2,2,fear,0.5546320676803589,False
EmoAR,2507,5,surprise,translate_plus_2,2,fear,0.6933203339576721,False
EmoAR,2507,5,surprise,brightness_0_90,2,fear,0.6669027805328369,False
EmoAR,2507,5,surprise,brightness_1_10,2,fear,0.7150632739067078,False
EmoAR,2507,5,surprise,contrast_0_90,2,fear,0.684050440788269,False
EmoAR,2507,5,surprise,contrast_1_10,2,fear,0.7288723587989807,False
EmoAR,2513,2,fear,original,5,surprise,0.46344277262687683,False
EmoAR,2513,2,fear,rotation_minus_5,2,fear,0.4588858187198639,True
EmoAR,2513,2,fear,rotation_plus_5,5,surprise,0.44880014657974243,False
EmoAR,2513,2,fear,translate_minus_2,5,surprise,0.38510575890541077,False
EmoAR,2513,2,fear,translate_plus_2,5,surprise,0.3495534658432007,False
EmoAR,2513,2,fear,brightness_0_90,5,surprise,0.42491817474365234,False
EmoAR,2513,2,fear,brightness_1_10,2,fear,0.44364145398139954,True
EmoAR,2513,2,fear,contrast_0_90,5,surprise,0.4471724033355713,False
EmoAR,2513,2,fear,contrast_1_10,5,surprise,0.44348785281181335,False
EmoAR,2518,5,surprise,original,5,surprise,0.9984985589981079,True
EmoAR,2518,5,surprise,rotation_minus_5,5,surprise,0.9932096600532532,True
EmoAR,2518,5,surprise,rotation_plus_5,5,surprise,0.9911688566207886,True
EmoAR,2518,5,surprise,translate_minus_2,5,surprise,0.9985612034797668,True
EmoAR,2518,5,surprise,translate_plus_2,5,surprise,0.9983375072479248,True
EmoAR,2518,5,surprise,brightness_0_90,5,surprise,0.9981896281242371,True
EmoAR,2518,5,surprise,brightness_1_10,5,surprise,0.9988227486610413,True
EmoAR,2518,5,surprise,contrast_0_90,5,surprise,0.9977099895477295,True
EmoAR,2518,5,surprise,contrast_1_10,5,surprise,0.9987364411354065,True
EmoAR,2525,4,sad,original,4,sad,0.7498169541358948,True
EmoAR,2525,4,sad,rotation_minus_5,4,sad,0.6971193552017212,True
EmoAR,2525,4,sad,rotation_plus_5,4,sad,0.7300176024436951,True
EmoAR,2525,4,sad,translate_minus_2,4,sad,0.6803163886070251,True
EmoAR,2525,4,sad,translate_plus_2,4,sad,0.7603798508644104,True
EmoAR,2525,4,sad,brightness_0_90,4,sad,0.7430194020271301,True
EmoAR,2525,4,sad,brightness_1_10,4,sad,0.7704102993011475,True
EmoAR,2525,4,sad,contrast_0_90,4,sad,0.7143481969833374,True
EmoAR,2525,4,sad,contrast_1_10,4,sad,0.7883692383766174,True
EmoAR,2529,4,sad,original,0,angry,0.7778770923614502,False
EmoAR,2529,4,sad,rotation_minus_5,0,angry,0.7303407788276672,False
EmoAR,2529,4,sad,rotation_plus_5,0,angry,0.8751420974731445,False
EmoAR,2529,4,sad,translate_minus_2,0,angry,0.8213472366333008,False
EmoAR,2529,4,sad,translate_plus_2,0,angry,0.8465268611907959,False
EmoAR,2529,4,sad,brightness_0_90,0,angry,0.7994568347930908,False
EmoAR,2529,4,sad,brightness_1_10,0,angry,0.7385430932044983,False
EmoAR,2529,4,sad,contrast_0_90,0,angry,0.7794938683509827,False
EmoAR,2529,4,sad,contrast_1_10,0,angry,0.7553287148475647,False
EmoAR,2537,2,fear,original,2,fear,0.7475059032440186,True
EmoAR,2537,2,fear,rotation_minus_5,2,fear,0.5149280428886414,True
EmoAR,2537,2,fear,rotation_plus_5,2,fear,0.5599302649497986,True
EmoAR,2537,2,fear,translate_minus_2,2,fear,0.8413063287734985,True
EmoAR,2537,2,fear,translate_plus_2,2,fear,0.6926239132881165,True
EmoAR,2537,2,fear,brightness_0_90,2,fear,0.5996426343917847,True
EmoAR,2537,2,fear,brightness_1_10,2,fear,0.8518179655075073,True
EmoAR,2537,2,fear,contrast_0_90,2,fear,0.7287882566452026,True
EmoAR,2537,2,fear,contrast_1_10,2,fear,0.7408711910247803,True
EmoAR,2548,0,angry,original,6,neutral,0.5074459314346313,False
EmoAR,2548,0,angry,rotation_minus_5,2,fear,0.3593732714653015,False
EmoAR,2548,0,angry,rotation_plus_5,2,fear,0.33642125129699707,False
EmoAR,2548,0,angry,translate_minus_2,6,neutral,0.5351442098617554,False
EmoAR,2548,0,angry,translate_plus_2,6,neutral,0.5016788840293884,False
EmoAR,2548,0,angry,brightness_0_90,6,neutral,0.48478251695632935,False
EmoAR,2548,0,angry,brightness_1_10,6,neutral,0.4781138002872467,False
EmoAR,2548,0,angry,contrast_0_90,6,neutral,0.46705326437950134,False
EmoAR,2548,0,angry,contrast_1_10,6,neutral,0.5427924990653992,False
EmoAR,2556,6,neutral,original,6,neutral,0.9379328489303589,True
EmoAR,2556,6,neutral,rotation_minus_5,6,neutral,0.8045966625213623,True
EmoAR,2556,6,neutral,rotation_plus_5,6,neutral,0.889164388179779,True
EmoAR,2556,6,neutral,translate_minus_2,6,neutral,0.9305469393730164,True
EmoAR,2556,6,neutral,translate_plus_2,6,neutral,0.9161543846130371,True
EmoAR,2556,6,neutral,brightness_0_90,6,neutral,0.9153628945350647,True
EmoAR,2556,6,neutral,brightness_1_10,6,neutral,0.9501705169677734,True
EmoAR,2556,6,neutral,contrast_0_90,6,neutral,0.9158694744110107,True
EmoAR,2556,6,neutral,contrast_1_10,6,neutral,0.9406601786613464,True
EmoAR,2558,6,neutral,original,4,sad,0.5380102396011353,False
EmoAR,2558,6,neutral,rotation_minus_5,4,sad,0.542928159236908,False
EmoAR,2558,6,neutral,rotation_plus_5,4,sad,0.4657210111618042,False
EmoAR,2558,6,neutral,translate_minus_2,4,sad,0.5042570233345032,False
EmoAR,2558,6,neutral,translate_plus_2,4,sad,0.5071125030517578,False
EmoAR,2558,6,neutral,brightness_0_90,4,sad,0.5215427279472351,False
EmoAR,2558,6,neutral,brightness_1_10,4,sad,0.5439777374267578,False
EmoAR,2558,6,neutral,contrast_0_90,4,sad,0.5152271389961243,False
EmoAR,2558,6,neutral,contrast_1_10,4,sad,0.5673314332962036,False
EmoAR,2587,6,neutral,original,6,neutral,0.9129014015197754,True
EmoAR,2587,6,neutral,rotation_minus_5,6,neutral,0.8627383708953857,True
EmoAR,2587,6,neutral,rotation_plus_5,6,neutral,0.8349369168281555,True
EmoAR,2587,6,neutral,translate_minus_2,6,neutral,0.9128379225730896,True
EmoAR,2587,6,neutral,translate_plus_2,6,neutral,0.9316234588623047,True
EmoAR,2587,6,neutral,brightness_0_90,6,neutral,0.9029548168182373,True
EmoAR,2587,6,neutral,brightness_1_10,6,neutral,0.9228511452674866,True
EmoAR,2587,6,neutral,contrast_0_90,6,neutral,0.9075048565864563,True
EmoAR,2587,6,neutral,contrast_1_10,6,neutral,0.9072682857513428,True
EmoAR,2590,3,happy,original,3,happy,0.9983820915222168,True
EmoAR,2590,3,happy,rotation_minus_5,3,happy,0.9997015595436096,True
EmoAR,2590,3,happy,rotation_plus_5,3,happy,0.998630702495575,True
EmoAR,2590,3,happy,translate_minus_2,3,happy,0.998295247554779,True
EmoAR,2590,3,happy,translate_plus_2,3,happy,0.9984719157218933,True
EmoAR,2590,3,happy,brightness_0_90,3,happy,0.9982619881629944,True
EmoAR,2590,3,happy,brightness_1_10,3,happy,0.9983444213867188,True
EmoAR,2590,3,happy,contrast_0_90,3,happy,0.9986938834190369,True
EmoAR,2590,3,happy,contrast_1_10,3,happy,0.9977610111236572,True
EmoAR,2591,0,angry,original,1,disgust,0.9054080247879028,False
EmoAR,2591,0,angry,rotation_minus_5,1,disgust,0.4705049395561218,False
EmoAR,2591,0,angry,rotation_plus_5,1,disgust,0.725348711013794,False
EmoAR,2591,0,angry,translate_minus_2,1,disgust,0.7766861319541931,False
EmoAR,2591,0,angry,translate_plus_2,1,disgust,0.8446087837219238,False
EmoAR,2591,0,angry,brightness_0_90,1,disgust,0.9149835109710693,False
EmoAR,2591,0,angry,brightness_1_10,1,disgust,0.9033766388893127,False
EmoAR,2591,0,angry,contrast_0_90,1,disgust,0.8735644817352295,False
EmoAR,2591,0,angry,contrast_1_10,1,disgust,0.9174442887306213,False
EmoAR,2615,4,sad,original,2,fear,0.3447481393814087,False
EmoAR,2615,4,sad,rotation_minus_5,4,sad,0.36277201771736145,True
EmoAR,2615,4,sad,rotation_plus_5,4,sad,0.4052819311618805,True
EmoAR,2615,4,sad,translate_minus_2,2,fear,0.345722496509552,False
EmoAR,2615,4,sad,translate_plus_2,4,sad,0.43085765838623047,True
EmoAR,2615,4,sad,brightness_0_90,4,sad,0.3746958374977112,True
EmoAR,2615,4,sad,brightness_1_10,2,fear,0.32782962918281555,False
EmoAR,2615,4,sad,contrast_0_90,4,sad,0.36263951659202576,True
EmoAR,2615,4,sad,contrast_1_10,2,fear,0.358274906873703,False
EmoAR,2620,0,angry,original,0,angry,0.9267149567604065,True
EmoAR,2620,0,angry,rotation_minus_5,0,angry,0.5055345892906189,True
EmoAR,2620,0,angry,rotation_plus_5,0,angry,0.774056613445282,True
EmoAR,2620,0,angry,translate_minus_2,0,angry,0.8984777927398682,True
EmoAR,2620,0,angry,translate_plus_2,0,angry,0.9040855765342712,True
EmoAR,2620,0,angry,brightness_0_90,0,angry,0.9195294380187988,True
EmoAR,2620,0,angry,brightness_1_10,0,angry,0.9361440539360046,True
EmoAR,2620,0,angry,contrast_0_90,0,angry,0.8872467279434204,True
EmoAR,2620,0,angry,contrast_1_10,0,angry,0.9465193152427673,True
EmoAR,2626,6,neutral,original,2,fear,0.4237479567527771,False
EmoAR,2626,6,neutral,rotation_minus_5,2,fear,0.5087245106697083,False
EmoAR,2626,6,neutral,rotation_plus_5,2,fear,0.3994659185409546,False
EmoAR,2626,6,neutral,translate_minus_2,6,neutral,0.44838494062423706,True
EmoAR,2626,6,neutral,translate_plus_2,6,neutral,0.4474019706249237,True
EmoAR,2626,6,neutral,brightness_0_90,2,fear,0.4115747809410095,False
EmoAR,2626,6,neutral,brightness_1_10,6,neutral,0.449110209941864,True
EmoAR,2626,6,neutral,contrast_0_90,6,neutral,0.43494775891304016,True
EmoAR,2626,6,neutral,contrast_1_10,2,fear,0.4258599579334259,False
EmoAR,2649,1,disgust,original,1,disgust,0.9982376098632812,True
EmoAR,2649,1,disgust,rotation_minus_5,1,disgust,0.9969725608825684,True
EmoAR,2649,1,disgust,rotation_plus_5,1,disgust,0.9887252449989319,True
EmoAR,2649,1,disgust,translate_minus_2,1,disgust,0.9972911477088928,True
EmoAR,2649,1,disgust,translate_plus_2,1,disgust,0.9981719255447388,True
EmoAR,2649,1,disgust,brightness_0_90,1,disgust,0.997046172618866,True
EmoAR,2649,1,disgust,brightness_1_10,1,disgust,0.9987718462944031,True
EmoAR,2649,1,disgust,contrast_0_90,1,disgust,0.9981850981712341,True
EmoAR,2649,1,disgust,contrast_1_10,1,disgust,0.9980378746986389,True
EmoAR,2650,1,disgust,original,1,disgust,0.7455858588218689,True
EmoAR,2650,1,disgust,rotation_minus_5,1,disgust,0.7059167623519897,True
EmoAR,2650,1,disgust,rotation_plus_5,1,disgust,0.8126451969146729,True
EmoAR,2650,1,disgust,translate_minus_2,1,disgust,0.7494756579399109,True
EmoAR,2650,1,disgust,translate_plus_2,1,disgust,0.6564716696739197,True
EmoAR,2650,1,disgust,brightness_0_90,1,disgust,0.8255817890167236,True
EmoAR,2650,1,disgust,brightness_1_10,1,disgust,0.6515246033668518,True
EmoAR,2650,1,disgust,contrast_0_90,1,disgust,0.8385111689567566,True
EmoAR,2650,1,disgust,contrast_1_10,1,disgust,0.6573335528373718,True
EmoAR,2660,1,disgust,original,1,disgust,0.9589850902557373,True
EmoAR,2660,1,disgust,rotation_minus_5,1,disgust,0.5215460658073425,True
EmoAR,2660,1,disgust,rotation_plus_5,0,angry,0.7362736463546753,False
EmoAR,2660,1,disgust,translate_minus_2,1,disgust,0.9288855195045471,True
EmoAR,2660,1,disgust,translate_plus_2,1,disgust,0.9373778104782104,True
EmoAR,2660,1,disgust,brightness_0_90,1,disgust,0.9667387008666992,True
EmoAR,2660,1,disgust,brightness_1_10,1,disgust,0.9277560710906982,True
EmoAR,2660,1,disgust,contrast_0_90,1,disgust,0.9201779365539551,True
EmoAR,2660,1,disgust,contrast_1_10,1,disgust,0.9812948703765869,True
EmoAR,2661,2,fear,original,5,surprise,0.7400544881820679,False
EmoAR,2661,2,fear,rotation_minus_5,5,surprise,0.5224137306213379,False
EmoAR,2661,2,fear,rotation_plus_5,5,surprise,0.48093822598457336,False
EmoAR,2661,2,fear,translate_minus_2,5,surprise,0.6650828719139099,False
EmoAR,2661,2,fear,translate_plus_2,5,surprise,0.7356001734733582,False
EmoAR,2661,2,fear,brightness_0_90,5,surprise,0.7244529724121094,False
EmoAR,2661,2,fear,brightness_1_10,5,surprise,0.715673565864563,False
EmoAR,2661,2,fear,contrast_0_90,5,surprise,0.767167329788208,False
EmoAR,2661,2,fear,contrast_1_10,5,surprise,0.6801069378852844,False
EmoAR,2667,3,happy,original,3,happy,0.9965632557868958,True
EmoAR,2667,3,happy,rotation_minus_5,3,happy,0.998293936252594,True
EmoAR,2667,3,happy,rotation_plus_5,3,happy,0.9975625276565552,True
EmoAR,2667,3,happy,translate_minus_2,3,happy,0.9970629811286926,True
EmoAR,2667,3,happy,translate_plus_2,3,happy,0.9960512518882751,True
EmoAR,2667,3,happy,brightness_0_90,3,happy,0.9959084987640381,True
EmoAR,2667,3,happy,brightness_1_10,3,happy,0.9972075819969177,True
EmoAR,2667,3,happy,contrast_0_90,3,happy,0.9968578815460205,True
EmoAR,2667,3,happy,contrast_1_10,3,happy,0.9963318705558777,True
EmoAR,2670,2,fear,original,2,fear,0.5354057550430298,True
EmoAR,2670,2,fear,rotation_minus_5,3,happy,0.3870299458503723,False
EmoAR,2670,2,fear,rotation_plus_5,2,fear,0.5130009055137634,True
EmoAR,2670,2,fear,translate_minus_2,2,fear,0.5777715444564819,True
EmoAR,2670,2,fear,translate_plus_2,2,fear,0.5286963582038879,True
EmoAR,2670,2,fear,brightness_0_90,2,fear,0.4404864013195038,True
EmoAR,2670,2,fear,brightness_1_10,2,fear,0.6088218092918396,True
EmoAR,2670,2,fear,contrast_0_90,2,fear,0.4131903648376465,True
EmoAR,2670,2,fear,contrast_1_10,2,fear,0.5971641540527344,True
EmoAR,2697,3,happy,original,3,happy,0.9680384397506714,True
EmoAR,2697,3,happy,rotation_minus_5,3,happy,0.951317548751831,True
EmoAR,2697,3,happy,rotation_plus_5,3,happy,0.9499771595001221,True
EmoAR,2697,3,happy,translate_minus_2,3,happy,0.9613080024719238,True
EmoAR,2697,3,happy,translate_plus_2,3,happy,0.9533988833427429,True
EmoAR,2697,3,happy,brightness_0_90,3,happy,0.9775431752204895,True
EmoAR,2697,3,happy,brightness_1_10,3,happy,0.953603982925415,True
EmoAR,2697,3,happy,contrast_0_90,3,happy,0.9693320393562317,True
EmoAR,2697,3,happy,contrast_1_10,3,happy,0.9584546685218811,True
EmoAR,2700,4,sad,original,4,sad,0.6419790983200073,True
EmoAR,2700,4,sad,rotation_minus_5,4,sad,0.526019275188446,True
EmoAR,2700,4,sad,rotation_plus_5,4,sad,0.4284580647945404,True
EmoAR,2700,4,sad,translate_minus_2,4,sad,0.6141246557235718,True
EmoAR,2700,4,sad,translate_plus_2,4,sad,0.5912867784500122,True
EmoAR,2700,4,sad,brightness_0_90,4,sad,0.6725123524665833,True
EmoAR,2700,4,sad,brightness_1_10,4,sad,0.553886890411377,True
EmoAR,2700,4,sad,contrast_0_90,4,sad,0.6398171186447144,True
EmoAR,2700,4,sad,contrast_1_10,4,sad,0.63799649477005,True
EmoAR,2713,4,sad,original,6,neutral,0.7197317481040955,False
EmoAR,2713,4,sad,rotation_minus_5,6,neutral,0.662060558795929,False
EmoAR,2713,4,sad,rotation_plus_5,6,neutral,0.5400117039680481,False
EmoAR,2713,4,sad,translate_minus_2,6,neutral,0.77146315574646,False
EmoAR,2713,4,sad,translate_plus_2,6,neutral,0.7360867857933044,False
EmoAR,2713,4,sad,brightness_0_90,6,neutral,0.6770537495613098,False
EmoAR,2713,4,sad,brightness_1_10,6,neutral,0.7039133906364441,False
EmoAR,2713,4,sad,contrast_0_90,6,neutral,0.6928519606590271,False
EmoAR,2713,4,sad,contrast_1_10,6,neutral,0.7247980237007141,False
EmoAR,2715,0,angry,original,0,angry,0.9396913647651672,True
EmoAR,2715,0,angry,rotation_minus_5,0,angry,0.8812922239303589,True
EmoAR,2715,0,angry,rotation_plus_5,0,angry,0.8712685108184814,True
EmoAR,2715,0,angry,translate_minus_2,0,angry,0.9561418294906616,True
EmoAR,2715,0,angry,translate_plus_2,0,angry,0.9623458385467529,True
EmoAR,2715,0,angry,brightness_0_90,0,angry,0.9232268333435059,True
EmoAR,2715,0,angry,brightness_1_10,0,angry,0.9292531609535217,True
EmoAR,2715,0,angry,contrast_0_90,0,angry,0.896770179271698,True
EmoAR,2715,0,angry,contrast_1_10,0,angry,0.9489679336547852,True
EmoAR,2717,1,disgust,original,1,disgust,0.9711106419563293,True
EmoAR,2717,1,disgust,rotation_minus_5,1,disgust,0.7199121117591858,True
EmoAR,2717,1,disgust,rotation_plus_5,1,disgust,0.8062958121299744,True
EmoAR,2717,1,disgust,translate_minus_2,1,disgust,0.966726541519165,True
EmoAR,2717,1,disgust,translate_plus_2,1,disgust,0.928398847579956,True
EmoAR,2717,1,disgust,brightness_0_90,1,disgust,0.9104527831077576,True
EmoAR,2717,1,disgust,brightness_1_10,1,disgust,0.9834921956062317,True
EmoAR,2717,1,disgust,contrast_0_90,1,disgust,0.9391762614250183,True
EmoAR,2717,1,disgust,contrast_1_10,1,disgust,0.9800763726234436,True
EmoAR,2734,2,fear,original,4,sad,0.8148042559623718,False
EmoAR,2734,2,fear,rotation_minus_5,4,sad,0.7449098229408264,False
EmoAR,2734,2,fear,rotation_plus_5,4,sad,0.8055739402770996,False
EmoAR,2734,2,fear,translate_minus_2,4,sad,0.8575316071510315,False
EmoAR,2734,2,fear,translate_plus_2,4,sad,0.8283717036247253,False
EmoAR,2734,2,fear,brightness_0_90,4,sad,0.8430734872817993,False
EmoAR,2734,2,fear,brightness_1_10,4,sad,0.7508407831192017,False
EmoAR,2734,2,fear,contrast_0_90,4,sad,0.81499183177948,False
EmoAR,2734,2,fear,contrast_1_10,4,sad,0.8289859890937805,False
EmoAR,2740,2,fear,original,2,fear,0.7368698716163635,True
EmoAR,2740,2,fear,rotation_minus_5,2,fear,0.9006608128547668,True
EmoAR,2740,2,fear,rotation_plus_5,2,fear,0.8591058850288391,True
EmoAR,2740,2,fear,translate_minus_2,2,fear,0.6430507302284241,True
EmoAR,2740,2,fear,translate_plus_2,2,fear,0.6214709877967834,True
EmoAR,2740,2,fear,brightness_0_90,2,fear,0.8435968160629272,True
EmoAR,2740,2,fear,brightness_1_10,2,fear,0.690449059009552,True
EmoAR,2740,2,fear,contrast_0_90,2,fear,0.8601671457290649,True
EmoAR,2740,2,fear,contrast_1_10,2,fear,0.5879174470901489,True
EmoAR,2753,0,angry,original,0,angry,0.8511459827423096,True
EmoAR,2753,0,angry,rotation_minus_5,0,angry,0.7905721664428711,True
EmoAR,2753,0,angry,rotation_plus_5,0,angry,0.7252849340438843,True
EmoAR,2753,0,angry,translate_minus_2,0,angry,0.8303526043891907,True
EmoAR,2753,0,angry,translate_plus_2,0,angry,0.8689556121826172,True
EmoAR,2753,0,angry,brightness_0_90,0,angry,0.8294822573661804,True
EmoAR,2753,0,angry,brightness_1_10,0,angry,0.8558410406112671,True
EmoAR,2753,0,angry,contrast_0_90,0,angry,0.8276886343955994,True
EmoAR,2753,0,angry,contrast_1_10,0,angry,0.8611490726470947,True
EmoAR,2761,0,angry,original,0,angry,0.9666746258735657,True
EmoAR,2761,0,angry,rotation_minus_5,0,angry,0.9898570775985718,True
EmoAR,2761,0,angry,rotation_plus_5,0,angry,0.9920198321342468,True
EmoAR,2761,0,angry,translate_minus_2,0,angry,0.9723408222198486,True
EmoAR,2761,0,angry,translate_plus_2,0,angry,0.9363499283790588,True
EmoAR,2761,0,angry,brightness_0_90,0,angry,0.9600326418876648,True
EmoAR,2761,0,angry,brightness_1_10,0,angry,0.9719751477241516,True
EmoAR,2761,0,angry,contrast_0_90,0,angry,0.9635904431343079,True
EmoAR,2761,0,angry,contrast_1_10,0,angry,0.9662585258483887,True
EmoAR,2784,3,happy,original,3,happy,0.9959895014762878,True
EmoAR,2784,3,happy,rotation_minus_5,3,happy,0.9943625926971436,True
EmoAR,2784,3,happy,rotation_plus_5,3,happy,0.996715784072876,True
EmoAR,2784,3,happy,translate_minus_2,3,happy,0.9975717663764954,True
EmoAR,2784,3,happy,translate_plus_2,3,happy,0.9982499480247498,True
EmoAR,2784,3,happy,brightness_0_90,3,happy,0.9926424622535706,True
EmoAR,2784,3,happy,brightness_1_10,3,happy,0.9967041611671448,True
EmoAR,2784,3,happy,contrast_0_90,3,happy,0.993960976600647,True
EmoAR,2784,3,happy,contrast_1_10,3,happy,0.997063934803009,True
EmoAR,2794,0,angry,original,0,angry,0.70286625623703,True
EmoAR,2794,0,angry,rotation_minus_5,0,angry,0.4704999327659607,True
EmoAR,2794,0,angry,rotation_plus_5,0,angry,0.5359049439430237,True
EmoAR,2794,0,angry,translate_minus_2,0,angry,0.7143191695213318,True
EmoAR,2794,0,angry,translate_plus_2,0,angry,0.7440134286880493,True
EmoAR,2794,0,angry,brightness_0_90,0,angry,0.6437152624130249,True
EmoAR,2794,0,angry,brightness_1_10,0,angry,0.6810637712478638,True
EmoAR,2794,0,angry,contrast_0_90,0,angry,0.6225641965866089,True
EmoAR,2794,0,angry,contrast_1_10,0,angry,0.7410779595375061,True
EmoAR,2807,4,sad,original,4,sad,0.9562654495239258,True
EmoAR,2807,4,sad,rotation_minus_5,4,sad,0.9736193418502808,True
EmoAR,2807,4,sad,rotation_plus_5,4,sad,0.9692494869232178,True
EmoAR,2807,4,sad,translate_minus_2,4,sad,0.9498774409294128,True
EmoAR,2807,4,sad,translate_plus_2,4,sad,0.953880786895752,True
EmoAR,2807,4,sad,brightness_0_90,4,sad,0.9370461106300354,True
EmoAR,2807,4,sad,brightness_1_10,4,sad,0.9557104706764221,True
EmoAR,2807,4,sad,contrast_0_90,4,sad,0.930882453918457,True
EmoAR,2807,4,sad,contrast_1_10,4,sad,0.9617807269096375,True
EmoAR,2867,4,sad,original,3,happy,0.7218984961509705,False
EmoAR,2867,4,sad,rotation_minus_5,6,neutral,0.3331977427005768,False
EmoAR,2867,4,sad,rotation_plus_5,3,happy,0.29625141620635986,False
EmoAR,2867,4,sad,translate_minus_2,3,happy,0.66981440782547,False
EmoAR,2867,4,sad,translate_plus_2,3,happy,0.6149604916572571,False
EmoAR,2867,4,sad,brightness_0_90,3,happy,0.7122213840484619,False
EmoAR,2867,4,sad,brightness_1_10,3,happy,0.7458452582359314,False
EmoAR,2867,4,sad,contrast_0_90,3,happy,0.6864995956420898,False
EmoAR,2867,4,sad,contrast_1_10,3,happy,0.731781542301178,False
EmoAR,2889,0,angry,original,4,sad,0.6788784861564636,False
EmoAR,2889,0,angry,rotation_minus_5,4,sad,0.7418868541717529,False
EmoAR,2889,0,angry,rotation_plus_5,4,sad,0.6181030869483948,False
EmoAR,2889,0,angry,translate_minus_2,4,sad,0.6782835721969604,False
EmoAR,2889,0,angry,translate_plus_2,4,sad,0.5897743105888367,False
EmoAR,2889,0,angry,brightness_0_90,4,sad,0.6496918201446533,False
EmoAR,2889,0,angry,brightness_1_10,4,sad,0.7007137537002563,False
EmoAR,2889,0,angry,contrast_0_90,4,sad,0.6353309154510498,False
EmoAR,2889,0,angry,contrast_1_10,4,sad,0.7080569863319397,False
EmoAR,2897,4,sad,original,4,sad,0.5894210338592529,True
EmoAR,2897,4,sad,rotation_minus_5,4,sad,0.744853138923645,True
EmoAR,2897,4,sad,rotation_plus_5,4,sad,0.664605975151062,True
EmoAR,2897,4,sad,translate_minus_2,4,sad,0.6286264657974243,True
EmoAR,2897,4,sad,translate_plus_2,4,sad,0.6839226484298706,True
EmoAR,2897,4,sad,brightness_0_90,4,sad,0.5929221510887146,True
EmoAR,2897,4,sad,brightness_1_10,4,sad,0.5855507850646973,True
EmoAR,2897,4,sad,contrast_0_90,4,sad,0.6114301681518555,True
EmoAR,2897,4,sad,contrast_1_10,4,sad,0.532124936580658,True
EmoAR,2905,6,neutral,original,6,neutral,0.9808063507080078,True
EmoAR,2905,6,neutral,rotation_minus_5,6,neutral,0.6213661432266235,True
EmoAR,2905,6,neutral,rotation_plus_5,6,neutral,0.43257859349250793,True
EmoAR,2905,6,neutral,translate_minus_2,6,neutral,0.9589372873306274,True
EmoAR,2905,6,neutral,translate_plus_2,6,neutral,0.985948920249939,True
EmoAR,2905,6,neutral,brightness_0_90,6,neutral,0.9701557755470276,True
EmoAR,2905,6,neutral,brightness_1_10,6,neutral,0.9862779974937439,True
EmoAR,2905,6,neutral,contrast_0_90,6,neutral,0.9692065715789795,True
EmoAR,2905,6,neutral,contrast_1_10,6,neutral,0.9878363013267517,True
EmoAR,2906,4,sad,original,4,sad,0.7354981303215027,True
EmoAR,2906,4,sad,rotation_minus_5,4,sad,0.5777867436408997,True
EmoAR,2906,4,sad,rotation_plus_5,4,sad,0.7242114543914795,True
EmoAR,2906,4,sad,translate_minus_2,4,sad,0.7618833780288696,True
EmoAR,2906,4,sad,translate_plus_2,4,sad,0.6990835070610046,True
EmoAR,2906,4,sad,brightness_0_90,4,sad,0.6056833267211914,True
EmoAR,2906,4,sad,brightness_1_10,4,sad,0.7978927493095398,True
EmoAR,2906,4,sad,contrast_0_90,4,sad,0.7381885647773743,True
EmoAR,2906,4,sad,contrast_1_10,4,sad,0.7320058345794678,True
EmoAR,2917,3,happy,original,3,happy,0.9603093862533569,True
EmoAR,2917,3,happy,rotation_minus_5,3,happy,0.9880204796791077,True
EmoAR,2917,3,happy,rotation_plus_5,3,happy,0.9727564454078674,True
EmoAR,2917,3,happy,translate_minus_2,3,happy,0.9480599761009216,True
EmoAR,2917,3,happy,translate_plus_2,3,happy,0.9594472050666809,True
EmoAR,2917,3,happy,brightness_0_90,3,happy,0.9666860699653625,True
EmoAR,2917,3,happy,brightness_1_10,3,happy,0.9556860327720642,True
EmoAR,2917,3,happy,contrast_0_90,3,happy,0.9632818698883057,True
EmoAR,2917,3,happy,contrast_1_10,3,happy,0.9654332399368286,True
EmoAR,2939,5,surprise,original,5,surprise,0.8636119365692139,True
EmoAR,2939,5,surprise,rotation_minus_5,5,surprise,0.681015133857727,True
EmoAR,2939,5,surprise,rotation_plus_5,5,surprise,0.7672268748283386,True
EmoAR,2939,5,surprise,translate_minus_2,5,surprise,0.8486850261688232,True
EmoAR,2939,5,surprise,translate_plus_2,5,surprise,0.8371163606643677,True
EmoAR,2939,5,surprise,brightness_0_90,5,surprise,0.8597429990768433,True
EmoAR,2939,5,surprise,brightness_1_10,5,surprise,0.791178286075592,True
EmoAR,2939,5,surprise,contrast_0_90,5,surprise,0.714759886264801,True
EmoAR,2939,5,surprise,contrast_1_10,5,surprise,0.9193607568740845,True
EmoAR,2966,5,surprise,original,5,surprise,0.9981245398521423,True
EmoAR,2966,5,surprise,rotation_minus_5,5,surprise,0.9982011318206787,True
EmoAR,2966,5,surprise,rotation_plus_5,5,surprise,0.9982399940490723,True
EmoAR,2966,5,surprise,translate_minus_2,5,surprise,0.9983140230178833,True
EmoAR,2966,5,surprise,translate_plus_2,5,surprise,0.998916506767273,True
EmoAR,2966,5,surprise,brightness_0_90,5,surprise,0.9958786964416504,True
EmoAR,2966,5,surprise,brightness_1_10,5,surprise,0.9990326166152954,True
EmoAR,2966,5,surprise,contrast_0_90,5,surprise,0.9970331192016602,True
EmoAR,2966,5,surprise,contrast_1_10,5,surprise,0.9988835453987122,True
EmoAR,2976,2,fear,original,3,happy,0.3445064425468445,False
EmoAR,2976,2,fear,rotation_minus_5,3,happy,0.4718218147754669,False
EmoAR,2976,2,fear,rotation_plus_5,3,happy,0.5024470686912537,False
EmoAR,2976,2,fear,translate_minus_2,5,surprise,0.36382922530174255,False
EmoAR,2976,2,fear,translate_plus_2,5,surprise,0.3949577212333679,False
EmoAR,2976,2,fear,brightness_0_90,3,happy,0.5074480772018433,False
EmoAR,2976,2,fear,brightness_1_10,3,happy,0.35705333948135376,False
EmoAR,2976,2,fear,contrast_0_90,3,happy,0.4115886986255646,False
EmoAR,2976,2,fear,contrast_1_10,5,surprise,0.4189590811729431,False
EmoAR,2998,1,disgust,original,1,disgust,0.9740997552871704,True
EmoAR,2998,1,disgust,rotation_minus_5,1,disgust,0.7555547952651978,True
EmoAR,2998,1,disgust,rotation_plus_5,1,disgust,0.707039475440979,True
EmoAR,2998,1,disgust,translate_minus_2,1,disgust,0.9339972138404846,True
EmoAR,2998,1,disgust,translate_plus_2,1,disgust,0.9349312782287598,True
EmoAR,2998,1,disgust,brightness_0_90,1,disgust,0.9685308933258057,True
EmoAR,2998,1,disgust,brightness_1_10,1,disgust,0.963286280632019,True
EmoAR,2998,1,disgust,contrast_0_90,1,disgust,0.9627014398574829,True
EmoAR,2998,1,disgust,contrast_1_10,1,disgust,0.9759436845779419,True
EmoAR,3002,0,angry,original,0,angry,0.41932904720306396,True
EmoAR,3002,0,angry,rotation_minus_5,3,happy,0.5137209892272949,False
EmoAR,3002,0,angry,rotation_plus_5,3,happy,0.4019131362438202,False
EmoAR,3002,0,angry,translate_minus_2,0,angry,0.4694874882698059,True
EmoAR,3002,0,angry,translate_plus_2,0,angry,0.4559996426105499,True
EmoAR,3002,0,angry,brightness_0_90,0,angry,0.395213782787323,True
EmoAR,3002,0,angry,brightness_1_10,0,angry,0.4666348099708557,True
EmoAR,3002,0,angry,contrast_0_90,0,angry,0.38181668519973755,True
EmoAR,3002,0,angry,contrast_1_10,0,angry,0.48229533433914185,True
EmoAR,3008,6,neutral,original,6,neutral,0.6727140545845032,True
EmoAR,3008,6,neutral,rotation_minus_5,6,neutral,0.6686376929283142,True
EmoAR,3008,6,neutral,rotation_plus_5,5,surprise,0.49111104011535645,False
EmoAR,3008,6,neutral,translate_minus_2,6,neutral,0.586467981338501,True
EmoAR,3008,6,neutral,translate_plus_2,6,neutral,0.5849257707595825,True
EmoAR,3008,6,neutral,brightness_0_90,6,neutral,0.7188287377357483,True
EmoAR,3008,6,neutral,brightness_1_10,6,neutral,0.6827852725982666,True
EmoAR,3008,6,neutral,contrast_0_90,6,neutral,0.6244882941246033,True
EmoAR,3008,6,neutral,contrast_1_10,6,neutral,0.6854021549224854,True
EmoAR,3009,0,angry,original,0,angry,0.9825311303138733,True
EmoAR,3009,0,angry,rotation_minus_5,0,angry,0.9736495018005371,True
EmoAR,3009,0,angry,rotation_plus_5,0,angry,0.9410754442214966,True
EmoAR,3009,0,angry,translate_minus_2,0,angry,0.986024796962738,True
EmoAR,3009,0,angry,translate_plus_2,0,angry,0.9821463227272034,True
EmoAR,3009,0,angry,brightness_0_90,0,angry,0.9448685050010681,True
EmoAR,3009,0,angry,brightness_1_10,0,angry,0.9935348033905029,True
EmoAR,3009,0,angry,contrast_0_90,0,angry,0.9720865488052368,True
EmoAR,3009,0,angry,contrast_1_10,0,angry,0.9875308871269226,True
EmoAR,3014,1,disgust,original,4,sad,0.4664718508720398,False
EmoAR,3014,1,disgust,rotation_minus_5,3,happy,0.3929864168167114,False
EmoAR,3014,1,disgust,rotation_plus_5,3,happy,0.46263647079467773,False
EmoAR,3014,1,disgust,translate_minus_2,4,sad,0.46448251605033875,False
EmoAR,3014,1,disgust,translate_plus_2,4,sad,0.4340919554233551,False
EmoAR,3014,1,disgust,brightness_0_90,4,sad,0.375013530254364,False
EmoAR,3014,1,disgust,brightness_1_10,4,sad,0.5964570045471191,False
EmoAR,3014,1,disgust,contrast_0_90,3,happy,0.3950618505477905,False
EmoAR,3014,1,disgust,contrast_1_10,4,sad,0.583500325679779,False
EmoAR,3015,0,angry,original,0,angry,0.9392856359481812,True
EmoAR,3015,0,angry,rotation_minus_5,0,angry,0.6872124075889587,True
EmoAR,3015,0,angry,rotation_plus_5,0,angry,0.6899794340133667,True
EmoAR,3015,0,angry,translate_minus_2,0,angry,0.8702362775802612,True
EmoAR,3015,0,angry,translate_plus_2,0,angry,0.9077388644218445,True
EmoAR,3015,0,angry,brightness_0_90,0,angry,0.921779990196228,True
EmoAR,3015,0,angry,brightness_1_10,0,angry,0.9406828284263611,True
EmoAR,3015,0,angry,contrast_0_90,0,angry,0.9091679453849792,True
EmoAR,3015,0,angry,contrast_1_10,0,angry,0.9549493193626404,True
EmoAR,3018,5,surprise,original,5,surprise,0.9991933703422546,True
EmoAR,3018,5,surprise,rotation_minus_5,5,surprise,0.9995765089988708,True
EmoAR,3018,5,surprise,rotation_plus_5,5,surprise,0.992243230342865,True
EmoAR,3018,5,surprise,translate_minus_2,5,surprise,0.9995997548103333,True
EmoAR,3018,5,surprise,translate_plus_2,5,surprise,0.9983004927635193,True
EmoAR,3018,5,surprise,brightness_0_90,5,surprise,0.9987140893936157,True
EmoAR,3018,5,surprise,brightness_1_10,5,surprise,0.999420166015625,True
EmoAR,3018,5,surprise,contrast_0_90,5,surprise,0.9987959861755371,True
EmoAR,3018,5,surprise,contrast_1_10,5,surprise,0.9994003772735596,True
EmoAR,3019,0,angry,original,6,neutral,0.8798378109931946,False
EmoAR,3019,0,angry,rotation_minus_5,6,neutral,0.6653189659118652,False
EmoAR,3019,0,angry,rotation_plus_5,6,neutral,0.6790152192115784,False
EmoAR,3019,0,angry,translate_minus_2,6,neutral,0.864750862121582,False
EmoAR,3019,0,angry,translate_plus_2,6,neutral,0.9068766236305237,False
EmoAR,3019,0,angry,brightness_0_90,6,neutral,0.8905861377716064,False
EmoAR,3019,0,angry,brightness_1_10,6,neutral,0.8819088935852051,False
EmoAR,3019,0,angry,contrast_0_90,6,neutral,0.8956829309463501,False
EmoAR,3019,0,angry,contrast_1_10,6,neutral,0.8602595925331116,False
EmoAR,3033,6,neutral,original,4,sad,0.3340911269187927,False
EmoAR,3033,6,neutral,rotation_minus_5,4,sad,0.5533245801925659,False
EmoAR,3033,6,neutral,rotation_plus_5,4,sad,0.39947330951690674,False
EmoAR,3033,6,neutral,translate_minus_2,6,neutral,0.3956317901611328,True
EmoAR,3033,6,neutral,translate_plus_2,4,sad,0.4116305410861969,False
EmoAR,3033,6,neutral,brightness_0_90,4,sad,0.347107857465744,False
EmoAR,3033,6,neutral,brightness_1_10,2,fear,0.35203948616981506,False
EmoAR,3033,6,neutral,contrast_0_90,4,sad,0.3288491368293762,False
EmoAR,3033,6,neutral,contrast_1_10,4,sad,0.3398772180080414,False
EmoAR,3072,3,happy,original,3,happy,0.9248101711273193,True
EmoAR,3072,3,happy,rotation_minus_5,3,happy,0.7173922061920166,True
EmoAR,3072,3,happy,rotation_plus_5,3,happy,0.677732527256012,True
EmoAR,3072,3,happy,translate_minus_2,3,happy,0.9312451481819153,True
EmoAR,3072,3,happy,translate_plus_2,3,happy,0.8652572631835938,True
EmoAR,3072,3,happy,brightness_0_90,3,happy,0.9047346115112305,True
EmoAR,3072,3,happy,brightness_1_10,3,happy,0.9093472957611084,True
EmoAR,3072,3,happy,contrast_0_90,3,happy,0.9265350103378296,True
EmoAR,3072,3,happy,contrast_1_10,3,happy,0.912178635597229,True
EmoAR,3078,1,disgust,original,0,angry,0.703209400177002,False
EmoAR,3078,1,disgust,rotation_minus_5,0,angry,0.4636940658092499,False
EmoAR,3078,1,disgust,rotation_plus_5,0,angry,0.43886056542396545,False
EmoAR,3078,1,disgust,translate_minus_2,0,angry,0.7592784762382507,False
EmoAR,3078,1,disgust,translate_plus_2,0,angry,0.43054866790771484,False
EmoAR,3078,1,disgust,brightness_0_90,0,angry,0.6733168363571167,False
EmoAR,3078,1,disgust,brightness_1_10,0,angry,0.7042933106422424,False
EmoAR,3078,1,disgust,contrast_0_90,0,angry,0.619852602481842,False
EmoAR,3078,1,disgust,contrast_1_10,0,angry,0.7619739174842834,False
EmoAR,3089,5,surprise,original,1,disgust,0.36830276250839233,False
EmoAR,3089,5,surprise,rotation_minus_5,1,disgust,0.8053593635559082,False
EmoAR,3089,5,surprise,rotation_plus_5,5,surprise,0.7806184887886047,True
EmoAR,3089,5,surprise,translate_minus_2,1,disgust,0.4449796676635742,False
EmoAR,3089,5,surprise,translate_plus_2,1,disgust,0.43352216482162476,False
EmoAR,3089,5,surprise,brightness_0_90,1,disgust,0.2664813995361328,False
EmoAR,3089,5,surprise,brightness_1_10,1,disgust,0.4423034191131592,False
EmoAR,3089,5,surprise,contrast_0_90,1,disgust,0.6208823323249817,False
EmoAR,3089,5,surprise,contrast_1_10,5,surprise,0.39839789271354675,True
EmoAR,3092,5,surprise,original,5,surprise,0.8200182318687439,True
EmoAR,3092,5,surprise,rotation_minus_5,5,surprise,0.8231407999992371,True
EmoAR,3092,5,surprise,rotation_plus_5,5,surprise,0.7274305820465088,True
EmoAR,3092,5,surprise,translate_minus_2,5,surprise,0.8975682258605957,True
EmoAR,3092,5,surprise,translate_plus_2,5,surprise,0.8262090086936951,True
EmoAR,3092,5,surprise,brightness_0_90,5,surprise,0.8242930173873901,True
EmoAR,3092,5,surprise,brightness_1_10,5,surprise,0.8237076997756958,True
EmoAR,3092,5,surprise,contrast_0_90,5,surprise,0.7887193560600281,True
EmoAR,3092,5,surprise,contrast_1_10,5,surprise,0.8493905067443848,True
EmoAR,3093,1,disgust,original,1,disgust,0.9668071866035461,True
EmoAR,3093,1,disgust,rotation_minus_5,1,disgust,0.7262499928474426,True
EmoAR,3093,1,disgust,rotation_plus_5,1,disgust,0.9250020980834961,True
EmoAR,3093,1,disgust,translate_minus_2,1,disgust,0.9702398180961609,True
EmoAR,3093,1,disgust,translate_plus_2,1,disgust,0.9633477926254272,True
EmoAR,3093,1,disgust,brightness_0_90,1,disgust,0.9713838696479797,True
EmoAR,3093,1,disgust,brightness_1_10,1,disgust,0.947169840335846,True
EmoAR,3093,1,disgust,contrast_0_90,1,disgust,0.9494163393974304,True
EmoAR,3093,1,disgust,contrast_1_10,1,disgust,0.9745855927467346,True
EmoAR,3099,4,sad,original,1,disgust,0.43146997690200806,False
EmoAR,3099,4,sad,rotation_minus_5,4,sad,0.3454912602901459,True
EmoAR,3099,4,sad,rotation_plus_5,4,sad,0.3899056613445282,True
EmoAR,3099,4,sad,translate_minus_2,2,fear,0.32208895683288574,False
EmoAR,3099,4,sad,translate_plus_2,1,disgust,0.35316094756126404,False
EmoAR,3099,4,sad,brightness_0_90,1,disgust,0.5071436762809753,False
EmoAR,3099,4,sad,brightness_1_10,1,disgust,0.37510210275650024,False
EmoAR,3099,4,sad,contrast_0_90,1,disgust,0.5039005875587463,False
EmoAR,3099,4,sad,contrast_1_10,1,disgust,0.40417420864105225,False
EmoAR,3101,5,surprise,original,5,surprise,0.46059831976890564,True
EmoAR,3101,5,surprise,rotation_minus_5,3,happy,0.4986215829849243,False
EmoAR,3101,5,surprise,rotation_plus_5,5,surprise,0.561506986618042,True
EmoAR,3101,5,surprise,translate_minus_2,5,surprise,0.5484212636947632,True
EmoAR,3101,5,surprise,translate_plus_2,5,surprise,0.413560152053833,True
EmoAR,3101,5,surprise,brightness_0_90,3,happy,0.4319978356361389,False
EmoAR,3101,5,surprise,brightness_1_10,5,surprise,0.5467785596847534,True
EmoAR,3101,5,surprise,contrast_0_90,5,surprise,0.43321552872657776,True
EmoAR,3101,5,surprise,contrast_1_10,5,surprise,0.46086546778678894,True
EmoAR,3106,3,happy,original,3,happy,0.9993717074394226,True
EmoAR,3106,3,happy,rotation_minus_5,3,happy,0.9964616894721985,True
EmoAR,3106,3,happy,rotation_plus_5,3,happy,0.9968467354774475,True
EmoAR,3106,3,happy,translate_minus_2,3,happy,0.9990761280059814,True
EmoAR,3106,3,happy,translate_plus_2,3,happy,0.9994369149208069,True
EmoAR,3106,3,happy,brightness_0_90,3,happy,0.9992547631263733,True
EmoAR,3106,3,happy,brightness_1_10,3,happy,0.9994000196456909,True
EmoAR,3106,3,happy,contrast_0_90,3,happy,0.9994087219238281,True
EmoAR,3106,3,happy,contrast_1_10,3,happy,0.999309778213501,True
EmoAR,3108,1,disgust,original,0,angry,0.4851209819316864,False
EmoAR,3108,1,disgust,rotation_minus_5,0,angry,0.7736103534698486,False
EmoAR,3108,1,disgust,rotation_plus_5,0,angry,0.6490718722343445,False
EmoAR,3108,1,disgust,translate_minus_2,0,angry,0.6821956038475037,False
EmoAR,3108,1,disgust,translate_plus_2,1,disgust,0.47202104330062866,True
EmoAR,3108,1,disgust,brightness_0_90,0,angry,0.5252808928489685,False
EmoAR,3108,1,disgust,brightness_1_10,1,disgust,0.49479109048843384,True
EmoAR,3108,1,disgust,contrast_0_90,0,angry,0.5118877291679382,False
EmoAR,3108,1,disgust,contrast_1_10,0,angry,0.5003029108047485,False
EmoAR,3111,1,disgust,original,1,disgust,0.7579751014709473,True
EmoAR,3111,1,disgust,rotation_minus_5,1,disgust,0.8412519097328186,True
EmoAR,3111,1,disgust,rotation_plus_5,1,disgust,0.8335937261581421,True
EmoAR,3111,1,disgust,translate_minus_2,1,disgust,0.5290766954421997,True
EmoAR,3111,1,disgust,translate_plus_2,1,disgust,0.8293120265007019,True
EmoAR,3111,1,disgust,brightness_0_90,1,disgust,0.7218754291534424,True
EmoAR,3111,1,disgust,brightness_1_10,1,disgust,0.728775680065155,True
EmoAR,3111,1,disgust,contrast_0_90,1,disgust,0.8587546944618225,True
EmoAR,3111,1,disgust,contrast_1_10,1,disgust,0.5667263269424438,True
EmoAR,3126,6,neutral,original,3,happy,0.39517688751220703,False
EmoAR,3126,6,neutral,rotation_minus_5,6,neutral,0.33386528491973877,True
EmoAR,3126,6,neutral,rotation_plus_5,0,angry,0.34096577763557434,False
EmoAR,3126,6,neutral,translate_minus_2,3,happy,0.40112221240997314,False
EmoAR,3126,6,neutral,translate_plus_2,6,neutral,0.4194028973579407,True
EmoAR,3126,6,neutral,brightness_0_90,3,happy,0.43445003032684326,False
EmoAR,3126,6,neutral,brightness_1_10,3,happy,0.38168275356292725,False
EmoAR,3126,6,neutral,contrast_0_90,3,happy,0.40215298533439636,False
EmoAR,3126,6,neutral,contrast_1_10,3,happy,0.40325748920440674,False
EmoAR,3138,6,neutral,original,0,angry,0.45876049995422363,False
EmoAR,3138,6,neutral,rotation_minus_5,0,angry,0.4224335551261902,False
EmoAR,3138,6,neutral,rotation_plus_5,0,angry,0.46592649817466736,False
EmoAR,3138,6,neutral,translate_minus_2,0,angry,0.4178888499736786,False
EmoAR,3138,6,neutral,translate_plus_2,0,angry,0.4021568298339844,False
EmoAR,3138,6,neutral,brightness_0_90,0,angry,0.42509856820106506,False
EmoAR,3138,6,neutral,brightness_1_10,0,angry,0.510865330696106,False
EmoAR,3138,6,neutral,contrast_0_90,0,angry,0.42630520462989807,False
EmoAR,3138,6,neutral,contrast_1_10,0,angry,0.4611791968345642,False
EmoAR,3141,0,angry,original,0,angry,0.8948814272880554,True
EmoAR,3141,0,angry,rotation_minus_5,0,angry,0.825032114982605,True
EmoAR,3141,0,angry,rotation_plus_5,0,angry,0.8817456364631653,True
EmoAR,3141,0,angry,translate_minus_2,0,angry,0.924882173538208,True
EmoAR,3141,0,angry,translate_plus_2,0,angry,0.8557617664337158,True
EmoAR,3141,0,angry,brightness_0_90,0,angry,0.9047915935516357,True
EmoAR,3141,0,angry,brightness_1_10,0,angry,0.8461830615997314,True
EmoAR,3141,0,angry,contrast_0_90,0,angry,0.8612557053565979,True
EmoAR,3141,0,angry,contrast_1_10,0,angry,0.913611888885498,True
EmoAR,3160,5,surprise,original,2,fear,0.5139387249946594,False
EmoAR,3160,5,surprise,rotation_minus_5,2,fear,0.4495319724082947,False
EmoAR,3160,5,surprise,rotation_plus_5,2,fear,0.45587149262428284,False
EmoAR,3160,5,surprise,translate_minus_2,2,fear,0.658130407333374,False
EmoAR,3160,5,surprise,translate_plus_2,2,fear,0.639097273349762,False
EmoAR,3160,5,surprise,brightness_0_90,2,fear,0.6316999197006226,False
EmoAR,3160,5,surprise,brightness_1_10,2,fear,0.48132118582725525,False
EmoAR,3160,5,surprise,contrast_0_90,2,fear,0.5515129566192627,False
EmoAR,3160,5,surprise,contrast_1_10,2,fear,0.5023937821388245,False
EmoAR,3166,6,neutral,original,4,sad,0.40805965662002563,False
EmoAR,3166,6,neutral,rotation_minus_5,4,sad,0.6701620221138,False
EmoAR,3166,6,neutral,rotation_plus_5,4,sad,0.7949929237365723,False
EmoAR,3166,6,neutral,translate_minus_2,4,sad,0.5081787705421448,False
EmoAR,3166,6,neutral,translate_plus_2,4,sad,0.4194428026676178,False
EmoAR,3166,6,neutral,brightness_0_90,4,sad,0.4220656454563141,False
EmoAR,3166,6,neutral,brightness_1_10,4,sad,0.39897292852401733,False
EmoAR,3166,6,neutral,contrast_0_90,4,sad,0.4118434190750122,False
EmoAR,3166,6,neutral,contrast_1_10,4,sad,0.4316779673099518,False
EmoAR,3170,5,surprise,original,5,surprise,0.8436636924743652,True
EmoAR,3170,5,surprise,rotation_minus_5,5,surprise,0.8230807185173035,True
EmoAR,3170,5,surprise,rotation_plus_5,5,surprise,0.8192721009254456,True
EmoAR,3170,5,surprise,translate_minus_2,5,surprise,0.7732331156730652,True
EmoAR,3170,5,surprise,translate_plus_2,5,surprise,0.7821789979934692,True
EmoAR,3170,5,surprise,brightness_0_90,5,surprise,0.8337840437889099,True
EmoAR,3170,5,surprise,brightness_1_10,5,surprise,0.8333243727684021,True
EmoAR,3170,5,surprise,contrast_0_90,5,surprise,0.8016453981399536,True
EmoAR,3170,5,surprise,contrast_1_10,5,surprise,0.8432369232177734,True
EmoAR,3180,6,neutral,original,6,neutral,0.6613002419471741,True
EmoAR,3180,6,neutral,rotation_minus_5,6,neutral,0.7155063152313232,True
EmoAR,3180,6,neutral,rotation_plus_5,6,neutral,0.40541958808898926,True
EmoAR,3180,6,neutral,translate_minus_2,6,neutral,0.5899352431297302,True
EmoAR,3180,6,neutral,translate_plus_2,6,neutral,0.7581517696380615,True
EmoAR,3180,6,neutral,brightness_0_90,6,neutral,0.6662185788154602,True
EmoAR,3180,6,neutral,brightness_1_10,6,neutral,0.6377400159835815,True
EmoAR,3180,6,neutral,contrast_0_90,6,neutral,0.6850510835647583,True
EmoAR,3180,6,neutral,contrast_1_10,6,neutral,0.6950204968452454,True
EmoAR,3182,2,fear,original,2,fear,0.7071349620819092,True
EmoAR,3182,2,fear,rotation_minus_5,2,fear,0.691169261932373,True
EmoAR,3182,2,fear,rotation_plus_5,2,fear,0.5280045866966248,True
EmoAR,3182,2,fear,translate_minus_2,2,fear,0.7326669096946716,True
EmoAR,3182,2,fear,translate_plus_2,2,fear,0.6776213049888611,True
EmoAR,3182,2,fear,brightness_0_90,2,fear,0.7222979664802551,True
EmoAR,3182,2,fear,brightness_1_10,2,fear,0.6264113187789917,True
EmoAR,3182,2,fear,contrast_0_90,2,fear,0.7060590386390686,True
EmoAR,3182,2,fear,contrast_1_10,2,fear,0.6872074007987976,True
EmoAR,3213,5,surprise,original,5,surprise,0.9939932227134705,True
EmoAR,3213,5,surprise,rotation_minus_5,5,surprise,0.9820240139961243,True
EmoAR,3213,5,surprise,rotation_plus_5,5,surprise,0.9720557928085327,True
EmoAR,3213,5,surprise,translate_minus_2,5,surprise,0.9943201541900635,True
EmoAR,3213,5,surprise,translate_plus_2,5,surprise,0.9921985268592834,True
EmoAR,3213,5,surprise,brightness_0_90,5,surprise,0.989218533039093,True
EmoAR,3213,5,surprise,brightness_1_10,5,surprise,0.9956907629966736,True
EmoAR,3213,5,surprise,contrast_0_90,5,surprise,0.9926338791847229,True
EmoAR,3213,5,surprise,contrast_1_10,5,surprise,0.9938234090805054,True
EmoAR,3232,5,surprise,original,5,surprise,0.7167668342590332,True
EmoAR,3232,5,surprise,rotation_minus_5,5,surprise,0.6644512414932251,True
EmoAR,3232,5,surprise,rotation_plus_5,5,surprise,0.6389038562774658,True
EmoAR,3232,5,surprise,translate_minus_2,5,surprise,0.6565324664115906,True
EmoAR,3232,5,surprise,translate_plus_2,5,surprise,0.6914599537849426,True
EmoAR,3232,5,surprise,brightness_0_90,5,surprise,0.7288496494293213,True
EmoAR,3232,5,surprise,brightness_1_10,5,surprise,0.6194166541099548,True
EmoAR,3232,5,surprise,contrast_0_90,5,surprise,0.7075362205505371,True
EmoAR,3232,5,surprise,contrast_1_10,5,surprise,0.6961647272109985,True
EmoAR,3243,2,fear,original,2,fear,0.45572617650032043,True
EmoAR,3243,2,fear,rotation_minus_5,4,sad,0.30769258737564087,False
EmoAR,3243,2,fear,rotation_plus_5,4,sad,0.4623474180698395,False
EmoAR,3243,2,fear,translate_minus_2,2,fear,0.3225259482860565,True
EmoAR,3243,2,fear,translate_plus_2,2,fear,0.5270577073097229,True
EmoAR,3243,2,fear,brightness_0_90,2,fear,0.36609727144241333,True
EmoAR,3243,2,fear,brightness_1_10,2,fear,0.5934344530105591,True
EmoAR,3243,2,fear,contrast_0_90,2,fear,0.42984476685523987,True
EmoAR,3243,2,fear,contrast_1_10,2,fear,0.48043206334114075,True
EmoAR,3262,0,angry,original,0,angry,0.7328054308891296,True
EmoAR,3262,0,angry,rotation_minus_5,0,angry,0.7299137711524963,True
EmoAR,3262,0,angry,rotation_plus_5,0,angry,0.6661401391029358,True
EmoAR,3262,0,angry,translate_minus_2,0,angry,0.7096107602119446,True
EmoAR,3262,0,angry,translate_plus_2,0,angry,0.7028833031654358,True
EmoAR,3262,0,angry,brightness_0_90,0,angry,0.7050026655197144,True
EmoAR,3262,0,angry,brightness_1_10,0,angry,0.7303754687309265,True
EmoAR,3262,0,angry,contrast_0_90,0,angry,0.7383341193199158,True
EmoAR,3262,0,angry,contrast_1_10,0,angry,0.7094717025756836,True
EmoAR,3300,3,happy,original,3,happy,0.9995505213737488,True
EmoAR,3300,3,happy,rotation_minus_5,3,happy,0.9962767958641052,True
EmoAR,3300,3,happy,rotation_plus_5,3,happy,0.9986050724983215,True
EmoAR,3300,3,happy,translate_minus_2,3,happy,0.9993383288383484,True
EmoAR,3300,3,happy,translate_plus_2,3,happy,0.9992675185203552,True
EmoAR,3300,3,happy,brightness_0_90,3,happy,0.9996181726455688,True
EmoAR,3300,3,happy,brightness_1_10,3,happy,0.9993898868560791,True
EmoAR,3300,3,happy,contrast_0_90,3,happy,0.9994889497756958,True
EmoAR,3300,3,happy,contrast_1_10,3,happy,0.9995501637458801,True
EmoAR,3308,6,neutral,original,6,neutral,0.5582544803619385,True
EmoAR,3308,6,neutral,rotation_minus_5,6,neutral,0.46538689732551575,True
EmoAR,3308,6,neutral,rotation_plus_5,6,neutral,0.381710946559906,True
EmoAR,3308,6,neutral,translate_minus_2,6,neutral,0.5373257994651794,True
EmoAR,3308,6,neutral,translate_plus_2,6,neutral,0.5724921822547913,True
EmoAR,3308,6,neutral,brightness_0_90,6,neutral,0.48708611726760864,True
EmoAR,3308,6,neutral,brightness_1_10,6,neutral,0.6262910962104797,True
EmoAR,3308,6,neutral,contrast_0_90,6,neutral,0.529880166053772,True
EmoAR,3308,6,neutral,contrast_1_10,6,neutral,0.5818361043930054,True
EmoAR,3315,3,happy,original,3,happy,0.9970526695251465,True
EmoAR,3315,3,happy,rotation_minus_5,3,happy,0.9927063584327698,True
EmoAR,3315,3,happy,rotation_plus_5,3,happy,0.9964644908905029,True
EmoAR,3315,3,happy,translate_minus_2,3,happy,0.9985941052436829,True
EmoAR,3315,3,happy,translate_plus_2,3,happy,0.9979889392852783,True
EmoAR,3315,3,happy,brightness_0_90,3,happy,0.9982244372367859,True
EmoAR,3315,3,happy,brightness_1_10,3,happy,0.9947665929794312,True
EmoAR,3315,3,happy,contrast_0_90,3,happy,0.9967079162597656,True
EmoAR,3315,3,happy,contrast_1_10,3,happy,0.997340738773346,True
EmoAR,3318,5,surprise,original,5,surprise,0.6111810803413391,True
EmoAR,3318,5,surprise,rotation_minus_5,4,sad,0.3842313587665558,False
EmoAR,3318,5,surprise,rotation_plus_5,4,sad,0.4663058817386627,False
EmoAR,3318,5,surprise,translate_minus_2,5,surprise,0.7703218460083008,True
EmoAR,3318,5,surprise,translate_plus_2,5,surprise,0.7298080921173096,True
EmoAR,3318,5,surprise,brightness_0_90,5,surprise,0.48441874980926514,True
EmoAR,3318,5,surprise,brightness_1_10,5,surprise,0.690700113773346,True
EmoAR,3318,5,surprise,contrast_0_90,6,neutral,0.30823615193367004,False
EmoAR,3318,5,surprise,contrast_1_10,5,surprise,0.8601945042610168,True
EmoAR,3321,0,angry,original,0,angry,0.8529788851737976,True
EmoAR,3321,0,angry,rotation_minus_5,0,angry,0.9734646677970886,True
EmoAR,3321,0,angry,rotation_plus_5,0,angry,0.9357211589813232,True
EmoAR,3321,0,angry,translate_minus_2,0,angry,0.9341070055961609,True
EmoAR,3321,0,angry,translate_plus_2,0,angry,0.8709307312965393,True
EmoAR,3321,0,angry,brightness_0_90,0,angry,0.9252097010612488,True
EmoAR,3321,0,angry,brightness_1_10,0,angry,0.7855419516563416,True
EmoAR,3321,0,angry,contrast_0_90,0,angry,0.8466556072235107,True
EmoAR,3321,0,angry,contrast_1_10,0,angry,0.8801457285881042,True
EmoAR,3341,4,sad,original,0,angry,0.40851759910583496,False
EmoAR,3341,4,sad,rotation_minus_5,0,angry,0.6166901588439941,False
EmoAR,3341,4,sad,rotation_plus_5,0,angry,0.5580750703811646,False
EmoAR,3341,4,sad,translate_minus_2,0,angry,0.3046902120113373,False
EmoAR,3341,4,sad,translate_plus_2,0,angry,0.31498876214027405,False
EmoAR,3341,4,sad,brightness_0_90,0,angry,0.43023887276649475,False
EmoAR,3341,4,sad,brightness_1_10,0,angry,0.3526090979576111,False
EmoAR,3341,4,sad,contrast_0_90,0,angry,0.4358205795288086,False
EmoAR,3341,4,sad,contrast_1_10,0,angry,0.3732556104660034,False
EmoAR,3345,2,fear,original,4,sad,0.5279947519302368,False
EmoAR,3345,2,fear,rotation_minus_5,2,fear,0.642124593257904,True
EmoAR,3345,2,fear,rotation_plus_5,2,fear,0.6171115636825562,True
EmoAR,3345,2,fear,translate_minus_2,4,sad,0.5196254849433899,False
EmoAR,3345,2,fear,translate_plus_2,4,sad,0.5105577707290649,False
EmoAR,3345,2,fear,brightness_0_90,2,fear,0.5266953110694885,True
EmoAR,3345,2,fear,brightness_1_10,4,sad,0.6177432537078857,False
EmoAR,3345,2,fear,contrast_0_90,2,fear,0.5353022217750549,True
EmoAR,3345,2,fear,contrast_1_10,4,sad,0.669873833656311,False
EmoAR,3353,0,angry,original,0,angry,0.9996540546417236,True
EmoAR,3353,0,angry,rotation_minus_5,0,angry,0.9994872808456421,True
EmoAR,3353,0,angry,rotation_plus_5,0,angry,0.9989268183708191,True
EmoAR,3353,0,angry,translate_minus_2,0,angry,0.9996775388717651,True
EmoAR,3353,0,angry,translate_plus_2,0,angry,0.9996067881584167,True
EmoAR,3353,0,angry,brightness_0_90,0,angry,0.9994832277297974,True
EmoAR,3353,0,angry,brightness_1_10,0,angry,0.9996765851974487,True
EmoAR,3353,0,angry,contrast_0_90,0,angry,0.9995470643043518,True
EmoAR,3353,0,angry,contrast_1_10,0,angry,0.9997627139091492,True
EmoAR,3375,6,neutral,original,4,sad,0.48722660541534424,False
EmoAR,3375,6,neutral,rotation_minus_5,2,fear,0.49785661697387695,False
EmoAR,3375,6,neutral,rotation_plus_5,2,fear,0.3641682267189026,False
EmoAR,3375,6,neutral,translate_minus_2,4,sad,0.4724206328392029,False
EmoAR,3375,6,neutral,translate_plus_2,4,sad,0.5533644556999207,False
EmoAR,3375,6,neutral,brightness_0_90,4,sad,0.4207003116607666,False
EmoAR,3375,6,neutral,brightness_1_10,4,sad,0.49672940373420715,False
EmoAR,3375,6,neutral,contrast_0_90,4,sad,0.4098623991012573,False
EmoAR,3375,6,neutral,contrast_1_10,4,sad,0.5661883354187012,False
EmoAR,3377,3,happy,original,0,angry,0.45006367564201355,False
EmoAR,3377,3,happy,rotation_minus_5,0,angry,0.41829901933670044,False
EmoAR,3377,3,happy,rotation_plus_5,3,happy,0.5541829466819763,True
EmoAR,3377,3,happy,translate_minus_2,0,angry,0.5254315137863159,False
EmoAR,3377,3,happy,translate_plus_2,0,angry,0.5027703046798706,False
EmoAR,3377,3,happy,brightness_0_90,0,angry,0.4697044789791107,False
EmoAR,3377,3,happy,brightness_1_10,0,angry,0.3914836049079895,False
EmoAR,3377,3,happy,contrast_0_90,0,angry,0.4053710401058197,False
EmoAR,3377,3,happy,contrast_1_10,0,angry,0.4853183329105377,False
EmoAR,3384,0,angry,original,0,angry,0.9635213613510132,True
EmoAR,3384,0,angry,rotation_minus_5,0,angry,0.9422081112861633,True
EmoAR,3384,0,angry,rotation_plus_5,0,angry,0.9171134829521179,True
EmoAR,3384,0,angry,translate_minus_2,0,angry,0.924069344997406,True
EmoAR,3384,0,angry,translate_plus_2,0,angry,0.9818916916847229,True
EmoAR,3384,0,angry,brightness_0_90,0,angry,0.9000394344329834,True
EmoAR,3384,0,angry,brightness_1_10,0,angry,0.9589756727218628,True
EmoAR,3384,0,angry,contrast_0_90,0,angry,0.9259599447250366,True
EmoAR,3384,0,angry,contrast_1_10,0,angry,0.9795452356338501,True
EmoAR,3401,4,sad,original,4,sad,0.82839035987854,True
EmoAR,3401,4,sad,rotation_minus_5,4,sad,0.8624417781829834,True
EmoAR,3401,4,sad,rotation_plus_5,4,sad,0.8254933953285217,True
EmoAR,3401,4,sad,translate_minus_2,4,sad,0.8336526155471802,True
EmoAR,3401,4,sad,translate_plus_2,4,sad,0.877471923828125,True
EmoAR,3401,4,sad,brightness_0_90,4,sad,0.8009174466133118,True
EmoAR,3401,4,sad,brightness_1_10,4,sad,0.8256953954696655,True
EmoAR,3401,4,sad,contrast_0_90,4,sad,0.8243860602378845,True
EmoAR,3401,4,sad,contrast_1_10,4,sad,0.8239867687225342,True
EmoAR,3432,2,fear,original,2,fear,0.8986786603927612,True
EmoAR,3432,2,fear,rotation_minus_5,2,fear,0.8328351378440857,True
EmoAR,3432,2,fear,rotation_plus_5,2,fear,0.7896724939346313,True
EmoAR,3432,2,fear,translate_minus_2,2,fear,0.9056971669197083,True
EmoAR,3432,2,fear,translate_plus_2,2,fear,0.9387052655220032,True
EmoAR,3432,2,fear,brightness_0_90,2,fear,0.8299037218093872,True
EmoAR,3432,2,fear,brightness_1_10,2,fear,0.9045170545578003,True
EmoAR,3432,2,fear,contrast_0_90,2,fear,0.9013870358467102,True
EmoAR,3432,2,fear,contrast_1_10,2,fear,0.8648006916046143,True
EmoAR,3442,2,fear,original,2,fear,0.38467201590538025,True
EmoAR,3442,2,fear,rotation_minus_5,2,fear,0.3942629396915436,True
EmoAR,3442,2,fear,rotation_plus_5,4,sad,0.6352767944335938,False
EmoAR,3442,2,fear,translate_minus_2,2,fear,0.43114393949508667,True
EmoAR,3442,2,fear,translate_plus_2,2,fear,0.4221303164958954,True
EmoAR,3442,2,fear,brightness_0_90,2,fear,0.2888229787349701,True
EmoAR,3442,2,fear,brightness_1_10,2,fear,0.6170374155044556,True
EmoAR,3442,2,fear,contrast_0_90,2,fear,0.3841802179813385,True
EmoAR,3442,2,fear,contrast_1_10,2,fear,0.40022435784339905,True
EmoAR,3445,2,fear,original,3,happy,0.7003649473190308,False
EmoAR,3445,2,fear,rotation_minus_5,3,happy,0.5494402647018433,False
EmoAR,3445,2,fear,rotation_plus_5,3,happy,0.589398205280304,False
EmoAR,3445,2,fear,translate_minus_2,3,happy,0.733814537525177,False
EmoAR,3445,2,fear,translate_plus_2,3,happy,0.5975613594055176,False
EmoAR,3445,2,fear,brightness_0_90,3,happy,0.6644454598426819,False
EmoAR,3445,2,fear,brightness_1_10,3,happy,0.46216458082199097,False
EmoAR,3445,2,fear,contrast_0_90,3,happy,0.6437972784042358,False
EmoAR,3445,2,fear,contrast_1_10,3,happy,0.7573702335357666,False
EmoAR,3450,6,neutral,original,6,neutral,0.5490497946739197,True
EmoAR,3450,6,neutral,rotation_minus_5,0,angry,0.630177915096283,False
EmoAR,3450,6,neutral,rotation_plus_5,0,angry,0.4299302101135254,False
EmoAR,3450,6,neutral,translate_minus_2,6,neutral,0.5574438571929932,True
EmoAR,3450,6,neutral,translate_plus_2,6,neutral,0.5748326182365417,True
EmoAR,3450,6,neutral,brightness_0_90,6,neutral,0.46725139021873474,True
EmoAR,3450,6,neutral,brightness_1_10,6,neutral,0.6450205445289612,True
EmoAR,3450,6,neutral,contrast_0_90,6,neutral,0.5626693367958069,True
EmoAR,3450,6,neutral,contrast_1_10,6,neutral,0.5109157562255859,True
EmoAR,3462,2,fear,original,4,sad,0.47045832872390747,False
EmoAR,3462,2,fear,rotation_minus_5,4,sad,0.7767985463142395,False
EmoAR,3462,2,fear,rotation_plus_5,4,sad,0.647467315196991,False
EmoAR,3462,2,fear,translate_minus_2,4,sad,0.49487024545669556,False
EmoAR,3462,2,fear,translate_plus_2,4,sad,0.5217024683952332,False
EmoAR,3462,2,fear,brightness_0_90,4,sad,0.45952335000038147,False
EmoAR,3462,2,fear,brightness_1_10,4,sad,0.5380529165267944,False
EmoAR,3462,2,fear,contrast_0_90,4,sad,0.5165234804153442,False
EmoAR,3462,2,fear,contrast_1_10,4,sad,0.3750986158847809,False
EmoAR,3466,6,neutral,original,4,sad,0.39776188135147095,False
EmoAR,3466,6,neutral,rotation_minus_5,4,sad,0.5773638486862183,False
EmoAR,3466,6,neutral,rotation_plus_5,4,sad,0.46804240345954895,False
EmoAR,3466,6,neutral,translate_minus_2,4,sad,0.46239984035491943,False
EmoAR,3466,6,neutral,translate_plus_2,4,sad,0.43882790207862854,False
EmoAR,3466,6,neutral,brightness_0_90,4,sad,0.4442595839500427,False
EmoAR,3466,6,neutral,brightness_1_10,6,neutral,0.5805501341819763,True
EmoAR,3466,6,neutral,contrast_0_90,4,sad,0.4454994797706604,False
EmoAR,3466,6,neutral,contrast_1_10,6,neutral,0.4269685745239258,True
EmoAR,3473,3,happy,original,3,happy,0.9978905320167542,True
EmoAR,3473,3,happy,rotation_minus_5,3,happy,0.9977763295173645,True
EmoAR,3473,3,happy,rotation_plus_5,3,happy,0.9938633441925049,True
EmoAR,3473,3,happy,translate_minus_2,3,happy,0.9967008233070374,True
EmoAR,3473,3,happy,translate_plus_2,3,happy,0.9966081380844116,True
EmoAR,3473,3,happy,brightness_0_90,3,happy,0.9986624717712402,True
EmoAR,3473,3,happy,brightness_1_10,3,happy,0.9963758587837219,True
EmoAR,3473,3,happy,contrast_0_90,3,happy,0.9978169202804565,True
EmoAR,3473,3,happy,contrast_1_10,3,happy,0.9980553388595581,True
EmoAR,3488,1,disgust,original,1,disgust,0.9999221563339233,True
EmoAR,3488,1,disgust,rotation_minus_5,1,disgust,0.9989522695541382,True
EmoAR,3488,1,disgust,rotation_plus_5,1,disgust,0.9998623132705688,True
EmoAR,3488,1,disgust,translate_minus_2,1,disgust,0.9997661709785461,True
EmoAR,3488,1,disgust,translate_plus_2,1,disgust,0.9998114705085754,True
EmoAR,3488,1,disgust,brightness_0_90,1,disgust,0.9999468326568604,True
EmoAR,3488,1,disgust,brightness_1_10,1,disgust,0.9997881054878235,True
EmoAR,3488,1,disgust,contrast_0_90,1,disgust,0.999885082244873,True
EmoAR,3488,1,disgust,contrast_1_10,1,disgust,0.9999449253082275,True
EmoAR,3510,0,angry,original,1,disgust,0.645625650882721,False
EmoAR,3510,0,angry,rotation_minus_5,1,disgust,0.3681560456752777,False
EmoAR,3510,0,angry,rotation_plus_5,1,disgust,0.6150667667388916,False
EmoAR,3510,0,angry,translate_minus_2,4,sad,0.4543803930282593,False
EmoAR,3510,0,angry,translate_plus_2,1,disgust,0.5552770495414734,False
EmoAR,3510,0,angry,brightness_0_90,1,disgust,0.5779309272766113,False
EmoAR,3510,0,angry,brightness_1_10,1,disgust,0.6511648893356323,False
EmoAR,3510,0,angry,contrast_0_90,1,disgust,0.6119851469993591,False
EmoAR,3510,0,angry,contrast_1_10,1,disgust,0.6012336015701294,False
EmoAR,3517,5,surprise,original,2,fear,0.43853336572647095,False
EmoAR,3517,5,surprise,rotation_minus_5,2,fear,0.40288272500038147,False
EmoAR,3517,5,surprise,rotation_plus_5,2,fear,0.6225695013999939,False
EmoAR,3517,5,surprise,translate_minus_2,4,sad,0.47098857164382935,False
EmoAR,3517,5,surprise,translate_plus_2,4,sad,0.43355101346969604,False
EmoAR,3517,5,surprise,brightness_0_90,2,fear,0.4143439531326294,False
EmoAR,3517,5,surprise,brightness_1_10,2,fear,0.528756320476532,False
EmoAR,3517,5,surprise,contrast_0_90,2,fear,0.45564743876457214,False
EmoAR,3517,5,surprise,contrast_1_10,2,fear,0.4189484119415283,False
EmoAR,3519,0,angry,original,0,angry,0.9939085245132446,True
EmoAR,3519,0,angry,rotation_minus_5,0,angry,0.9489557147026062,True
EmoAR,3519,0,angry,rotation_plus_5,0,angry,0.9563000798225403,True
EmoAR,3519,0,angry,translate_minus_2,0,angry,0.9936634302139282,True
EmoAR,3519,0,angry,translate_plus_2,0,angry,0.9946231842041016,True
EmoAR,3519,0,angry,brightness_0_90,0,angry,0.9875229001045227,True
EmoAR,3519,0,angry,brightness_1_10,0,angry,0.9978644251823425,True
EmoAR,3519,0,angry,contrast_0_90,0,angry,0.99173903465271,True
EmoAR,3519,0,angry,contrast_1_10,0,angry,0.9949559569358826,True
EmoAR,3546,0,angry,original,2,fear,0.4371630549430847,False
EmoAR,3546,0,angry,rotation_minus_5,2,fear,0.5358085632324219,False
EmoAR,3546,0,angry,rotation_plus_5,2,fear,0.511267364025116,False
EmoAR,3546,0,angry,translate_minus_2,2,fear,0.4137800335884094,False
EmoAR,3546,0,angry,translate_plus_2,2,fear,0.45792025327682495,False
EmoAR,3546,0,angry,brightness_0_90,2,fear,0.42576664686203003,False
EmoAR,3546,0,angry,brightness_1_10,2,fear,0.4271995723247528,False
EmoAR,3546,0,angry,contrast_0_90,2,fear,0.4338672459125519,False
EmoAR,3546,0,angry,contrast_1_10,2,fear,0.45303723216056824,False
EmoAR,3567,3,happy,original,3,happy,0.9611151218414307,True
EmoAR,3567,3,happy,rotation_minus_5,3,happy,0.9636023044586182,True
EmoAR,3567,3,happy,rotation_plus_5,3,happy,0.9687930941581726,True
EmoAR,3567,3,happy,translate_minus_2,3,happy,0.9183347821235657,True
EmoAR,3567,3,happy,translate_plus_2,3,happy,0.9811366200447083,True
EmoAR,3567,3,happy,brightness_0_90,3,happy,0.9765620827674866,True
EmoAR,3567,3,happy,brightness_1_10,3,happy,0.9287908673286438,True
EmoAR,3567,3,happy,contrast_0_90,3,happy,0.9655548334121704,True
EmoAR,3567,3,happy,contrast_1_10,3,happy,0.9652648568153381,True
EmoAR,3577,5,surprise,original,5,surprise,0.9892725944519043,True
EmoAR,3577,5,surprise,rotation_minus_5,5,surprise,0.98175448179245,True
EmoAR,3577,5,surprise,rotation_plus_5,5,surprise,0.9662705063819885,True
EmoAR,3577,5,surprise,translate_minus_2,5,surprise,0.9912601113319397,True
EmoAR,3577,5,surprise,translate_plus_2,5,surprise,0.9915251135826111,True
EmoAR,3577,5,surprise,brightness_0_90,5,surprise,0.9880097508430481,True
EmoAR,3577,5,surprise,brightness_1_10,5,surprise,0.9852264523506165,True
EmoAR,3577,5,surprise,contrast_0_90,5,surprise,0.9901014566421509,True
EmoAR,3577,5,surprise,contrast_1_10,5,surprise,0.9873949289321899,True
ViT,23,6,neutral,original,6,neutral,0.7194859981536865,True
ViT,23,6,neutral,rotation_minus_5,6,neutral,0.8690384030342102,True
ViT,23,6,neutral,rotation_plus_5,4,sad,0.42070382833480835,False
ViT,23,6,neutral,translate_minus_2,6,neutral,0.9669126272201538,True
ViT,23,6,neutral,translate_plus_2,6,neutral,0.9163064956665039,True
ViT,23,6,neutral,brightness_0_90,6,neutral,0.7706834673881531,True
ViT,23,6,neutral,brightness_1_10,6,neutral,0.8163849711418152,True
ViT,23,6,neutral,contrast_0_90,6,neutral,0.8269988298416138,True
ViT,23,6,neutral,contrast_1_10,6,neutral,0.8727525472640991,True
ViT,24,3,happy,original,3,happy,0.992120623588562,True
ViT,24,3,happy,rotation_minus_5,3,happy,0.9934506416320801,True
ViT,24,3,happy,rotation_plus_5,3,happy,0.9828770756721497,True
ViT,24,3,happy,translate_minus_2,3,happy,0.991313636302948,True
ViT,24,3,happy,translate_plus_2,3,happy,0.9706416130065918,True
ViT,24,3,happy,brightness_0_90,3,happy,0.9916890263557434,True
ViT,24,3,happy,brightness_1_10,3,happy,0.9919775128364563,True
ViT,24,3,happy,contrast_0_90,3,happy,0.9921592473983765,True
ViT,24,3,happy,contrast_1_10,3,happy,0.991961658000946,True
ViT,28,6,neutral,original,6,neutral,0.9892703294754028,True
ViT,28,6,neutral,rotation_minus_5,6,neutral,0.990019679069519,True
ViT,28,6,neutral,rotation_plus_5,6,neutral,0.9873815178871155,True
ViT,28,6,neutral,translate_minus_2,6,neutral,0.9854970574378967,True
ViT,28,6,neutral,translate_plus_2,6,neutral,0.9903811812400818,True
ViT,28,6,neutral,brightness_0_90,6,neutral,0.9897677302360535,True
ViT,28,6,neutral,brightness_1_10,6,neutral,0.9887004494667053,True
ViT,28,6,neutral,contrast_0_90,6,neutral,0.989845871925354,True
ViT,28,6,neutral,contrast_1_10,6,neutral,0.9889821410179138,True
ViT,30,4,sad,original,4,sad,0.968113124370575,True
ViT,30,4,sad,rotation_minus_5,4,sad,0.9395371675491333,True
ViT,30,4,sad,rotation_plus_5,2,fear,0.5633584856987,False
ViT,30,4,sad,translate_minus_2,4,sad,0.9765109419822693,True
ViT,30,4,sad,translate_plus_2,4,sad,0.8917235732078552,True
ViT,30,4,sad,brightness_0_90,4,sad,0.9735340476036072,True
ViT,30,4,sad,brightness_1_10,4,sad,0.954538106918335,True
ViT,30,4,sad,contrast_0_90,4,sad,0.9669530987739563,True
ViT,30,4,sad,contrast_1_10,4,sad,0.9688767790794373,True
ViT,34,1,disgust,original,1,disgust,0.9804503917694092,True
ViT,34,1,disgust,rotation_minus_5,1,disgust,0.8607040643692017,True
ViT,34,1,disgust,rotation_plus_5,1,disgust,0.9844675660133362,True
ViT,34,1,disgust,translate_minus_2,1,disgust,0.9891396164894104,True
ViT,34,1,disgust,translate_plus_2,1,disgust,0.9832337498664856,True
ViT,34,1,disgust,brightness_0_90,1,disgust,0.9824817776679993,True
ViT,34,1,disgust,brightness_1_10,1,disgust,0.9710212349891663,True
ViT,34,1,disgust,contrast_0_90,1,disgust,0.9821290969848633,True
ViT,34,1,disgust,contrast_1_10,1,disgust,0.979645311832428,True
ViT,35,3,happy,original,3,happy,0.8833078145980835,True
ViT,35,3,happy,rotation_minus_5,6,neutral,0.7370518445968628,False
ViT,35,3,happy,rotation_plus_5,6,neutral,0.693313479423523,False
ViT,35,3,happy,translate_minus_2,3,happy,0.9388082027435303,True
ViT,35,3,happy,translate_plus_2,3,happy,0.6138255596160889,True
ViT,35,3,happy,brightness_0_90,3,happy,0.9115670919418335,True
ViT,35,3,happy,brightness_1_10,3,happy,0.8504143357276917,True
ViT,35,3,happy,contrast_0_90,3,happy,0.8890228271484375,True
ViT,35,3,happy,contrast_1_10,3,happy,0.8718565702438354,True
ViT,37,0,angry,original,0,angry,0.9459288716316223,True
ViT,37,0,angry,rotation_minus_5,0,angry,0.9838188290596008,True
ViT,37,0,angry,rotation_plus_5,0,angry,0.9733066558837891,True
ViT,37,0,angry,translate_minus_2,0,angry,0.9680109620094299,True
ViT,37,0,angry,translate_plus_2,0,angry,0.979591429233551,True
ViT,37,0,angry,brightness_0_90,0,angry,0.9516919851303101,True
ViT,37,0,angry,brightness_1_10,0,angry,0.943610668182373,True
ViT,37,0,angry,contrast_0_90,0,angry,0.9413866400718689,True
ViT,37,0,angry,contrast_1_10,0,angry,0.9464170336723328,True
ViT,54,0,angry,original,0,angry,0.952075183391571,True
ViT,54,0,angry,rotation_minus_5,0,angry,0.9599193930625916,True
ViT,54,0,angry,rotation_plus_5,0,angry,0.959433913230896,True
ViT,54,0,angry,translate_minus_2,0,angry,0.8635907769203186,True
ViT,54,0,angry,translate_plus_2,0,angry,0.9683992266654968,True
ViT,54,0,angry,brightness_0_90,0,angry,0.923202633857727,True
ViT,54,0,angry,brightness_1_10,0,angry,0.9395197033882141,True
ViT,54,0,angry,contrast_0_90,0,angry,0.9268929958343506,True
ViT,54,0,angry,contrast_1_10,0,angry,0.9419496655464172,True
ViT,71,5,surprise,original,0,angry,0.9853796362876892,False
ViT,71,5,surprise,rotation_minus_5,0,angry,0.9875369668006897,False
ViT,71,5,surprise,rotation_plus_5,0,angry,0.9905469417572021,False
ViT,71,5,surprise,translate_minus_2,0,angry,0.9846428036689758,False
ViT,71,5,surprise,translate_plus_2,0,angry,0.9865808486938477,False
ViT,71,5,surprise,brightness_0_90,0,angry,0.9868177175521851,False
ViT,71,5,surprise,brightness_1_10,0,angry,0.9825350046157837,False
ViT,71,5,surprise,contrast_0_90,0,angry,0.9848655462265015,False
ViT,71,5,surprise,contrast_1_10,0,angry,0.9853571057319641,False
ViT,77,0,angry,original,0,angry,0.9074534773826599,True
ViT,77,0,angry,rotation_minus_5,0,angry,0.9488914012908936,True
ViT,77,0,angry,rotation_plus_5,0,angry,0.9616913795471191,True
ViT,77,0,angry,translate_minus_2,0,angry,0.9748784899711609,True
ViT,77,0,angry,translate_plus_2,0,angry,0.840728223323822,True
ViT,77,0,angry,brightness_0_90,0,angry,0.8357481360435486,True
ViT,77,0,angry,brightness_1_10,0,angry,0.9596878886222839,True
ViT,77,0,angry,contrast_0_90,0,angry,0.8695063591003418,True
ViT,77,0,angry,contrast_1_10,0,angry,0.9406589865684509,True
ViT,78,5,surprise,original,5,surprise,0.9931585192680359,True
ViT,78,5,surprise,rotation_minus_5,5,surprise,0.9543057680130005,True
ViT,78,5,surprise,rotation_plus_5,5,surprise,0.9875714778900146,True
ViT,78,5,surprise,translate_minus_2,5,surprise,0.9926711320877075,True
ViT,78,5,surprise,translate_plus_2,5,surprise,0.9912994503974915,True
ViT,78,5,surprise,brightness_0_90,5,surprise,0.9918994903564453,True
ViT,78,5,surprise,brightness_1_10,5,surprise,0.9932966828346252,True
ViT,78,5,surprise,contrast_0_90,5,surprise,0.99272221326828,True
ViT,78,5,surprise,contrast_1_10,5,surprise,0.9931774139404297,True
ViT,104,3,happy,original,3,happy,0.9910069108009338,True
ViT,104,3,happy,rotation_minus_5,3,happy,0.9842904806137085,True
ViT,104,3,happy,rotation_plus_5,3,happy,0.9924732446670532,True
ViT,104,3,happy,translate_minus_2,3,happy,0.9923242330551147,True
ViT,104,3,happy,translate_plus_2,3,happy,0.9890755414962769,True
ViT,104,3,happy,brightness_0_90,3,happy,0.9886934161186218,True
ViT,104,3,happy,brightness_1_10,3,happy,0.9918993711471558,True
ViT,104,3,happy,contrast_0_90,3,happy,0.9913367033004761,True
ViT,104,3,happy,contrast_1_10,3,happy,0.9905738234519958,True
ViT,107,5,surprise,original,5,surprise,0.993293285369873,True
ViT,107,5,surprise,rotation_minus_5,5,surprise,0.9909993410110474,True
ViT,107,5,surprise,rotation_plus_5,5,surprise,0.9917712807655334,True
ViT,107,5,surprise,translate_minus_2,5,surprise,0.9932008385658264,True
ViT,107,5,surprise,translate_plus_2,5,surprise,0.9928852915763855,True
ViT,107,5,surprise,brightness_0_90,5,surprise,0.9933238625526428,True
ViT,107,5,surprise,brightness_1_10,5,surprise,0.9932210445404053,True
ViT,107,5,surprise,contrast_0_90,5,surprise,0.9931930899620056,True
ViT,107,5,surprise,contrast_1_10,5,surprise,0.9933473467826843,True
ViT,118,3,happy,original,3,happy,0.9943968057632446,True
ViT,118,3,happy,rotation_minus_5,3,happy,0.9949840307235718,True
ViT,118,3,happy,rotation_plus_5,3,happy,0.9952722191810608,True
ViT,118,3,happy,translate_minus_2,3,happy,0.9951672554016113,True
ViT,118,3,happy,translate_plus_2,3,happy,0.993500292301178,True
ViT,118,3,happy,brightness_0_90,3,happy,0.9946934580802917,True
ViT,118,3,happy,brightness_1_10,3,happy,0.9941514134407043,True
ViT,118,3,happy,contrast_0_90,3,happy,0.994471549987793,True
ViT,118,3,happy,contrast_1_10,3,happy,0.994429349899292,True
ViT,133,0,angry,original,4,sad,0.7077560424804688,False
ViT,133,0,angry,rotation_minus_5,0,angry,0.9609555006027222,True
ViT,133,0,angry,rotation_plus_5,6,neutral,0.9614894390106201,False
ViT,133,0,angry,translate_minus_2,4,sad,0.9195325970649719,False
ViT,133,0,angry,translate_plus_2,0,angry,0.6476731300354004,True
ViT,133,0,angry,brightness_0_90,4,sad,0.7661854028701782,False
ViT,133,0,angry,brightness_1_10,4,sad,0.7703074216842651,False
ViT,133,0,angry,contrast_0_90,4,sad,0.7011948823928833,False
ViT,133,0,angry,contrast_1_10,4,sad,0.7447693347930908,False
ViT,146,5,surprise,original,5,surprise,0.5454855561256409,True
ViT,146,5,surprise,rotation_minus_5,2,fear,0.9695386290550232,False
ViT,146,5,surprise,rotation_plus_5,2,fear,0.8473548293113708,False
ViT,146,5,surprise,translate_minus_2,5,surprise,0.6728085279464722,True
ViT,146,5,surprise,translate_plus_2,5,surprise,0.6534371376037598,True
ViT,146,5,surprise,brightness_0_90,5,surprise,0.6779532432556152,True
ViT,146,5,surprise,brightness_1_10,2,fear,0.7941292524337769,False
ViT,146,5,surprise,contrast_0_90,5,surprise,0.6282987594604492,True
ViT,146,5,surprise,contrast_1_10,2,fear,0.5167038440704346,False
ViT,155,5,surprise,original,4,sad,0.9496772885322571,False
ViT,155,5,surprise,rotation_minus_5,4,sad,0.975807785987854,False
ViT,155,5,surprise,rotation_plus_5,4,sad,0.9784793257713318,False
ViT,155,5,surprise,translate_minus_2,4,sad,0.753288209438324,False
ViT,155,5,surprise,translate_plus_2,4,sad,0.8371729850769043,False
ViT,155,5,surprise,brightness_0_90,4,sad,0.9566314220428467,False
ViT,155,5,surprise,brightness_1_10,4,sad,0.9677658677101135,False
ViT,155,5,surprise,contrast_0_90,4,sad,0.9464409351348877,False
ViT,155,5,surprise,contrast_1_10,4,sad,0.9565929770469666,False
ViT,157,0,angry,original,4,sad,0.979884147644043,False
ViT,157,0,angry,rotation_minus_5,0,angry,0.5854024291038513,True
ViT,157,0,angry,rotation_plus_5,0,angry,0.9553197026252747,True
ViT,157,0,angry,translate_minus_2,4,sad,0.9876620769500732,False
ViT,157,0,angry,translate_plus_2,4,sad,0.9890017509460449,False
ViT,157,0,angry,brightness_0_90,4,sad,0.9691721200942993,False
ViT,157,0,angry,brightness_1_10,4,sad,0.983115017414093,False
ViT,157,0,angry,contrast_0_90,4,sad,0.9779906272888184,False
ViT,157,0,angry,contrast_1_10,4,sad,0.981438159942627,False
ViT,178,1,disgust,original,1,disgust,0.5770824551582336,True
ViT,178,1,disgust,rotation_minus_5,0,angry,0.8119385242462158,False
ViT,178,1,disgust,rotation_plus_5,0,angry,0.960991382598877,False
ViT,178,1,disgust,translate_minus_2,1,disgust,0.9686689376831055,True
ViT,178,1,disgust,translate_plus_2,1,disgust,0.9716881513595581,True
ViT,178,1,disgust,brightness_0_90,1,disgust,0.8519677519798279,True
ViT,178,1,disgust,brightness_1_10,2,fear,0.36856749653816223,False
ViT,178,1,disgust,contrast_0_90,1,disgust,0.6590101718902588,True
ViT,178,1,disgust,contrast_1_10,1,disgust,0.7435515522956848,True
ViT,186,5,surprise,original,5,surprise,0.9929766058921814,True
ViT,186,5,surprise,rotation_minus_5,5,surprise,0.9925716519355774,True
ViT,186,5,surprise,rotation_plus_5,5,surprise,0.9920454025268555,True
ViT,186,5,surprise,translate_minus_2,5,surprise,0.9935922026634216,True
ViT,186,5,surprise,translate_plus_2,5,surprise,0.9934514760971069,True
ViT,186,5,surprise,brightness_0_90,5,surprise,0.9930056929588318,True
ViT,186,5,surprise,brightness_1_10,5,surprise,0.9929541945457458,True
ViT,186,5,surprise,contrast_0_90,5,surprise,0.9927597045898438,True
ViT,186,5,surprise,contrast_1_10,5,surprise,0.993152379989624,True
ViT,188,4,sad,original,4,sad,0.9277240633964539,True
ViT,188,4,sad,rotation_minus_5,4,sad,0.9403858780860901,True
ViT,188,4,sad,rotation_plus_5,4,sad,0.9680413603782654,True
ViT,188,4,sad,translate_minus_2,4,sad,0.5274472236633301,True
ViT,188,4,sad,translate_plus_2,2,fear,0.8315915465354919,False
ViT,188,4,sad,brightness_0_90,4,sad,0.8573201894760132,True
ViT,188,4,sad,brightness_1_10,4,sad,0.9257103800773621,True
ViT,188,4,sad,contrast_0_90,4,sad,0.8633017539978027,True
ViT,188,4,sad,contrast_1_10,4,sad,0.9558789134025574,True
ViT,189,1,disgust,original,2,fear,0.964503824710846,False
ViT,189,1,disgust,rotation_minus_5,2,fear,0.8952304124832153,False
ViT,189,1,disgust,rotation_plus_5,2,fear,0.9196845293045044,False
ViT,189,1,disgust,translate_minus_2,2,fear,0.918202817440033,False
ViT,189,1,disgust,translate_plus_2,2,fear,0.9680950045585632,False
ViT,189,1,disgust,brightness_0_90,2,fear,0.9621866941452026,False
ViT,189,1,disgust,brightness_1_10,2,fear,0.9746509194374084,False
ViT,189,1,disgust,contrast_0_90,2,fear,0.9657386541366577,False
ViT,189,1,disgust,contrast_1_10,2,fear,0.9676565527915955,False
ViT,191,2,fear,original,2,fear,0.9419423341751099,True
ViT,191,2,fear,rotation_minus_5,6,neutral,0.22110137343406677,False
ViT,191,2,fear,rotation_plus_5,2,fear,0.936531662940979,True
ViT,191,2,fear,translate_minus_2,2,fear,0.7447338104248047,True
ViT,191,2,fear,translate_plus_2,2,fear,0.9558282494544983,True
ViT,191,2,fear,brightness_0_90,2,fear,0.930996298789978,True
ViT,191,2,fear,brightness_1_10,2,fear,0.9635312557220459,True
ViT,191,2,fear,contrast_0_90,2,fear,0.9388753175735474,True
ViT,191,2,fear,contrast_1_10,2,fear,0.9355945587158203,True
ViT,206,2,fear,original,0,angry,0.9860365390777588,False
ViT,206,2,fear,rotation_minus_5,0,angry,0.9594553112983704,False
ViT,206,2,fear,rotation_plus_5,3,happy,0.5678145885467529,False
ViT,206,2,fear,translate_minus_2,0,angry,0.8020052313804626,False
ViT,206,2,fear,translate_plus_2,0,angry,0.6647759079933167,False
ViT,206,2,fear,brightness_0_90,0,angry,0.9846289157867432,False
ViT,206,2,fear,brightness_1_10,0,angry,0.9861127734184265,False
ViT,206,2,fear,contrast_0_90,0,angry,0.9862301349639893,False
ViT,206,2,fear,contrast_1_10,0,angry,0.9856572151184082,False
ViT,208,0,angry,original,5,surprise,0.8838295936584473,False
ViT,208,0,angry,rotation_minus_5,5,surprise,0.6932656764984131,False
ViT,208,0,angry,rotation_plus_5,0,angry,0.6619592308998108,True
ViT,208,0,angry,translate_minus_2,0,angry,0.7402860522270203,True
ViT,208,0,angry,translate_plus_2,0,angry,0.4386289119720459,True
ViT,208,0,angry,brightness_0_90,5,surprise,0.7539661526679993,False
ViT,208,0,angry,brightness_1_10,5,surprise,0.9269140362739563,False
ViT,208,0,angry,contrast_0_90,5,surprise,0.8464213609695435,False
ViT,208,0,angry,contrast_1_10,5,surprise,0.8879722356796265,False
ViT,209,2,fear,original,2,fear,0.814163327217102,True
ViT,209,2,fear,rotation_minus_5,4,sad,0.9576764702796936,False
ViT,209,2,fear,rotation_plus_5,0,angry,0.46928027272224426,False
ViT,209,2,fear,translate_minus_2,2,fear,0.8501769304275513,True
ViT,209,2,fear,translate_plus_2,2,fear,0.7381777167320251,True
ViT,209,2,fear,brightness_0_90,2,fear,0.7274179458618164,True
ViT,209,2,fear,brightness_1_10,2,fear,0.7276715040206909,True
ViT,209,2,fear,contrast_0_90,2,fear,0.8913346529006958,True
ViT,209,2,fear,contrast_1_10,2,fear,0.8487952947616577,True
ViT,216,6,neutral,original,4,sad,0.9274007678031921,False
ViT,216,6,neutral,rotation_minus_5,4,sad,0.9821366667747498,False
ViT,216,6,neutral,rotation_plus_5,4,sad,0.9841304421424866,False
ViT,216,6,neutral,translate_minus_2,4,sad,0.641004204750061,False
ViT,216,6,neutral,translate_plus_2,6,neutral,0.9432889223098755,True
ViT,216,6,neutral,brightness_0_90,4,sad,0.9512302875518799,False
ViT,216,6,neutral,brightness_1_10,4,sad,0.8624719977378845,False
ViT,216,6,neutral,contrast_0_90,4,sad,0.9562832117080688,False
ViT,216,6,neutral,contrast_1_10,4,sad,0.8520818948745728,False
ViT,222,5,surprise,original,5,surprise,0.5692765116691589,True
ViT,222,5,surprise,rotation_minus_5,5,surprise,0.8145787119865417,True
ViT,222,5,surprise,rotation_plus_5,2,fear,0.626746416091919,False
ViT,222,5,surprise,translate_minus_2,5,surprise,0.9617584347724915,True
ViT,222,5,surprise,translate_plus_2,5,surprise,0.9678337574005127,True
ViT,222,5,surprise,brightness_0_90,2,fear,0.6019030213356018,False
ViT,222,5,surprise,brightness_1_10,5,surprise,0.5258792042732239,True
ViT,222,5,surprise,contrast_0_90,2,fear,0.6044076085090637,False
ViT,222,5,surprise,contrast_1_10,5,surprise,0.5001128911972046,True
ViT,227,1,disgust,original,1,disgust,0.9894412755966187,True
ViT,227,1,disgust,rotation_minus_5,1,disgust,0.9744260907173157,True
ViT,227,1,disgust,rotation_plus_5,1,disgust,0.9883946180343628,True
ViT,227,1,disgust,translate_minus_2,1,disgust,0.9905763864517212,True
ViT,227,1,disgust,translate_plus_2,1,disgust,0.9911625385284424,True
ViT,227,1,disgust,brightness_0_90,1,disgust,0.9884563684463501,True
ViT,227,1,disgust,brightness_1_10,1,disgust,0.9898247122764587,True
ViT,227,1,disgust,contrast_0_90,1,disgust,0.9893346428871155,True
ViT,227,1,disgust,contrast_1_10,1,disgust,0.9894137382507324,True
ViT,228,5,surprise,original,5,surprise,0.9889869689941406,True
ViT,228,5,surprise,rotation_minus_5,5,surprise,0.9295316934585571,True
ViT,228,5,surprise,rotation_plus_5,5,surprise,0.989976704120636,True
ViT,228,5,surprise,translate_minus_2,5,surprise,0.9822743535041809,True
ViT,228,5,surprise,translate_plus_2,5,surprise,0.9662033319473267,True
ViT,228,5,surprise,brightness_0_90,5,surprise,0.9908541440963745,True
ViT,228,5,surprise,brightness_1_10,5,surprise,0.9863635897636414,True
ViT,228,5,surprise,contrast_0_90,5,surprise,0.9888221025466919,True
ViT,228,5,surprise,contrast_1_10,5,surprise,0.9891015887260437,True
ViT,233,1,disgust,original,0,angry,0.6780697703361511,False
ViT,233,1,disgust,rotation_minus_5,1,disgust,0.8546428680419922,True
ViT,233,1,disgust,rotation_plus_5,0,angry,0.8630771040916443,False
ViT,233,1,disgust,translate_minus_2,1,disgust,0.7703757286071777,True
ViT,233,1,disgust,translate_plus_2,1,disgust,0.5176055431365967,True
ViT,233,1,disgust,brightness_0_90,0,angry,0.6559497117996216,False
ViT,233,1,disgust,brightness_1_10,0,angry,0.6059515476226807,False
ViT,233,1,disgust,contrast_0_90,0,angry,0.6181387901306152,False
ViT,233,1,disgust,contrast_1_10,0,angry,0.6988109946250916,False
ViT,248,1,disgust,original,1,disgust,0.6316440105438232,True
ViT,248,1,disgust,rotation_minus_5,1,disgust,0.8996962904930115,True
ViT,248,1,disgust,rotation_plus_5,0,angry,0.9652544856071472,False
ViT,248,1,disgust,translate_minus_2,1,disgust,0.8751006722450256,True
ViT,248,1,disgust,translate_plus_2,1,disgust,0.7687819004058838,True
ViT,248,1,disgust,brightness_0_90,1,disgust,0.8097382187843323,True
ViT,248,1,disgust,brightness_1_10,1,disgust,0.7380495667457581,True
ViT,248,1,disgust,contrast_0_90,1,disgust,0.7001292109489441,True
ViT,248,1,disgust,contrast_1_10,1,disgust,0.6748459339141846,True
ViT,251,0,angry,original,0,angry,0.795857310295105,True
ViT,251,0,angry,rotation_minus_5,3,happy,0.627593994140625,False
ViT,251,0,angry,rotation_plus_5,4,sad,0.8090945482254028,False
ViT,251,0,angry,translate_minus_2,0,angry,0.9751423001289368,True
ViT,251,0,angry,translate_plus_2,0,angry,0.9732286334037781,True
ViT,251,0,angry,brightness_0_90,0,angry,0.926733672618866,True
ViT,251,0,angry,brightness_1_10,3,happy,0.57706618309021,False
ViT,251,0,angry,contrast_0_90,0,angry,0.7980827689170837,True
ViT,251,0,angry,contrast_1_10,0,angry,0.5607370734214783,True
ViT,254,4,sad,original,4,sad,0.9700099229812622,True
ViT,254,4,sad,rotation_minus_5,4,sad,0.9694342017173767,True
ViT,254,4,sad,rotation_plus_5,4,sad,0.9130563139915466,True
ViT,254,4,sad,translate_minus_2,4,sad,0.9588456749916077,True
ViT,254,4,sad,translate_plus_2,4,sad,0.9681832790374756,True
ViT,254,4,sad,brightness_0_90,4,sad,0.970628023147583,True
ViT,254,4,sad,brightness_1_10,4,sad,0.9686213731765747,True
ViT,254,4,sad,contrast_0_90,4,sad,0.9678966999053955,True
ViT,254,4,sad,contrast_1_10,4,sad,0.9726894497871399,True
ViT,259,3,happy,original,3,happy,0.9941011071205139,True
ViT,259,3,happy,rotation_minus_5,3,happy,0.9512804746627808,True
ViT,259,3,happy,rotation_plus_5,3,happy,0.9773014187812805,True
ViT,259,3,happy,translate_minus_2,3,happy,0.9949748516082764,True
ViT,259,3,happy,translate_plus_2,3,happy,0.9952768087387085,True
ViT,259,3,happy,brightness_0_90,3,happy,0.994283139705658,True
ViT,259,3,happy,brightness_1_10,3,happy,0.9936668276786804,True
ViT,259,3,happy,contrast_0_90,3,happy,0.9942119717597961,True
ViT,259,3,happy,contrast_1_10,3,happy,0.9939767122268677,True
ViT,266,6,neutral,original,6,neutral,0.9502880573272705,True
ViT,266,6,neutral,rotation_minus_5,5,surprise,0.4603608548641205,False
ViT,266,6,neutral,rotation_plus_5,6,neutral,0.9389324188232422,True
ViT,266,6,neutral,translate_minus_2,6,neutral,0.9867408871650696,True
ViT,266,6,neutral,translate_plus_2,6,neutral,0.9826922416687012,True
ViT,266,6,neutral,brightness_0_90,6,neutral,0.9583224058151245,True
ViT,266,6,neutral,brightness_1_10,6,neutral,0.8736507296562195,True
ViT,266,6,neutral,contrast_0_90,6,neutral,0.9502747058868408,True
ViT,266,6,neutral,contrast_1_10,6,neutral,0.9460949897766113,True
ViT,267,4,sad,original,4,sad,0.9541983604431152,True
ViT,267,4,sad,rotation_minus_5,4,sad,0.9707059860229492,True
ViT,267,4,sad,rotation_plus_5,4,sad,0.9651124477386475,True
ViT,267,4,sad,translate_minus_2,4,sad,0.977668285369873,True
ViT,267,4,sad,translate_plus_2,4,sad,0.9400159120559692,True
ViT,267,4,sad,brightness_0_90,4,sad,0.921629786491394,True
ViT,267,4,sad,brightness_1_10,4,sad,0.968589186668396,True
ViT,267,4,sad,contrast_0_90,4,sad,0.9415491819381714,True
ViT,267,4,sad,contrast_1_10,4,sad,0.9598445892333984,True
ViT,314,4,sad,original,2,fear,0.7976595163345337,False
ViT,314,4,sad,rotation_minus_5,0,angry,0.42595094442367554,False
ViT,314,4,sad,rotation_plus_5,2,fear,0.7132974863052368,False
ViT,314,4,sad,translate_minus_2,0,angry,0.6866910457611084,False
ViT,314,4,sad,translate_plus_2,0,angry,0.726112425327301,False
ViT,314,4,sad,brightness_0_90,2,fear,0.7886384129524231,False
ViT,314,4,sad,brightness_1_10,2,fear,0.8096895217895508,False
ViT,314,4,sad,contrast_0_90,2,fear,0.8415778279304504,False
ViT,314,4,sad,contrast_1_10,2,fear,0.8014718294143677,False
ViT,319,0,angry,original,4,sad,0.4883236289024353,False
ViT,319,0,angry,rotation_minus_5,6,neutral,0.5704523324966431,False
ViT,319,0,angry,rotation_plus_5,4,sad,0.9287514090538025,False
ViT,319,0,angry,translate_minus_2,6,neutral,0.7612685561180115,False
ViT,319,0,angry,translate_plus_2,6,neutral,0.9714016318321228,False
ViT,319,0,angry,brightness_0_90,4,sad,0.5272753238677979,False
ViT,319,0,angry,brightness_1_10,4,sad,0.540479302406311,False
ViT,319,0,angry,contrast_0_90,4,sad,0.5703403949737549,False
ViT,319,0,angry,contrast_1_10,4,sad,0.5111821889877319,False
ViT,323,2,fear,original,2,fear,0.9827885031700134,True
ViT,323,2,fear,rotation_minus_5,2,fear,0.9819335341453552,True
ViT,323,2,fear,rotation_plus_5,2,fear,0.9708427786827087,True
ViT,323,2,fear,translate_minus_2,2,fear,0.9664068818092346,True
ViT,323,2,fear,translate_plus_2,2,fear,0.9652596116065979,True
ViT,323,2,fear,brightness_0_90,2,fear,0.9754552841186523,True
ViT,323,2,fear,brightness_1_10,2,fear,0.9849046468734741,True
ViT,323,2,fear,contrast_0_90,2,fear,0.9816058278083801,True
ViT,323,2,fear,contrast_1_10,2,fear,0.9834049940109253,True
ViT,335,5,surprise,original,5,surprise,0.9907283782958984,True
ViT,335,5,surprise,rotation_minus_5,5,surprise,0.9342839121818542,True
ViT,335,5,surprise,rotation_plus_5,2,fear,0.4708830416202545,False
ViT,335,5,surprise,translate_minus_2,5,surprise,0.884748101234436,True
ViT,335,5,surprise,translate_plus_2,2,fear,0.7174689173698425,False
ViT,335,5,surprise,brightness_0_90,5,surprise,0.9879012107849121,True
ViT,335,5,surprise,brightness_1_10,5,surprise,0.9927417039871216,True
ViT,335,5,surprise,contrast_0_90,5,surprise,0.9896738529205322,True
ViT,335,5,surprise,contrast_1_10,5,surprise,0.9916280508041382,True
ViT,354,5,surprise,original,5,surprise,0.9841932654380798,True
ViT,354,5,surprise,rotation_minus_5,2,fear,0.9528635740280151,False
ViT,354,5,surprise,rotation_plus_5,2,fear,0.9752269983291626,False
ViT,354,5,surprise,translate_minus_2,2,fear,0.9602739810943604,False
ViT,354,5,surprise,translate_plus_2,2,fear,0.8169986009597778,False
ViT,354,5,surprise,brightness_0_90,5,surprise,0.9787801504135132,True
ViT,354,5,surprise,brightness_1_10,5,surprise,0.9740518927574158,True
ViT,354,5,surprise,contrast_0_90,5,surprise,0.9813879728317261,True
ViT,354,5,surprise,contrast_1_10,5,surprise,0.9833046197891235,True
ViT,381,6,neutral,original,5,surprise,0.9461250901222229,False
ViT,381,6,neutral,rotation_minus_5,5,surprise,0.5643506646156311,False
ViT,381,6,neutral,rotation_plus_5,5,surprise,0.8672755360603333,False
ViT,381,6,neutral,translate_minus_2,5,surprise,0.9190689325332642,False
ViT,381,6,neutral,translate_plus_2,2,fear,0.7634926438331604,False
ViT,381,6,neutral,brightness_0_90,5,surprise,0.958134651184082,False
ViT,381,6,neutral,brightness_1_10,5,surprise,0.8342451453208923,False
ViT,381,6,neutral,contrast_0_90,5,surprise,0.9436178803443909,False
ViT,381,6,neutral,contrast_1_10,5,surprise,0.9426097273826599,False
ViT,382,5,surprise,original,5,surprise,0.758027970790863,True
ViT,382,5,surprise,rotation_minus_5,2,fear,0.7126981019973755,False
ViT,382,5,surprise,rotation_plus_5,2,fear,0.8913239240646362,False
ViT,382,5,surprise,translate_minus_2,5,surprise,0.712269127368927,True
ViT,382,5,surprise,translate_plus_2,2,fear,0.5287706255912781,False
ViT,382,5,surprise,brightness_0_90,2,fear,0.732662558555603,False
ViT,382,5,surprise,brightness_1_10,5,surprise,0.8703377842903137,True
ViT,382,5,surprise,contrast_0_90,5,surprise,0.5908199548721313,True
ViT,382,5,surprise,contrast_1_10,5,surprise,0.7637948393821716,True
ViT,383,1,disgust,original,1,disgust,0.9857062697410583,True
ViT,383,1,disgust,rotation_minus_5,1,disgust,0.9833840131759644,True
ViT,383,1,disgust,rotation_plus_5,1,disgust,0.9888717532157898,True
ViT,383,1,disgust,translate_minus_2,1,disgust,0.9876509308815002,True
ViT,383,1,disgust,translate_plus_2,1,disgust,0.9901725053787231,True
ViT,383,1,disgust,brightness_0_90,1,disgust,0.9864383935928345,True
ViT,383,1,disgust,brightness_1_10,1,disgust,0.9854462146759033,True
ViT,383,1,disgust,contrast_0_90,1,disgust,0.9871697425842285,True
ViT,383,1,disgust,contrast_1_10,1,disgust,0.9827562570571899,True
ViT,394,2,fear,original,4,sad,0.9825063943862915,False
ViT,394,2,fear,rotation_minus_5,4,sad,0.9865755438804626,False
ViT,394,2,fear,rotation_plus_5,4,sad,0.9872244596481323,False
ViT,394,2,fear,translate_minus_2,4,sad,0.9880473613739014,False
ViT,394,2,fear,translate_plus_2,4,sad,0.987532913684845,False
ViT,394,2,fear,brightness_0_90,4,sad,0.9860326647758484,False
ViT,394,2,fear,brightness_1_10,4,sad,0.9774317741394043,False
ViT,394,2,fear,contrast_0_90,4,sad,0.9851758480072021,False
ViT,394,2,fear,contrast_1_10,4,sad,0.9814833998680115,False
ViT,396,4,sad,original,4,sad,0.9622007012367249,True
ViT,396,4,sad,rotation_minus_5,4,sad,0.9692688584327698,True
ViT,396,4,sad,rotation_plus_5,0,angry,0.9197021722793579,False
ViT,396,4,sad,translate_minus_2,4,sad,0.8975234031677246,True
ViT,396,4,sad,translate_plus_2,4,sad,0.521521270275116,True
ViT,396,4,sad,brightness_0_90,4,sad,0.9632782936096191,True
ViT,396,4,sad,brightness_1_10,4,sad,0.9468454122543335,True
ViT,396,4,sad,contrast_0_90,4,sad,0.9669306874275208,True
ViT,396,4,sad,contrast_1_10,4,sad,0.9459249377250671,True
ViT,397,5,surprise,original,2,fear,0.8078129887580872,False
ViT,397,5,surprise,rotation_minus_5,4,sad,0.8361870646476746,False
ViT,397,5,surprise,rotation_plus_5,2,fear,0.4445345103740692,False
ViT,397,5,surprise,translate_minus_2,2,fear,0.7855760455131531,False
ViT,397,5,surprise,translate_plus_2,4,sad,0.6207425594329834,False
ViT,397,5,surprise,brightness_0_90,2,fear,0.7407384514808655,False
ViT,397,5,surprise,brightness_1_10,2,fear,0.7985624670982361,False
ViT,397,5,surprise,contrast_0_90,2,fear,0.8134387135505676,False
ViT,397,5,surprise,contrast_1_10,2,fear,0.6945219039916992,False
ViT,413,4,sad,original,0,angry,0.8127011060714722,False
ViT,413,4,sad,rotation_minus_5,2,fear,0.7340115904808044,False
ViT,413,4,sad,rotation_plus_5,0,angry,0.9017667174339294,False
ViT,413,4,sad,translate_minus_2,4,sad,0.9461881518363953,True
ViT,413,4,sad,translate_plus_2,0,angry,0.9422178864479065,False
ViT,413,4,sad,brightness_0_90,0,angry,0.7345900535583496,False
ViT,413,4,sad,brightness_1_10,0,angry,0.8232415914535522,False
ViT,413,4,sad,contrast_0_90,0,angry,0.681162416934967,False
ViT,413,4,sad,contrast_1_10,0,angry,0.823695957660675,False
ViT,416,6,neutral,original,6,neutral,0.988919198513031,True
ViT,416,6,neutral,rotation_minus_5,6,neutral,0.9905005693435669,True
ViT,416,6,neutral,rotation_plus_5,6,neutral,0.9838247299194336,True
ViT,416,6,neutral,translate_minus_2,6,neutral,0.9912514090538025,True
ViT,416,6,neutral,translate_plus_2,6,neutral,0.9908684492111206,True
ViT,416,6,neutral,brightness_0_90,6,neutral,0.987916886806488,True
ViT,416,6,neutral,brightness_1_10,6,neutral,0.9907051920890808,True
ViT,416,6,neutral,contrast_0_90,6,neutral,0.989560604095459,True
ViT,416,6,neutral,contrast_1_10,6,neutral,0.9888375997543335,True
ViT,419,1,disgust,original,1,disgust,0.9785386919975281,True
ViT,419,1,disgust,rotation_minus_5,4,sad,0.6020240187644958,False
ViT,419,1,disgust,rotation_plus_5,1,disgust,0.4388023912906647,True
ViT,419,1,disgust,translate_minus_2,1,disgust,0.9476450681686401,True
ViT,419,1,disgust,translate_plus_2,1,disgust,0.9426912665367126,True
ViT,419,1,disgust,brightness_0_90,1,disgust,0.9656773209571838,True
ViT,419,1,disgust,brightness_1_10,1,disgust,0.9815385341644287,True
ViT,419,1,disgust,contrast_0_90,1,disgust,0.9768713116645813,True
ViT,419,1,disgust,contrast_1_10,1,disgust,0.9769584536552429,True
ViT,427,3,happy,original,0,angry,0.8673454523086548,False
ViT,427,3,happy,rotation_minus_5,0,angry,0.9710878133773804,False
ViT,427,3,happy,rotation_plus_5,0,angry,0.9793522953987122,False
ViT,427,3,happy,translate_minus_2,0,angry,0.897590696811676,False
ViT,427,3,happy,translate_plus_2,0,angry,0.5076239109039307,False
ViT,427,3,happy,brightness_0_90,0,angry,0.8447514176368713,False
ViT,427,3,happy,brightness_1_10,0,angry,0.8743311762809753,False
ViT,427,3,happy,contrast_0_90,0,angry,0.8826464414596558,False
ViT,427,3,happy,contrast_1_10,0,angry,0.8608757257461548,False
ViT,428,6,neutral,original,6,neutral,0.9827855229377747,True
ViT,428,6,neutral,rotation_minus_5,4,sad,0.9681457281112671,False
ViT,428,6,neutral,rotation_plus_5,4,sad,0.9628916382789612,False
ViT,428,6,neutral,translate_minus_2,6,neutral,0.7863397598266602,True
ViT,428,6,neutral,translate_plus_2,6,neutral,0.9862985014915466,True
ViT,428,6,neutral,brightness_0_90,6,neutral,0.9762839078903198,True
ViT,428,6,neutral,brightness_1_10,6,neutral,0.9831441044807434,True
ViT,428,6,neutral,contrast_0_90,6,neutral,0.9800822138786316,True
ViT,428,6,neutral,contrast_1_10,6,neutral,0.9836301207542419,True
ViT,466,3,happy,original,3,happy,0.9955592155456543,True
ViT,466,3,happy,rotation_minus_5,3,happy,0.994615375995636,True
ViT,466,3,happy,rotation_plus_5,3,happy,0.9941291809082031,True
ViT,466,3,happy,translate_minus_2,3,happy,0.9955272078514099,True
ViT,466,3,happy,translate_plus_2,3,happy,0.9950684309005737,True
ViT,466,3,happy,brightness_0_90,3,happy,0.9956772923469543,True
ViT,466,3,happy,brightness_1_10,3,happy,0.9955134987831116,True
ViT,466,3,happy,contrast_0_90,3,happy,0.9955841898918152,True
ViT,466,3,happy,contrast_1_10,3,happy,0.9955759048461914,True
ViT,472,4,sad,original,6,neutral,0.9589052796363831,False
ViT,472,4,sad,rotation_minus_5,6,neutral,0.6218728423118591,False
ViT,472,4,sad,rotation_plus_5,6,neutral,0.8859925866127014,False
ViT,472,4,sad,translate_minus_2,6,neutral,0.8307775259017944,False
ViT,472,4,sad,translate_plus_2,6,neutral,0.868807852268219,False
ViT,472,4,sad,brightness_0_90,6,neutral,0.9638158679008484,False
ViT,472,4,sad,brightness_1_10,6,neutral,0.9547757506370544,False
ViT,472,4,sad,contrast_0_90,6,neutral,0.9572756886482239,False
ViT,472,4,sad,contrast_1_10,6,neutral,0.9727142453193665,False
ViT,494,6,neutral,original,6,neutral,0.9856547713279724,True
ViT,494,6,neutral,rotation_minus_5,6,neutral,0.9565298557281494,True
ViT,494,6,neutral,rotation_plus_5,6,neutral,0.9736538529396057,True
ViT,494,6,neutral,translate_minus_2,6,neutral,0.9899918437004089,True
ViT,494,6,neutral,translate_plus_2,6,neutral,0.9875125288963318,True
ViT,494,6,neutral,brightness_0_90,6,neutral,0.9835392236709595,True
ViT,494,6,neutral,brightness_1_10,6,neutral,0.9869224429130554,True
ViT,494,6,neutral,contrast_0_90,6,neutral,0.9841034412384033,True
ViT,494,6,neutral,contrast_1_10,6,neutral,0.9877941608428955,True
ViT,506,2,fear,original,5,surprise,0.9925861954689026,False
ViT,506,2,fear,rotation_minus_5,5,surprise,0.8479090929031372,False
ViT,506,2,fear,rotation_plus_5,2,fear,0.6040202379226685,True
ViT,506,2,fear,translate_minus_2,5,surprise,0.9823034405708313,False
ViT,506,2,fear,translate_plus_2,5,surprise,0.9850223660469055,False
ViT,506,2,fear,brightness_0_90,5,surprise,0.9922440648078918,False
ViT,506,2,fear,brightness_1_10,5,surprise,0.9925813674926758,False
ViT,506,2,fear,contrast_0_90,5,surprise,0.9925520420074463,False
ViT,506,2,fear,contrast_1_10,5,surprise,0.9926902651786804,False
ViT,507,4,sad,original,6,neutral,0.852067232131958,False
ViT,507,4,sad,rotation_minus_5,6,neutral,0.6695930361747742,False
ViT,507,4,sad,rotation_plus_5,4,sad,0.9788129329681396,True
ViT,507,4,sad,translate_minus_2,4,sad,0.9486436247825623,True
ViT,507,4,sad,translate_plus_2,4,sad,0.7624049782752991,True
ViT,507,4,sad,brightness_0_90,6,neutral,0.8006422519683838,False
ViT,507,4,sad,brightness_1_10,6,neutral,0.7461597323417664,False
ViT,507,4,sad,contrast_0_90,6,neutral,0.8853274583816528,False
ViT,507,4,sad,contrast_1_10,6,neutral,0.8607815504074097,False
ViT,531,2,fear,original,6,neutral,0.9801477193832397,False
ViT,531,2,fear,rotation_minus_5,6,neutral,0.9676832556724548,False
ViT,531,2,fear,rotation_plus_5,6,neutral,0.989716112613678,False
ViT,531,2,fear,translate_minus_2,6,neutral,0.9723819494247437,False
ViT,531,2,fear,translate_plus_2,6,neutral,0.972849428653717,False
ViT,531,2,fear,brightness_0_90,6,neutral,0.9762580990791321,False
ViT,531,2,fear,brightness_1_10,6,neutral,0.9773191809654236,False
ViT,531,2,fear,contrast_0_90,6,neutral,0.980732798576355,False
ViT,531,2,fear,contrast_1_10,6,neutral,0.9820218086242676,False
ViT,532,3,happy,original,3,happy,0.9949700236320496,True
ViT,532,3,happy,rotation_minus_5,3,happy,0.9957336783409119,True
ViT,532,3,happy,rotation_plus_5,3,happy,0.9945730566978455,True
ViT,532,3,happy,translate_minus_2,3,happy,0.9950555562973022,True
ViT,532,3,happy,translate_plus_2,3,happy,0.9953959584236145,True
ViT,532,3,happy,brightness_0_90,3,happy,0.9949066042900085,True
ViT,532,3,happy,brightness_1_10,3,happy,0.9950829744338989,True
ViT,532,3,happy,contrast_0_90,3,happy,0.9949870109558105,True
ViT,532,3,happy,contrast_1_10,3,happy,0.9949930310249329,True
ViT,546,3,happy,original,0,angry,0.5052711367607117,False
ViT,546,3,happy,rotation_minus_5,0,angry,0.46598708629608154,False
ViT,546,3,happy,rotation_plus_5,4,sad,0.9232889413833618,False
ViT,546,3,happy,translate_minus_2,4,sad,0.8179941773414612,False
ViT,546,3,happy,translate_plus_2,0,angry,0.6765322089195251,False
ViT,546,3,happy,brightness_0_90,0,angry,0.5438911318778992,False
ViT,546,3,happy,brightness_1_10,4,sad,0.41266465187072754,False
ViT,546,3,happy,contrast_0_90,0,angry,0.5305418372154236,False
ViT,546,3,happy,contrast_1_10,0,angry,0.4000014364719391,False
ViT,552,4,sad,original,3,happy,0.6811244487762451,False
ViT,552,4,sad,rotation_minus_5,2,fear,0.6117154955863953,False
ViT,552,4,sad,rotation_plus_5,4,sad,0.3047489523887634,True
ViT,552,4,sad,translate_minus_2,5,surprise,0.43917495012283325,False
ViT,552,4,sad,translate_plus_2,3,happy,0.5192923545837402,False
ViT,552,4,sad,brightness_0_90,3,happy,0.5986276268959045,False
ViT,552,4,sad,brightness_1_10,3,happy,0.4845280051231384,False
ViT,552,4,sad,contrast_0_90,3,happy,0.7307030558586121,False
ViT,552,4,sad,contrast_1_10,3,happy,0.6824854016304016,False
ViT,570,3,happy,original,3,happy,0.9953374862670898,True
ViT,570,3,happy,rotation_minus_5,3,happy,0.9946982860565186,True
ViT,570,3,happy,rotation_plus_5,3,happy,0.9943367838859558,True
ViT,570,3,happy,translate_minus_2,3,happy,0.991456925868988,True
ViT,570,3,happy,translate_plus_2,3,happy,0.9954288005828857,True
ViT,570,3,happy,brightness_0_90,3,happy,0.9953568577766418,True
ViT,570,3,happy,brightness_1_10,3,happy,0.9953573346138,True
ViT,570,3,happy,contrast_0_90,3,happy,0.9952549934387207,True
ViT,570,3,happy,contrast_1_10,3,happy,0.9953891038894653,True
ViT,586,5,surprise,original,5,surprise,0.8613577485084534,True
ViT,586,5,surprise,rotation_minus_5,2,fear,0.6356350183486938,False
ViT,586,5,surprise,rotation_plus_5,5,surprise,0.5875598788261414,True
ViT,586,5,surprise,translate_minus_2,5,surprise,0.9823296666145325,True
ViT,586,5,surprise,translate_plus_2,5,surprise,0.9765581488609314,True
ViT,586,5,surprise,brightness_0_90,5,surprise,0.843109130859375,True
ViT,586,5,surprise,brightness_1_10,2,fear,0.7922555804252625,False
ViT,586,5,surprise,contrast_0_90,5,surprise,0.6257978677749634,True
ViT,586,5,surprise,contrast_1_10,5,surprise,0.916863203048706,True
ViT,597,6,neutral,original,4,sad,0.9668014049530029,False
ViT,597,6,neutral,rotation_minus_5,4,sad,0.7410733699798584,False
ViT,597,6,neutral,rotation_plus_5,4,sad,0.9678364396095276,False
ViT,597,6,neutral,translate_minus_2,4,sad,0.9712165594100952,False
ViT,597,6,neutral,translate_plus_2,4,sad,0.9689777493476868,False
ViT,597,6,neutral,brightness_0_90,4,sad,0.9416918754577637,False
ViT,597,6,neutral,brightness_1_10,4,sad,0.9786041975021362,False
ViT,597,6,neutral,contrast_0_90,4,sad,0.9603971242904663,False
ViT,597,6,neutral,contrast_1_10,4,sad,0.9711000323295593,False
ViT,598,3,happy,original,3,happy,0.9945400357246399,True
ViT,598,3,happy,rotation_minus_5,3,happy,0.9941681623458862,True
ViT,598,3,happy,rotation_plus_5,3,happy,0.9940459728240967,True
ViT,598,3,happy,translate_minus_2,3,happy,0.9944632649421692,True
ViT,598,3,happy,translate_plus_2,3,happy,0.994612455368042,True
ViT,598,3,happy,brightness_0_90,3,happy,0.994429349899292,True
ViT,598,3,happy,brightness_1_10,3,happy,0.9946253895759583,True
ViT,598,3,happy,contrast_0_90,3,happy,0.9943699240684509,True
ViT,598,3,happy,contrast_1_10,3,happy,0.9946487545967102,True
ViT,600,4,sad,original,4,sad,0.943719744682312,True
ViT,600,4,sad,rotation_minus_5,4,sad,0.9746893048286438,True
ViT,600,4,sad,rotation_plus_5,4,sad,0.9704673290252686,True
ViT,600,4,sad,translate_minus_2,4,sad,0.9594491720199585,True
ViT,600,4,sad,translate_plus_2,4,sad,0.9525552988052368,True
ViT,600,4,sad,brightness_0_90,4,sad,0.8327367901802063,True
ViT,600,4,sad,brightness_1_10,4,sad,0.9664466381072998,True
ViT,600,4,sad,contrast_0_90,4,sad,0.8959057927131653,True
ViT,600,4,sad,contrast_1_10,4,sad,0.9582140445709229,True
ViT,613,4,sad,original,3,happy,0.9652347564697266,False
ViT,613,4,sad,rotation_minus_5,3,happy,0.8901999592781067,False
ViT,613,4,sad,rotation_plus_5,4,sad,0.7396984100341797,True
ViT,613,4,sad,translate_minus_2,4,sad,0.910987913608551,True
ViT,613,4,sad,translate_plus_2,4,sad,0.9317742586135864,True
ViT,613,4,sad,brightness_0_90,3,happy,0.9476549029350281,False
ViT,613,4,sad,brightness_1_10,3,happy,0.9670825004577637,False
ViT,613,4,sad,contrast_0_90,3,happy,0.9428945183753967,False
ViT,613,4,sad,contrast_1_10,3,happy,0.9821580648422241,False
ViT,614,1,disgust,original,1,disgust,0.9891322255134583,True
ViT,614,1,disgust,rotation_minus_5,1,disgust,0.987851083278656,True
ViT,614,1,disgust,rotation_plus_5,1,disgust,0.9829047918319702,True
ViT,614,1,disgust,translate_minus_2,1,disgust,0.9883177876472473,True
ViT,614,1,disgust,translate_plus_2,1,disgust,0.9889511466026306,True
ViT,614,1,disgust,brightness_0_90,1,disgust,0.9892198443412781,True
ViT,614,1,disgust,brightness_1_10,1,disgust,0.9888352751731873,True
ViT,614,1,disgust,contrast_0_90,1,disgust,0.9885989427566528,True
ViT,614,1,disgust,contrast_1_10,1,disgust,0.9892241358757019,True
ViT,625,1,disgust,original,1,disgust,0.98277747631073,True
ViT,625,1,disgust,rotation_minus_5,0,angry,0.84714674949646,False
ViT,625,1,disgust,rotation_plus_5,0,angry,0.7820101976394653,False
ViT,625,1,disgust,translate_minus_2,1,disgust,0.9042435884475708,True
ViT,625,1,disgust,translate_plus_2,0,angry,0.7611915469169617,False
ViT,625,1,disgust,brightness_0_90,1,disgust,0.974464476108551,True
ViT,625,1,disgust,brightness_1_10,1,disgust,0.9653615951538086,True
ViT,625,1,disgust,contrast_0_90,1,disgust,0.9851909279823303,True
ViT,625,1,disgust,contrast_1_10,1,disgust,0.9740903377532959,True
ViT,636,0,angry,original,0,angry,0.9743063449859619,True
ViT,636,0,angry,rotation_minus_5,0,angry,0.9332013130187988,True
ViT,636,0,angry,rotation_plus_5,0,angry,0.9334168434143066,True
ViT,636,0,angry,translate_minus_2,0,angry,0.9312867522239685,True
ViT,636,0,angry,translate_plus_2,0,angry,0.9751673340797424,True
ViT,636,0,angry,brightness_0_90,0,angry,0.9690335988998413,True
ViT,636,0,angry,brightness_1_10,0,angry,0.9640944600105286,True
ViT,636,0,angry,contrast_0_90,0,angry,0.9649603962898254,True
ViT,636,0,angry,contrast_1_10,0,angry,0.9797154664993286,True
ViT,655,3,happy,original,3,happy,0.9955920577049255,True
ViT,655,3,happy,rotation_minus_5,3,happy,0.9954373240470886,True
ViT,655,3,happy,rotation_plus_5,3,happy,0.9952771663665771,True
ViT,655,3,happy,translate_minus_2,3,happy,0.9954217076301575,True
ViT,655,3,happy,translate_plus_2,3,happy,0.9956730008125305,True
ViT,655,3,happy,brightness_0_90,3,happy,0.995624840259552,True
ViT,655,3,happy,brightness_1_10,3,happy,0.9954882264137268,True
ViT,655,3,happy,contrast_0_90,3,happy,0.9955797791481018,True
ViT,655,3,happy,contrast_1_10,3,happy,0.9956276416778564,True
ViT,666,4,sad,original,4,sad,0.8018885254859924,True
ViT,666,4,sad,rotation_minus_5,4,sad,0.8857764601707458,True
ViT,666,4,sad,rotation_plus_5,0,angry,0.9592199921607971,False
ViT,666,4,sad,translate_minus_2,4,sad,0.4849213659763336,True
ViT,666,4,sad,translate_plus_2,4,sad,0.9000169634819031,True
ViT,666,4,sad,brightness_0_90,4,sad,0.8360321521759033,True
ViT,666,4,sad,brightness_1_10,4,sad,0.79496830701828,True
ViT,666,4,sad,contrast_0_90,4,sad,0.781603217124939,True
ViT,666,4,sad,contrast_1_10,4,sad,0.8672100901603699,True
ViT,679,4,sad,original,4,sad,0.9852659106254578,True
ViT,679,4,sad,rotation_minus_5,4,sad,0.9858858585357666,True
ViT,679,4,sad,rotation_plus_5,4,sad,0.9879903197288513,True
ViT,679,4,sad,translate_minus_2,4,sad,0.984971821308136,True
ViT,679,4,sad,translate_plus_2,4,sad,0.973517656326294,True
ViT,679,4,sad,brightness_0_90,4,sad,0.9856716394424438,True
ViT,679,4,sad,brightness_1_10,4,sad,0.9855571389198303,True
ViT,679,4,sad,contrast_0_90,4,sad,0.9846122860908508,True
ViT,679,4,sad,contrast_1_10,4,sad,0.9860915541648865,True
ViT,687,5,surprise,original,5,surprise,0.9791069030761719,True
ViT,687,5,surprise,rotation_minus_5,5,surprise,0.7669370174407959,True
ViT,687,5,surprise,rotation_plus_5,5,surprise,0.9254189133644104,True
ViT,687,5,surprise,translate_minus_2,5,surprise,0.9495229721069336,True
ViT,687,5,surprise,translate_plus_2,5,surprise,0.9697397947311401,True
ViT,687,5,surprise,brightness_0_90,5,surprise,0.9572765827178955,True
ViT,687,5,surprise,brightness_1_10,5,surprise,0.9146841764450073,True
ViT,687,5,surprise,contrast_0_90,5,surprise,0.9761562943458557,True
ViT,687,5,surprise,contrast_1_10,5,surprise,0.9804117679595947,True
ViT,695,3,happy,original,3,happy,0.9938349723815918,True
ViT,695,3,happy,rotation_minus_5,3,happy,0.9943840503692627,True
ViT,695,3,happy,rotation_plus_5,3,happy,0.9938899278640747,True
ViT,695,3,happy,translate_minus_2,3,happy,0.994458794593811,True
ViT,695,3,happy,translate_plus_2,3,happy,0.994107723236084,True
ViT,695,3,happy,brightness_0_90,3,happy,0.9940438866615295,True
ViT,695,3,happy,brightness_1_10,3,happy,0.9937676191329956,True
ViT,695,3,happy,contrast_0_90,3,happy,0.9939104318618774,True
ViT,695,3,happy,contrast_1_10,3,happy,0.9937012195587158,True
ViT,699,3,happy,original,3,happy,0.9935126900672913,True
ViT,699,3,happy,rotation_minus_5,3,happy,0.995074450969696,True
ViT,699,3,happy,rotation_plus_5,3,happy,0.9942060112953186,True
ViT,699,3,happy,translate_minus_2,3,happy,0.992901086807251,True
ViT,699,3,happy,translate_plus_2,3,happy,0.9922957420349121,True
ViT,699,3,happy,brightness_0_90,3,happy,0.9939717650413513,True
ViT,699,3,happy,brightness_1_10,3,happy,0.9935626983642578,True
ViT,699,3,happy,contrast_0_90,3,happy,0.9936047196388245,True
ViT,699,3,happy,contrast_1_10,3,happy,0.9934781789779663,True
ViT,706,1,disgust,original,1,disgust,0.9894101619720459,True
ViT,706,1,disgust,rotation_minus_5,1,disgust,0.9846150279045105,True
ViT,706,1,disgust,rotation_plus_5,1,disgust,0.9735546112060547,True
ViT,706,1,disgust,translate_minus_2,1,disgust,0.989635169506073,True
ViT,706,1,disgust,translate_plus_2,1,disgust,0.989538848400116,True
ViT,706,1,disgust,brightness_0_90,1,disgust,0.9890544414520264,True
ViT,706,1,disgust,brightness_1_10,1,disgust,0.9897312521934509,True
ViT,706,1,disgust,contrast_0_90,1,disgust,0.9892498254776001,True
ViT,706,1,disgust,contrast_1_10,1,disgust,0.9897767305374146,True
ViT,707,6,neutral,original,6,neutral,0.5715805292129517,True
ViT,707,6,neutral,rotation_minus_5,3,happy,0.9124248027801514,False
ViT,707,6,neutral,rotation_plus_5,3,happy,0.9586412906646729,False
ViT,707,6,neutral,translate_minus_2,6,neutral,0.8326284289360046,True
ViT,707,6,neutral,translate_plus_2,0,angry,0.6889539957046509,False
ViT,707,6,neutral,brightness_0_90,3,happy,0.46046826243400574,False
ViT,707,6,neutral,brightness_1_10,6,neutral,0.7635944485664368,True
ViT,707,6,neutral,contrast_0_90,3,happy,0.5732586979866028,False
ViT,707,6,neutral,contrast_1_10,6,neutral,0.7640147805213928,True
ViT,725,3,happy,original,0,angry,0.46106716990470886,False
ViT,725,3,happy,rotation_minus_5,4,sad,0.9605655074119568,False
ViT,725,3,happy,rotation_plus_5,0,angry,0.9688958525657654,False
ViT,725,3,happy,translate_minus_2,5,surprise,0.5234925746917725,False
ViT,725,3,happy,translate_plus_2,3,happy,0.43570104241371155,True
ViT,725,3,happy,brightness_0_90,0,angry,0.4662313461303711,False
ViT,725,3,happy,brightness_1_10,0,angry,0.4982747435569763,False
ViT,725,3,happy,contrast_0_90,0,angry,0.4037180244922638,False
ViT,725,3,happy,contrast_1_10,0,angry,0.4264104962348938,False
ViT,727,5,surprise,original,5,surprise,0.9932149648666382,True
ViT,727,5,surprise,rotation_minus_5,5,surprise,0.9920124411582947,True
ViT,727,5,surprise,rotation_plus_5,5,surprise,0.9355134963989258,True
ViT,727,5,surprise,translate_minus_2,5,surprise,0.9936864972114563,True
ViT,727,5,surprise,translate_plus_2,5,surprise,0.99347984790802,True
ViT,727,5,surprise,brightness_0_90,5,surprise,0.9933344125747681,True
ViT,727,5,surprise,brightness_1_10,5,surprise,0.9924179315567017,True
ViT,727,5,surprise,contrast_0_90,5,surprise,0.9931759238243103,True
ViT,727,5,surprise,contrast_1_10,5,surprise,0.9931375980377197,True
ViT,733,6,neutral,original,2,fear,0.8557237982749939,False
ViT,733,6,neutral,rotation_minus_5,2,fear,0.8191798329353333,False
ViT,733,6,neutral,rotation_plus_5,2,fear,0.6147071719169617,False
ViT,733,6,neutral,translate_minus_2,4,sad,0.6986992359161377,False
ViT,733,6,neutral,translate_plus_2,4,sad,0.8259305953979492,False
ViT,733,6,neutral,brightness_0_90,2,fear,0.7848874926567078,False
ViT,733,6,neutral,brightness_1_10,2,fear,0.7828791737556458,False
ViT,733,6,neutral,contrast_0_90,2,fear,0.8710271120071411,False
ViT,733,6,neutral,contrast_1_10,2,fear,0.7742367386817932,False
ViT,743,6,neutral,original,6,neutral,0.9453431963920593,True
ViT,743,6,neutral,rotation_minus_5,6,neutral,0.7576490640640259,True
ViT,743,6,neutral,rotation_plus_5,6,neutral,0.971503496170044,True
ViT,743,6,neutral,translate_minus_2,6,neutral,0.9332086443901062,True
ViT,743,6,neutral,translate_plus_2,6,neutral,0.9061577916145325,True
ViT,743,6,neutral,brightness_0_90,6,neutral,0.924257755279541,True
ViT,743,6,neutral,brightness_1_10,6,neutral,0.955677330493927,True
ViT,743,6,neutral,contrast_0_90,6,neutral,0.9240965843200684,True
ViT,743,6,neutral,contrast_1_10,6,neutral,0.9614677429199219,True
ViT,760,6,neutral,original,6,neutral,0.6623300313949585,True
ViT,760,6,neutral,rotation_minus_5,6,neutral,0.4493526220321655,True
ViT,760,6,neutral,rotation_plus_5,6,neutral,0.8869471549987793,True
ViT,760,6,neutral,translate_minus_2,3,happy,0.7124121189117432,False
ViT,760,6,neutral,translate_plus_2,3,happy,0.9140551686286926,False
ViT,760,6,neutral,brightness_0_90,6,neutral,0.49324366450309753,True
ViT,760,6,neutral,brightness_1_10,6,neutral,0.6260793209075928,True
ViT,760,6,neutral,contrast_0_90,6,neutral,0.6797869205474854,True
ViT,760,6,neutral,contrast_1_10,6,neutral,0.5173958539962769,True
ViT,762,4,sad,original,4,sad,0.980707049369812,True
ViT,762,4,sad,rotation_minus_5,4,sad,0.9535946249961853,True
ViT,762,4,sad,rotation_plus_5,4,sad,0.9760674834251404,True
ViT,762,4,sad,translate_minus_2,4,sad,0.9838814735412598,True
ViT,762,4,sad,translate_plus_2,4,sad,0.9766643047332764,True
ViT,762,4,sad,brightness_0_90,4,sad,0.9813196659088135,True
ViT,762,4,sad,brightness_1_10,4,sad,0.9801751971244812,True
ViT,762,4,sad,contrast_0_90,4,sad,0.9805856347084045,True
ViT,762,4,sad,contrast_1_10,4,sad,0.982672929763794,True
ViT,768,3,happy,original,3,happy,0.9939269423484802,True
ViT,768,3,happy,rotation_minus_5,3,happy,0.9892070293426514,True
ViT,768,3,happy,rotation_plus_5,3,happy,0.9871035218238831,True
ViT,768,3,happy,translate_minus_2,3,happy,0.9922552108764648,True
ViT,768,3,happy,translate_plus_2,3,happy,0.9882810711860657,True
ViT,768,3,happy,brightness_0_90,3,happy,0.9938830137252808,True
ViT,768,3,happy,brightness_1_10,3,happy,0.9934436082839966,True
ViT,768,3,happy,contrast_0_90,3,happy,0.9938681721687317,True
ViT,768,3,happy,contrast_1_10,3,happy,0.9940348267555237,True
ViT,791,4,sad,original,4,sad,0.6060553789138794,True
ViT,791,4,sad,rotation_minus_5,4,sad,0.7579767107963562,True
ViT,791,4,sad,rotation_plus_5,4,sad,0.9358112215995789,True
ViT,791,4,sad,translate_minus_2,4,sad,0.7649072408676147,True
ViT,791,4,sad,translate_plus_2,4,sad,0.9823759198188782,True
ViT,791,4,sad,brightness_0_90,4,sad,0.8096596002578735,True
ViT,791,4,sad,brightness_1_10,4,sad,0.5717644095420837,True
ViT,791,4,sad,contrast_0_90,4,sad,0.69198077917099,True
ViT,791,4,sad,contrast_1_10,4,sad,0.6896771788597107,True
ViT,795,3,happy,original,4,sad,0.9113900661468506,False
ViT,795,3,happy,rotation_minus_5,4,sad,0.897894561290741,False
ViT,795,3,happy,rotation_plus_5,4,sad,0.6893005967140198,False
ViT,795,3,happy,translate_minus_2,4,sad,0.7242264151573181,False
ViT,795,3,happy,translate_plus_2,4,sad,0.9511259198188782,False
ViT,795,3,happy,brightness_0_90,4,sad,0.958524227142334,False
ViT,795,3,happy,brightness_1_10,4,sad,0.7941447496414185,False
ViT,795,3,happy,contrast_0_90,4,sad,0.9287369251251221,False
ViT,795,3,happy,contrast_1_10,4,sad,0.8957061767578125,False
ViT,805,6,neutral,original,6,neutral,0.9864034652709961,True
ViT,805,6,neutral,rotation_minus_5,6,neutral,0.9905042052268982,True
ViT,805,6,neutral,rotation_plus_5,6,neutral,0.9675700664520264,True
ViT,805,6,neutral,translate_minus_2,6,neutral,0.990720272064209,True
ViT,805,6,neutral,translate_plus_2,6,neutral,0.989626407623291,True
ViT,805,6,neutral,brightness_0_90,6,neutral,0.9867275357246399,True
ViT,805,6,neutral,brightness_1_10,6,neutral,0.9843481183052063,True
ViT,805,6,neutral,contrast_0_90,6,neutral,0.9856066703796387,True
ViT,805,6,neutral,contrast_1_10,6,neutral,0.9853075742721558,True
ViT,828,3,happy,original,3,happy,0.9182301163673401,True
ViT,828,3,happy,rotation_minus_5,3,happy,0.9408436417579651,True
ViT,828,3,happy,rotation_plus_5,3,happy,0.9918761253356934,True
ViT,828,3,happy,translate_minus_2,3,happy,0.958954930305481,True
ViT,828,3,happy,translate_plus_2,3,happy,0.9912960529327393,True
ViT,828,3,happy,brightness_0_90,3,happy,0.9564628005027771,True
ViT,828,3,happy,brightness_1_10,3,happy,0.9028980135917664,True
ViT,828,3,happy,contrast_0_90,3,happy,0.9434200525283813,True
ViT,828,3,happy,contrast_1_10,3,happy,0.9044634103775024,True
ViT,832,6,neutral,original,6,neutral,0.6831924319267273,True
ViT,832,6,neutral,rotation_minus_5,4,sad,0.5293835997581482,False
ViT,832,6,neutral,rotation_plus_5,4,sad,0.5026212334632874,False
ViT,832,6,neutral,translate_minus_2,6,neutral,0.5978004336357117,True
ViT,832,6,neutral,translate_plus_2,6,neutral,0.6414017677307129,True
ViT,832,6,neutral,brightness_0_90,4,sad,0.47501564025878906,False
ViT,832,6,neutral,brightness_1_10,2,fear,0.6202637553215027,False
ViT,832,6,neutral,contrast_0_90,6,neutral,0.6579352617263794,True
ViT,832,6,neutral,contrast_1_10,6,neutral,0.5704752206802368,True
ViT,833,0,angry,original,5,surprise,0.8374091386795044,False
ViT,833,0,angry,rotation_minus_5,2,fear,0.9478204250335693,False
ViT,833,0,angry,rotation_plus_5,2,fear,0.9572065472602844,False
ViT,833,0,angry,translate_minus_2,2,fear,0.7416377067565918,False
ViT,833,0,angry,translate_plus_2,2,fear,0.7317187786102295,False
ViT,833,0,angry,brightness_0_90,5,surprise,0.7947620749473572,False
ViT,833,0,angry,brightness_1_10,5,surprise,0.7034003734588623,False
ViT,833,0,angry,contrast_0_90,5,surprise,0.8716293573379517,False
ViT,833,0,angry,contrast_1_10,5,surprise,0.6552764773368835,False
ViT,840,3,happy,original,3,happy,0.9944052696228027,True
ViT,840,3,happy,rotation_minus_5,3,happy,0.9940040707588196,True
ViT,840,3,happy,rotation_plus_5,3,happy,0.9846414923667908,True
ViT,840,3,happy,translate_minus_2,3,happy,0.9944827556610107,True
ViT,840,3,happy,translate_plus_2,3,happy,0.9939805269241333,True
ViT,840,3,happy,brightness_0_90,3,happy,0.9941630959510803,True
ViT,840,3,happy,brightness_1_10,3,happy,0.9944326281547546,True
ViT,840,3,happy,contrast_0_90,3,happy,0.9942836165428162,True
ViT,840,3,happy,contrast_1_10,3,happy,0.9945057034492493,True
ViT,857,6,neutral,original,4,sad,0.6501558423042297,False
ViT,857,6,neutral,rotation_minus_5,4,sad,0.974047839641571,False
ViT,857,6,neutral,rotation_plus_5,4,sad,0.8411147594451904,False
ViT,857,6,neutral,translate_minus_2,4,sad,0.9732885956764221,False
ViT,857,6,neutral,translate_plus_2,4,sad,0.9601982831954956,False
ViT,857,6,neutral,brightness_0_90,4,sad,0.7719470262527466,False
ViT,857,6,neutral,brightness_1_10,6,neutral,0.5488703846931458,True
ViT,857,6,neutral,contrast_0_90,4,sad,0.7409152984619141,False
ViT,857,6,neutral,contrast_1_10,4,sad,0.5154622197151184,False
ViT,867,2,fear,original,2,fear,0.9663524627685547,True
ViT,867,2,fear,rotation_minus_5,4,sad,0.4790210425853729,False
ViT,867,2,fear,rotation_plus_5,2,fear,0.9286279082298279,True
ViT,867,2,fear,translate_minus_2,2,fear,0.969458281993866,True
ViT,867,2,fear,translate_plus_2,2,fear,0.9624959826469421,True
ViT,867,2,fear,brightness_0_90,2,fear,0.965406596660614,True
ViT,867,2,fear,brightness_1_10,2,fear,0.9334990382194519,True
ViT,867,2,fear,contrast_0_90,2,fear,0.9666611552238464,True
ViT,867,2,fear,contrast_1_10,2,fear,0.9604786038398743,True
ViT,875,5,surprise,original,2,fear,0.9352236390113831,False
ViT,875,5,surprise,rotation_minus_5,4,sad,0.7287290096282959,False
ViT,875,5,surprise,rotation_plus_5,2,fear,0.8476499915122986,False
ViT,875,5,surprise,translate_minus_2,2,fear,0.8112162351608276,False
ViT,875,5,surprise,translate_plus_2,4,sad,0.9089335799217224,False
ViT,875,5,surprise,brightness_0_90,2,fear,0.9341114163398743,False
ViT,875,5,surprise,brightness_1_10,2,fear,0.9485758543014526,False
ViT,875,5,surprise,contrast_0_90,2,fear,0.9404785633087158,False
ViT,875,5,surprise,contrast_1_10,2,fear,0.9375266432762146,False
ViT,885,2,fear,original,2,fear,0.8159844875335693,True
ViT,885,2,fear,rotation_minus_5,5,surprise,0.982174813747406,False
ViT,885,2,fear,rotation_plus_5,5,surprise,0.9163133502006531,False
ViT,885,2,fear,translate_minus_2,5,surprise,0.6825059056282043,False
ViT,885,2,fear,translate_plus_2,2,fear,0.8608067035675049,True
ViT,885,2,fear,brightness_0_90,2,fear,0.6544235348701477,True
ViT,885,2,fear,brightness_1_10,2,fear,0.9273991584777832,True
ViT,885,2,fear,contrast_0_90,2,fear,0.7306137681007385,True
ViT,885,2,fear,contrast_1_10,2,fear,0.8814392685890198,True
ViT,892,0,angry,original,0,angry,0.987480103969574,True
ViT,892,0,angry,rotation_minus_5,0,angry,0.9472641944885254,True
ViT,892,0,angry,rotation_plus_5,0,angry,0.9848052859306335,True
ViT,892,0,angry,translate_minus_2,0,angry,0.9293171763420105,True
ViT,892,0,angry,translate_plus_2,0,angry,0.9736902117729187,True
ViT,892,0,angry,brightness_0_90,0,angry,0.9835018515586853,True
ViT,892,0,angry,brightness_1_10,0,angry,0.986646294593811,True
ViT,892,0,angry,contrast_0_90,0,angry,0.9863067269325256,True
ViT,892,0,angry,contrast_1_10,0,angry,0.9879814982414246,True
ViT,895,4,sad,original,6,neutral,0.9869645833969116,False
ViT,895,4,sad,rotation_minus_5,6,neutral,0.5002152919769287,False
ViT,895,4,sad,rotation_plus_5,6,neutral,0.580523669719696,False
ViT,895,4,sad,translate_minus_2,6,neutral,0.9755271673202515,False
ViT,895,4,sad,translate_plus_2,6,neutral,0.8664238452911377,False
ViT,895,4,sad,brightness_0_90,6,neutral,0.9872786998748779,False
ViT,895,4,sad,brightness_1_10,6,neutral,0.986048698425293,False
ViT,895,4,sad,contrast_0_90,6,neutral,0.9863945245742798,False
ViT,895,4,sad,contrast_1_10,6,neutral,0.9866690635681152,False
ViT,905,3,happy,original,3,happy,0.9899146556854248,True
ViT,905,3,happy,rotation_minus_5,3,happy,0.9912462830543518,True
ViT,905,3,happy,rotation_plus_5,3,happy,0.9892295002937317,True
ViT,905,3,happy,translate_minus_2,3,happy,0.9910803437232971,True
ViT,905,3,happy,translate_plus_2,3,happy,0.9880236387252808,True
ViT,905,3,happy,brightness_0_90,3,happy,0.9888917803764343,True
ViT,905,3,happy,brightness_1_10,3,happy,0.9929819107055664,True
ViT,905,3,happy,contrast_0_90,3,happy,0.9894073605537415,True
ViT,905,3,happy,contrast_1_10,3,happy,0.9906682372093201,True
ViT,911,1,disgust,original,0,angry,0.6215022206306458,False
ViT,911,1,disgust,rotation_minus_5,0,angry,0.8996422290802002,False
ViT,911,1,disgust,rotation_plus_5,0,angry,0.7189784646034241,False
ViT,911,1,disgust,translate_minus_2,1,disgust,0.45947110652923584,True
ViT,911,1,disgust,translate_plus_2,0,angry,0.5265722274780273,False
ViT,911,1,disgust,brightness_0_90,0,angry,0.6614850163459778,False
ViT,911,1,disgust,brightness_1_10,0,angry,0.699439525604248,False
ViT,911,1,disgust,contrast_0_90,0,angry,0.604182243347168,False
ViT,911,1,disgust,contrast_1_10,0,angry,0.6924878358840942,False
ViT,913,5,surprise,original,5,surprise,0.967362105846405,True
ViT,913,5,surprise,rotation_minus_5,5,surprise,0.9839034080505371,True
ViT,913,5,surprise,rotation_plus_5,5,surprise,0.9899797439575195,True
ViT,913,5,surprise,translate_minus_2,5,surprise,0.9877601265907288,True
ViT,913,5,surprise,translate_plus_2,5,surprise,0.9705920815467834,True
ViT,913,5,surprise,brightness_0_90,5,surprise,0.962448000907898,True
ViT,913,5,surprise,brightness_1_10,5,surprise,0.970271110534668,True
ViT,913,5,surprise,contrast_0_90,5,surprise,0.964634120464325,True
ViT,913,5,surprise,contrast_1_10,5,surprise,0.9643958210945129,True
ViT,934,5,surprise,original,5,surprise,0.9926204681396484,True
ViT,934,5,surprise,rotation_minus_5,5,surprise,0.98404860496521,True
ViT,934,5,surprise,rotation_plus_5,5,surprise,0.8404603600502014,True
ViT,934,5,surprise,translate_minus_2,5,surprise,0.9921756386756897,True
ViT,934,5,surprise,translate_plus_2,5,surprise,0.9924145340919495,True
ViT,934,5,surprise,brightness_0_90,5,surprise,0.992275059223175,True
ViT,934,5,surprise,brightness_1_10,5,surprise,0.9923285841941833,True
ViT,934,5,surprise,contrast_0_90,5,surprise,0.9917490482330322,True
ViT,934,5,surprise,contrast_1_10,5,surprise,0.9927006959915161,True
ViT,939,6,neutral,original,6,neutral,0.98710036277771,True
ViT,939,6,neutral,rotation_minus_5,6,neutral,0.9882221817970276,True
ViT,939,6,neutral,rotation_plus_5,6,neutral,0.5805097222328186,True
ViT,939,6,neutral,translate_minus_2,6,neutral,0.9914793968200684,True
ViT,939,6,neutral,translate_plus_2,6,neutral,0.9909526109695435,True
ViT,939,6,neutral,brightness_0_90,6,neutral,0.9858062863349915,True
ViT,939,6,neutral,brightness_1_10,6,neutral,0.9879775047302246,True
ViT,939,6,neutral,contrast_0_90,6,neutral,0.9881998300552368,True
ViT,939,6,neutral,contrast_1_10,6,neutral,0.9865584969520569,True
ViT,955,2,fear,original,2,fear,0.979132354259491,True
ViT,955,2,fear,rotation_minus_5,2,fear,0.6141670346260071,True
ViT,955,2,fear,rotation_plus_5,6,neutral,0.4211862087249756,False
ViT,955,2,fear,translate_minus_2,2,fear,0.5507703423500061,True
ViT,955,2,fear,translate_plus_2,6,neutral,0.4397435486316681,False
ViT,955,2,fear,brightness_0_90,2,fear,0.9638185501098633,True
ViT,955,2,fear,brightness_1_10,2,fear,0.982499361038208,True
ViT,955,2,fear,contrast_0_90,2,fear,0.9780296087265015,True
ViT,955,2,fear,contrast_1_10,2,fear,0.9818066358566284,True
ViT,986,1,disgust,original,1,disgust,0.9865794777870178,True
ViT,986,1,disgust,rotation_minus_5,0,angry,0.7553924918174744,False
ViT,986,1,disgust,rotation_plus_5,0,angry,0.9114429950714111,False
ViT,986,1,disgust,translate_minus_2,1,disgust,0.9709190130233765,True
ViT,986,1,disgust,translate_plus_2,0,angry,0.7887868881225586,False
ViT,986,1,disgust,brightness_0_90,1,disgust,0.9876230955123901,True
ViT,986,1,disgust,brightness_1_10,1,disgust,0.984199047088623,True
ViT,986,1,disgust,contrast_0_90,1,disgust,0.9873828291893005,True
ViT,986,1,disgust,contrast_1_10,1,disgust,0.9849842190742493,True
ViT,1006,2,fear,original,2,fear,0.9701709151268005,True
ViT,1006,2,fear,rotation_minus_5,2,fear,0.9826465845108032,True
ViT,1006,2,fear,rotation_plus_5,2,fear,0.9849728345870972,True
ViT,1006,2,fear,translate_minus_2,2,fear,0.983337938785553,True
ViT,1006,2,fear,translate_plus_2,2,fear,0.9713866114616394,True
ViT,1006,2,fear,brightness_0_90,2,fear,0.977216362953186,True
ViT,1006,2,fear,brightness_1_10,2,fear,0.9750040173530579,True
ViT,1006,2,fear,contrast_0_90,2,fear,0.9732174873352051,True
ViT,1006,2,fear,contrast_1_10,2,fear,0.9756238460540771,True
ViT,1007,6,neutral,original,6,neutral,0.9902610182762146,True
ViT,1007,6,neutral,rotation_minus_5,6,neutral,0.9623578786849976,True
ViT,1007,6,neutral,rotation_plus_5,0,angry,0.478444904088974,False
ViT,1007,6,neutral,translate_minus_2,6,neutral,0.9817480444908142,True
ViT,1007,6,neutral,translate_plus_2,6,neutral,0.9887569546699524,True
ViT,1007,6,neutral,brightness_0_90,6,neutral,0.9897955060005188,True
ViT,1007,6,neutral,brightness_1_10,6,neutral,0.9899055361747742,True
ViT,1007,6,neutral,contrast_0_90,6,neutral,0.9900038838386536,True
ViT,1007,6,neutral,contrast_1_10,6,neutral,0.9900918006896973,True
ViT,1008,5,surprise,original,5,surprise,0.9897300004959106,True
ViT,1008,5,surprise,rotation_minus_5,5,surprise,0.6671725511550903,True
ViT,1008,5,surprise,rotation_plus_5,5,surprise,0.8557505011558533,True
ViT,1008,5,surprise,translate_minus_2,5,surprise,0.989562451839447,True
ViT,1008,5,surprise,translate_plus_2,5,surprise,0.9872813820838928,True
ViT,1008,5,surprise,brightness_0_90,5,surprise,0.9889524579048157,True
ViT,1008,5,surprise,brightness_1_10,5,surprise,0.9898766875267029,True
ViT,1008,5,surprise,contrast_0_90,5,surprise,0.9893946051597595,True
ViT,1008,5,surprise,contrast_1_10,5,surprise,0.9896795749664307,True
ViT,1010,0,angry,original,3,happy,0.9817714691162109,False
ViT,1010,0,angry,rotation_minus_5,2,fear,0.9261759519577026,False
ViT,1010,0,angry,rotation_plus_5,3,happy,0.9574936032295227,False
ViT,1010,0,angry,translate_minus_2,3,happy,0.9380481243133545,False
ViT,1010,0,angry,translate_plus_2,3,happy,0.9770440459251404,False
ViT,1010,0,angry,brightness_0_90,3,happy,0.9769487977027893,False
ViT,1010,0,angry,brightness_1_10,3,happy,0.9789385795593262,False
ViT,1010,0,angry,contrast_0_90,3,happy,0.9768785834312439,False
ViT,1010,0,angry,contrast_1_10,3,happy,0.9832785725593567,False
ViT,1035,2,fear,original,2,fear,0.9854904413223267,True
ViT,1035,2,fear,rotation_minus_5,2,fear,0.717870831489563,True
ViT,1035,2,fear,rotation_plus_5,4,sad,0.4882473945617676,False
ViT,1035,2,fear,translate_minus_2,2,fear,0.8558958768844604,True
ViT,1035,2,fear,translate_plus_2,0,angry,0.5236663818359375,False
ViT,1035,2,fear,brightness_0_90,2,fear,0.9865866899490356,True
ViT,1035,2,fear,brightness_1_10,2,fear,0.9857656955718994,True
ViT,1035,2,fear,contrast_0_90,2,fear,0.9858248233795166,True
ViT,1035,2,fear,contrast_1_10,2,fear,0.9862930774688721,True
ViT,1037,5,surprise,original,5,surprise,0.8462405204772949,True
ViT,1037,5,surprise,rotation_minus_5,3,happy,0.4691500663757324,False
ViT,1037,5,surprise,rotation_plus_5,3,happy,0.9445671439170837,False
ViT,1037,5,surprise,translate_minus_2,3,happy,0.671607255935669,False
ViT,1037,5,surprise,translate_plus_2,3,happy,0.9080720543861389,False
ViT,1037,5,surprise,brightness_0_90,5,surprise,0.9390007257461548,True
ViT,1037,5,surprise,brightness_1_10,3,happy,0.5543177723884583,False
ViT,1037,5,surprise,contrast_0_90,5,surprise,0.8264434933662415,True
ViT,1037,5,surprise,contrast_1_10,5,surprise,0.8509764671325684,True
ViT,1038,6,neutral,original,6,neutral,0.9899128079414368,True
ViT,1038,6,neutral,rotation_minus_5,6,neutral,0.9740287065505981,True
ViT,1038,6,neutral,rotation_plus_5,6,neutral,0.9740371704101562,True
ViT,1038,6,neutral,translate_minus_2,6,neutral,0.9895352721214294,True
ViT,1038,6,neutral,translate_plus_2,6,neutral,0.9874326586723328,True
ViT,1038,6,neutral,brightness_0_90,6,neutral,0.9899335503578186,True
ViT,1038,6,neutral,brightness_1_10,6,neutral,0.9899189472198486,True
ViT,1038,6,neutral,contrast_0_90,6,neutral,0.9901118874549866,True
ViT,1038,6,neutral,contrast_1_10,6,neutral,0.989694356918335,True
ViT,1050,2,fear,original,2,fear,0.9659505486488342,True
ViT,1050,2,fear,rotation_minus_5,2,fear,0.8120140433311462,True
ViT,1050,2,fear,rotation_plus_5,4,sad,0.7186999320983887,False
ViT,1050,2,fear,translate_minus_2,2,fear,0.811214029788971,True
ViT,1050,2,fear,translate_plus_2,2,fear,0.5597734451293945,True
ViT,1050,2,fear,brightness_0_90,2,fear,0.969897449016571,True
ViT,1050,2,fear,brightness_1_10,2,fear,0.9724376797676086,True
ViT,1050,2,fear,contrast_0_90,2,fear,0.9685688018798828,True
ViT,1050,2,fear,contrast_1_10,2,fear,0.9639164209365845,True
ViT,1051,4,sad,original,4,sad,0.9829492568969727,True
ViT,1051,4,sad,rotation_minus_5,4,sad,0.9783450365066528,True
ViT,1051,4,sad,rotation_plus_5,4,sad,0.9756474494934082,True
ViT,1051,4,sad,translate_minus_2,4,sad,0.9773224592208862,True
ViT,1051,4,sad,translate_plus_2,4,sad,0.9827841520309448,True
ViT,1051,4,sad,brightness_0_90,4,sad,0.9793565273284912,True
ViT,1051,4,sad,brightness_1_10,4,sad,0.9862964153289795,True
ViT,1051,4,sad,contrast_0_90,4,sad,0.9845444560050964,True
ViT,1051,4,sad,contrast_1_10,4,sad,0.9820733070373535,True
ViT,1061,2,fear,original,2,fear,0.9905071258544922,True
ViT,1061,2,fear,rotation_minus_5,2,fear,0.9880383014678955,True
ViT,1061,2,fear,rotation_plus_5,2,fear,0.989250898361206,True
ViT,1061,2,fear,translate_minus_2,2,fear,0.9908928871154785,True
ViT,1061,2,fear,translate_plus_2,2,fear,0.9905305504798889,True
ViT,1061,2,fear,brightness_0_90,2,fear,0.9903658628463745,True
ViT,1061,2,fear,brightness_1_10,2,fear,0.990422248840332,True
ViT,1061,2,fear,contrast_0_90,2,fear,0.9905325174331665,True
ViT,1061,2,fear,contrast_1_10,2,fear,0.9904210567474365,True
ViT,1064,1,disgust,original,3,happy,0.9934009909629822,False
ViT,1064,1,disgust,rotation_minus_5,4,sad,0.7084671258926392,False
ViT,1064,1,disgust,rotation_plus_5,4,sad,0.8992434740066528,False
ViT,1064,1,disgust,translate_minus_2,3,happy,0.9252074360847473,False
ViT,1064,1,disgust,translate_plus_2,3,happy,0.32141339778900146,False
ViT,1064,1,disgust,brightness_0_90,3,happy,0.9919396042823792,False
ViT,1064,1,disgust,brightness_1_10,3,happy,0.9926183819770813,False
ViT,1064,1,disgust,contrast_0_90,3,happy,0.9934879541397095,False
ViT,1064,1,disgust,contrast_1_10,3,happy,0.9931488633155823,False
ViT,1075,4,sad,original,2,fear,0.8534558415412903,False
ViT,1075,4,sad,rotation_minus_5,4,sad,0.9349765777587891,True
ViT,1075,4,sad,rotation_plus_5,4,sad,0.9173007607460022,True
ViT,1075,4,sad,translate_minus_2,4,sad,0.42014890909194946,True
ViT,1075,4,sad,translate_plus_2,4,sad,0.6448244452476501,True
ViT,1075,4,sad,brightness_0_90,2,fear,0.8595873713493347,False
ViT,1075,4,sad,brightness_1_10,2,fear,0.7873196005821228,False
ViT,1075,4,sad,contrast_0_90,2,fear,0.8627508878707886,False
ViT,1075,4,sad,contrast_1_10,2,fear,0.8248417973518372,False
ViT,1079,6,neutral,original,6,neutral,0.976664662361145,True
ViT,1079,6,neutral,rotation_minus_5,6,neutral,0.9578812718391418,True
ViT,1079,6,neutral,rotation_plus_5,6,neutral,0.8479815125465393,True
ViT,1079,6,neutral,translate_minus_2,6,neutral,0.46604081988334656,True
ViT,1079,6,neutral,translate_plus_2,6,neutral,0.9515845775604248,True
ViT,1079,6,neutral,brightness_0_90,6,neutral,0.9795856475830078,True
ViT,1079,6,neutral,brightness_1_10,6,neutral,0.9738737940788269,True
ViT,1079,6,neutral,contrast_0_90,6,neutral,0.9782111644744873,True
ViT,1079,6,neutral,contrast_1_10,6,neutral,0.9735113382339478,True
ViT,1081,0,angry,original,4,sad,0.7061882615089417,False
ViT,1081,0,angry,rotation_minus_5,4,sad,0.9799365997314453,False
ViT,1081,0,angry,rotation_plus_5,4,sad,0.8049882054328918,False
ViT,1081,0,angry,translate_minus_2,4,sad,0.9752036333084106,False
ViT,1081,0,angry,translate_plus_2,4,sad,0.9628984928131104,False
ViT,1081,0,angry,brightness_0_90,4,sad,0.7072696089744568,False
ViT,1081,0,angry,brightness_1_10,4,sad,0.7169901132583618,False
ViT,1081,0,angry,contrast_0_90,4,sad,0.6566044688224792,False
ViT,1081,0,angry,contrast_1_10,4,sad,0.716884195804596,False
ViT,1082,3,happy,original,5,surprise,0.4910154938697815,False
ViT,1082,3,happy,rotation_minus_5,5,surprise,0.6166729927062988,False
ViT,1082,3,happy,rotation_plus_5,5,surprise,0.5877744555473328,False
ViT,1082,3,happy,translate_minus_2,3,happy,0.8089064359664917,True
ViT,1082,3,happy,translate_plus_2,5,surprise,0.572216272354126,False
ViT,1082,3,happy,brightness_0_90,3,happy,0.5388853549957275,True
ViT,1082,3,happy,brightness_1_10,5,surprise,0.6670545339584351,False
ViT,1082,3,happy,contrast_0_90,3,happy,0.5275643467903137,True
ViT,1082,3,happy,contrast_1_10,5,surprise,0.6154146790504456,False
ViT,1084,4,sad,original,4,sad,0.9830588102340698,True
ViT,1084,4,sad,rotation_minus_5,4,sad,0.9659625291824341,True
ViT,1084,4,sad,rotation_plus_5,4,sad,0.6016454696655273,True
ViT,1084,4,sad,translate_minus_2,4,sad,0.966992974281311,True
ViT,1084,4,sad,translate_plus_2,4,sad,0.9780867695808411,True
ViT,1084,4,sad,brightness_0_90,4,sad,0.9839627146720886,True
ViT,1084,4,sad,brightness_1_10,4,sad,0.981916606426239,True
ViT,1084,4,sad,contrast_0_90,4,sad,0.9841168522834778,True
ViT,1084,4,sad,contrast_1_10,4,sad,0.9823663234710693,True
ViT,1089,1,disgust,original,1,disgust,0.9911529421806335,True
ViT,1089,1,disgust,rotation_minus_5,1,disgust,0.9884265661239624,True
ViT,1089,1,disgust,rotation_plus_5,1,disgust,0.9907854795455933,True
ViT,1089,1,disgust,translate_minus_2,1,disgust,0.9886742234230042,True
ViT,1089,1,disgust,translate_plus_2,1,disgust,0.974879264831543,True
ViT,1089,1,disgust,brightness_0_90,1,disgust,0.9911050200462341,True
ViT,1089,1,disgust,brightness_1_10,1,disgust,0.9911043643951416,True
ViT,1089,1,disgust,contrast_0_90,1,disgust,0.991232693195343,True
ViT,1089,1,disgust,contrast_1_10,1,disgust,0.9910327792167664,True
ViT,1110,2,fear,original,2,fear,0.9390379190444946,True
ViT,1110,2,fear,rotation_minus_5,4,sad,0.9750028848648071,False
ViT,1110,2,fear,rotation_plus_5,4,sad,0.9866292476654053,False
ViT,1110,2,fear,translate_minus_2,2,fear,0.6640827655792236,True
ViT,1110,2,fear,translate_plus_2,4,sad,0.9592897295951843,False
ViT,1110,2,fear,brightness_0_90,2,fear,0.8776611685752869,True
ViT,1110,2,fear,brightness_1_10,2,fear,0.954725980758667,True
ViT,1110,2,fear,contrast_0_90,2,fear,0.9466665387153625,True
ViT,1110,2,fear,contrast_1_10,2,fear,0.9365230202674866,True
ViT,1150,0,angry,original,0,angry,0.9896942377090454,True
ViT,1150,0,angry,rotation_minus_5,0,angry,0.9897230863571167,True
ViT,1150,0,angry,rotation_plus_5,0,angry,0.9857614040374756,True
ViT,1150,0,angry,translate_minus_2,0,angry,0.9865692853927612,True
ViT,1150,0,angry,translate_plus_2,0,angry,0.9910605549812317,True
ViT,1150,0,angry,brightness_0_90,0,angry,0.9896566867828369,True
ViT,1150,0,angry,brightness_1_10,0,angry,0.9895762205123901,True
ViT,1150,0,angry,contrast_0_90,0,angry,0.9896399974822998,True
ViT,1150,0,angry,contrast_1_10,0,angry,0.9898599982261658,True
ViT,1151,2,fear,original,2,fear,0.7781188488006592,True
ViT,1151,2,fear,rotation_minus_5,0,angry,0.9799208045005798,False
ViT,1151,2,fear,rotation_plus_5,2,fear,0.8688755631446838,True
ViT,1151,2,fear,translate_minus_2,2,fear,0.6841459274291992,True
ViT,1151,2,fear,translate_plus_2,2,fear,0.9692615866661072,True
ViT,1151,2,fear,brightness_0_90,2,fear,0.8085469007492065,True
ViT,1151,2,fear,brightness_1_10,2,fear,0.7128546237945557,True
ViT,1151,2,fear,contrast_0_90,2,fear,0.754418671131134,True
ViT,1151,2,fear,contrast_1_10,2,fear,0.7579813003540039,True
ViT,1202,5,surprise,original,5,surprise,0.9893069863319397,True
ViT,1202,5,surprise,rotation_minus_5,5,surprise,0.8831527829170227,True
ViT,1202,5,surprise,rotation_plus_5,5,surprise,0.9832984805107117,True
ViT,1202,5,surprise,translate_minus_2,5,surprise,0.991635799407959,True
ViT,1202,5,surprise,translate_plus_2,5,surprise,0.9913432598114014,True
ViT,1202,5,surprise,brightness_0_90,5,surprise,0.9893695116043091,True
ViT,1202,5,surprise,brightness_1_10,5,surprise,0.990714430809021,True
ViT,1202,5,surprise,contrast_0_90,5,surprise,0.9898262023925781,True
ViT,1202,5,surprise,contrast_1_10,5,surprise,0.9890652894973755,True
ViT,1211,0,angry,original,0,angry,0.9137738943099976,True
ViT,1211,0,angry,rotation_minus_5,0,angry,0.9579662680625916,True
ViT,1211,0,angry,rotation_plus_5,0,angry,0.9638804197311401,True
ViT,1211,0,angry,translate_minus_2,0,angry,0.9638115167617798,True
ViT,1211,0,angry,translate_plus_2,0,angry,0.9620830416679382,True
ViT,1211,0,angry,brightness_0_90,0,angry,0.7206510901451111,True
ViT,1211,0,angry,brightness_1_10,0,angry,0.9622045755386353,True
ViT,1211,0,angry,contrast_0_90,0,angry,0.8672627210617065,True
ViT,1211,0,angry,contrast_1_10,0,angry,0.889343798160553,True
ViT,1214,4,sad,original,2,fear,0.7008477449417114,False
ViT,1214,4,sad,rotation_minus_5,4,sad,0.9469510912895203,True
ViT,1214,4,sad,rotation_plus_5,4,sad,0.9021984934806824,True
ViT,1214,4,sad,translate_minus_2,4,sad,0.7812068462371826,True
ViT,1214,4,sad,translate_plus_2,4,sad,0.7960202097892761,True
ViT,1214,4,sad,brightness_0_90,2,fear,0.727545976638794,False
ViT,1214,4,sad,brightness_1_10,2,fear,0.5658441781997681,False
ViT,1214,4,sad,contrast_0_90,2,fear,0.7569461464881897,False
ViT,1214,4,sad,contrast_1_10,2,fear,0.623073935508728,False
ViT,1219,4,sad,original,4,sad,0.9361446499824524,True
ViT,1219,4,sad,rotation_minus_5,4,sad,0.966124951839447,True
ViT,1219,4,sad,rotation_plus_5,4,sad,0.9661054015159607,True
ViT,1219,4,sad,translate_minus_2,4,sad,0.9222830533981323,True
ViT,1219,4,sad,translate_plus_2,4,sad,0.9021080732345581,True
ViT,1219,4,sad,brightness_0_90,4,sad,0.939343273639679,True
ViT,1219,4,sad,brightness_1_10,4,sad,0.9293252229690552,True
ViT,1219,4,sad,contrast_0_90,4,sad,0.9300827383995056,True
ViT,1219,4,sad,contrast_1_10,4,sad,0.9498433470726013,True
ViT,1245,1,disgust,original,1,disgust,0.9346864223480225,True
ViT,1245,1,disgust,rotation_minus_5,0,angry,0.7854031324386597,False
ViT,1245,1,disgust,rotation_plus_5,1,disgust,0.7815911173820496,True
ViT,1245,1,disgust,translate_minus_2,1,disgust,0.9804184436798096,True
ViT,1245,1,disgust,translate_plus_2,1,disgust,0.920994758605957,True
ViT,1245,1,disgust,brightness_0_90,1,disgust,0.8750216960906982,True
ViT,1245,1,disgust,brightness_1_10,1,disgust,0.945486843585968,True
ViT,1245,1,disgust,contrast_0_90,1,disgust,0.9499348998069763,True
ViT,1245,1,disgust,contrast_1_10,1,disgust,0.9244635105133057,True
ViT,1263,1,disgust,original,1,disgust,0.9908189177513123,True
ViT,1263,1,disgust,rotation_minus_5,1,disgust,0.9678374528884888,True
ViT,1263,1,disgust,rotation_plus_5,1,disgust,0.9854748249053955,True
ViT,1263,1,disgust,translate_minus_2,1,disgust,0.985833466053009,True
ViT,1263,1,disgust,translate_plus_2,1,disgust,0.9847455620765686,True
ViT,1263,1,disgust,brightness_0_90,1,disgust,0.9907665252685547,True
ViT,1263,1,disgust,brightness_1_10,1,disgust,0.9907393455505371,True
ViT,1263,1,disgust,contrast_0_90,1,disgust,0.990698516368866,True
ViT,1263,1,disgust,contrast_1_10,1,disgust,0.9908271431922913,True
ViT,1277,4,sad,original,4,sad,0.9755269289016724,True
ViT,1277,4,sad,rotation_minus_5,4,sad,0.9843198657035828,True
ViT,1277,4,sad,rotation_plus_5,4,sad,0.985325813293457,True
ViT,1277,4,sad,translate_minus_2,4,sad,0.7390813231468201,True
ViT,1277,4,sad,translate_plus_2,4,sad,0.8777802586555481,True
ViT,1277,4,sad,brightness_0_90,4,sad,0.9773111939430237,True
ViT,1277,4,sad,brightness_1_10,4,sad,0.9694190621376038,True
ViT,1277,4,sad,contrast_0_90,4,sad,0.97444748878479,True
ViT,1277,4,sad,contrast_1_10,4,sad,0.9782993793487549,True
ViT,1290,0,angry,original,6,neutral,0.5616567134857178,False
ViT,1290,0,angry,rotation_minus_5,0,angry,0.670657753944397,True
ViT,1290,0,angry,rotation_plus_5,4,sad,0.6561397910118103,False
ViT,1290,0,angry,translate_minus_2,6,neutral,0.5418327450752258,False
ViT,1290,0,angry,translate_plus_2,6,neutral,0.9592198729515076,False
ViT,1290,0,angry,brightness_0_90,6,neutral,0.6332809925079346,False
ViT,1290,0,angry,brightness_1_10,6,neutral,0.7109142541885376,False
ViT,1290,0,angry,contrast_0_90,6,neutral,0.7074549198150635,False
ViT,1290,0,angry,contrast_1_10,6,neutral,0.492882639169693,False
ViT,1292,6,neutral,original,6,neutral,0.9659345149993896,True
ViT,1292,6,neutral,rotation_minus_5,6,neutral,0.4870787262916565,True
ViT,1292,6,neutral,rotation_plus_5,6,neutral,0.9710856676101685,True
ViT,1292,6,neutral,translate_minus_2,6,neutral,0.976337730884552,True
ViT,1292,6,neutral,translate_plus_2,6,neutral,0.9417591094970703,True
ViT,1292,6,neutral,brightness_0_90,6,neutral,0.9648399353027344,True
ViT,1292,6,neutral,brightness_1_10,6,neutral,0.9542273879051208,True
ViT,1292,6,neutral,contrast_0_90,6,neutral,0.9688572287559509,True
ViT,1292,6,neutral,contrast_1_10,6,neutral,0.9719873070716858,True
ViT,1298,5,surprise,original,5,surprise,0.9934590458869934,True
ViT,1298,5,surprise,rotation_minus_5,5,surprise,0.9895300269126892,True
ViT,1298,5,surprise,rotation_plus_5,2,fear,0.616025984287262,False
ViT,1298,5,surprise,translate_minus_2,5,surprise,0.98391193151474,True
ViT,1298,5,surprise,translate_plus_2,5,surprise,0.9924420118331909,True
ViT,1298,5,surprise,brightness_0_90,5,surprise,0.9933706521987915,True
ViT,1298,5,surprise,brightness_1_10,5,surprise,0.9932956099510193,True
ViT,1298,5,surprise,contrast_0_90,5,surprise,0.9934185743331909,True
ViT,1298,5,surprise,contrast_1_10,5,surprise,0.9933278560638428,True
ViT,1309,2,fear,original,4,sad,0.9798832535743713,False
ViT,1309,2,fear,rotation_minus_5,4,sad,0.9875441789627075,False
ViT,1309,2,fear,rotation_plus_5,4,sad,0.5906262993812561,False
ViT,1309,2,fear,translate_minus_2,4,sad,0.9805876016616821,False
ViT,1309,2,fear,translate_plus_2,4,sad,0.9877491593360901,False
ViT,1309,2,fear,brightness_0_90,4,sad,0.9811051487922668,False
ViT,1309,2,fear,brightness_1_10,4,sad,0.9795752167701721,False
ViT,1309,2,fear,contrast_0_90,4,sad,0.9784128069877625,False
ViT,1309,2,fear,contrast_1_10,4,sad,0.9816781878471375,False
ViT,1339,6,neutral,original,4,sad,0.9140478372573853,False
ViT,1339,6,neutral,rotation_minus_5,4,sad,0.9555123448371887,False
ViT,1339,6,neutral,rotation_plus_5,4,sad,0.9549229145050049,False
ViT,1339,6,neutral,translate_minus_2,4,sad,0.8003610968589783,False
ViT,1339,6,neutral,translate_plus_2,6,neutral,0.9490844011306763,True
ViT,1339,6,neutral,brightness_0_90,4,sad,0.9098573327064514,False
ViT,1339,6,neutral,brightness_1_10,4,sad,0.9320343136787415,False
ViT,1339,6,neutral,contrast_0_90,4,sad,0.9472798109054565,False
ViT,1339,6,neutral,contrast_1_10,4,sad,0.8803073167800903,False
ViT,1340,0,angry,original,0,angry,0.9761210083961487,True
ViT,1340,0,angry,rotation_minus_5,0,angry,0.9794219732284546,True
ViT,1340,0,angry,rotation_plus_5,0,angry,0.9692911505699158,True
ViT,1340,0,angry,translate_minus_2,0,angry,0.9501675367355347,True
ViT,1340,0,angry,translate_plus_2,0,angry,0.7162874937057495,True
ViT,1340,0,angry,brightness_0_90,0,angry,0.9788378477096558,True
ViT,1340,0,angry,brightness_1_10,0,angry,0.9605726599693298,True
ViT,1340,0,angry,contrast_0_90,0,angry,0.9748302102088928,True
ViT,1340,0,angry,contrast_1_10,0,angry,0.9746451377868652,True
ViT,1363,1,disgust,original,0,angry,0.6369695663452148,False
ViT,1363,1,disgust,rotation_minus_5,1,disgust,0.6672638058662415,True
ViT,1363,1,disgust,rotation_plus_5,0,angry,0.9065075516700745,False
ViT,1363,1,disgust,translate_minus_2,1,disgust,0.9765005111694336,True
ViT,1363,1,disgust,translate_plus_2,1,disgust,0.9649072289466858,True
ViT,1363,1,disgust,brightness_0_90,0,angry,0.5030660629272461,False
ViT,1363,1,disgust,brightness_1_10,0,angry,0.7209157347679138,False
ViT,1363,1,disgust,contrast_0_90,0,angry,0.5637320280075073,False
ViT,1363,1,disgust,contrast_1_10,0,angry,0.5884310007095337,False
ViT,1366,0,angry,original,2,fear,0.7337624430656433,False
ViT,1366,0,angry,rotation_minus_5,2,fear,0.6569206714630127,False
ViT,1366,0,angry,rotation_plus_5,4,sad,0.6906093955039978,False
ViT,1366,0,angry,translate_minus_2,2,fear,0.5423320531845093,False
ViT,1366,0,angry,translate_plus_2,4,sad,0.46876072883605957,False
ViT,1366,0,angry,brightness_0_90,2,fear,0.8049147129058838,False
ViT,1366,0,angry,brightness_1_10,2,fear,0.650445282459259,False
ViT,1366,0,angry,contrast_0_90,2,fear,0.8282002806663513,False
ViT,1366,0,angry,contrast_1_10,2,fear,0.5828752517700195,False
ViT,1372,1,disgust,original,1,disgust,0.9512832760810852,True
ViT,1372,1,disgust,rotation_minus_5,0,angry,0.9302126169204712,False
ViT,1372,1,disgust,rotation_plus_5,0,angry,0.9406228065490723,False
ViT,1372,1,disgust,translate_minus_2,1,disgust,0.8998610377311707,True
ViT,1372,1,disgust,translate_plus_2,0,angry,0.8371625542640686,False
ViT,1372,1,disgust,brightness_0_90,1,disgust,0.9671147465705872,True
ViT,1372,1,disgust,brightness_1_10,1,disgust,0.8663982152938843,True
ViT,1372,1,disgust,contrast_0_90,1,disgust,0.9589482545852661,True
ViT,1372,1,disgust,contrast_1_10,1,disgust,0.9106909036636353,True
ViT,1380,5,surprise,original,5,surprise,0.9932008385658264,True
ViT,1380,5,surprise,rotation_minus_5,5,surprise,0.9880232810974121,True
ViT,1380,5,surprise,rotation_plus_5,5,surprise,0.9899813532829285,True
ViT,1380,5,surprise,translate_minus_2,5,surprise,0.993302583694458,True
ViT,1380,5,surprise,translate_plus_2,5,surprise,0.9915174841880798,True
ViT,1380,5,surprise,brightness_0_90,5,surprise,0.9929078817367554,True
ViT,1380,5,surprise,brightness_1_10,5,surprise,0.9932305812835693,True
ViT,1380,5,surprise,contrast_0_90,5,surprise,0.9930867552757263,True
ViT,1380,5,surprise,contrast_1_10,5,surprise,0.9932592511177063,True
ViT,1388,4,sad,original,4,sad,0.987461268901825,True
ViT,1388,4,sad,rotation_minus_5,4,sad,0.7886953353881836,True
ViT,1388,4,sad,rotation_plus_5,4,sad,0.9843679070472717,True
ViT,1388,4,sad,translate_minus_2,4,sad,0.9885588884353638,True
ViT,1388,4,sad,translate_plus_2,4,sad,0.9855116605758667,True
ViT,1388,4,sad,brightness_0_90,4,sad,0.9879744052886963,True
ViT,1388,4,sad,brightness_1_10,4,sad,0.9852707386016846,True
ViT,1388,4,sad,contrast_0_90,4,sad,0.9873286485671997,True
ViT,1388,4,sad,contrast_1_10,4,sad,0.9866103529930115,True
ViT,1390,3,happy,original,3,happy,0.9951619505882263,True
ViT,1390,3,happy,rotation_minus_5,3,happy,0.993238091468811,True
ViT,1390,3,happy,rotation_plus_5,3,happy,0.9780639410018921,True
ViT,1390,3,happy,translate_minus_2,3,happy,0.9896562099456787,True
ViT,1390,3,happy,translate_plus_2,3,happy,0.9924599528312683,True
ViT,1390,3,happy,brightness_0_90,3,happy,0.9951135516166687,True
ViT,1390,3,happy,brightness_1_10,3,happy,0.995057225227356,True
ViT,1390,3,happy,contrast_0_90,3,happy,0.9950619339942932,True
ViT,1390,3,happy,contrast_1_10,3,happy,0.995120108127594,True
ViT,1398,2,fear,original,1,disgust,0.7969711422920227,False
ViT,1398,2,fear,rotation_minus_5,1,disgust,0.9407221078872681,False
ViT,1398,2,fear,rotation_plus_5,1,disgust,0.9093952178955078,False
ViT,1398,2,fear,translate_minus_2,1,disgust,0.8715685606002808,False
ViT,1398,2,fear,translate_plus_2,1,disgust,0.6099787950515747,False
ViT,1398,2,fear,brightness_0_90,1,disgust,0.8328302502632141,False
ViT,1398,2,fear,brightness_1_10,1,disgust,0.7796832323074341,False
ViT,1398,2,fear,contrast_0_90,1,disgust,0.8249762058258057,False
ViT,1398,2,fear,contrast_1_10,1,disgust,0.7662423849105835,False
ViT,1403,2,fear,original,2,fear,0.7097793221473694,True
ViT,1403,2,fear,rotation_minus_5,4,sad,0.9354001879692078,False
ViT,1403,2,fear,rotation_plus_5,4,sad,0.8248825073242188,False
ViT,1403,2,fear,translate_minus_2,2,fear,0.8339012265205383,True
ViT,1403,2,fear,translate_plus_2,2,fear,0.5013939142227173,True
ViT,1403,2,fear,brightness_0_90,2,fear,0.5723227858543396,True
ViT,1403,2,fear,brightness_1_10,2,fear,0.5791297554969788,True
ViT,1403,2,fear,contrast_0_90,2,fear,0.6655564904212952,True
ViT,1403,2,fear,contrast_1_10,2,fear,0.6212764978408813,True
ViT,1411,2,fear,original,4,sad,0.8186947107315063,False
ViT,1411,2,fear,rotation_minus_5,4,sad,0.7730435132980347,False
ViT,1411,2,fear,rotation_plus_5,4,sad,0.9575662612915039,False
ViT,1411,2,fear,translate_minus_2,4,sad,0.9295802116394043,False
ViT,1411,2,fear,translate_plus_2,4,sad,0.8753566145896912,False
ViT,1411,2,fear,brightness_0_90,4,sad,0.7946021556854248,False
ViT,1411,2,fear,brightness_1_10,4,sad,0.8262103796005249,False
ViT,1411,2,fear,contrast_0_90,4,sad,0.7941908240318298,False
ViT,1411,2,fear,contrast_1_10,4,sad,0.8313726186752319,False
ViT,1417,2,fear,original,2,fear,0.9806692004203796,True
ViT,1417,2,fear,rotation_minus_5,2,fear,0.9789623618125916,True
ViT,1417,2,fear,rotation_plus_5,2,fear,0.9496601223945618,True
ViT,1417,2,fear,translate_minus_2,2,fear,0.9701445698738098,True
ViT,1417,2,fear,translate_plus_2,2,fear,0.9825872778892517,True
ViT,1417,2,fear,brightness_0_90,2,fear,0.9825559854507446,True
ViT,1417,2,fear,brightness_1_10,2,fear,0.979438304901123,True
ViT,1417,2,fear,contrast_0_90,2,fear,0.9817403554916382,True
ViT,1417,2,fear,contrast_1_10,2,fear,0.9796954393386841,True
ViT,1428,3,happy,original,3,happy,0.9937154650688171,True
ViT,1428,3,happy,rotation_minus_5,3,happy,0.9937949180603027,True
ViT,1428,3,happy,rotation_plus_5,3,happy,0.9946494698524475,True
ViT,1428,3,happy,translate_minus_2,3,happy,0.9949303269386292,True
ViT,1428,3,happy,translate_plus_2,3,happy,0.9942904710769653,True
ViT,1428,3,happy,brightness_0_90,3,happy,0.9936151504516602,True
ViT,1428,3,happy,brightness_1_10,3,happy,0.9934739470481873,True
ViT,1428,3,happy,contrast_0_90,3,happy,0.9935510158538818,True
ViT,1428,3,happy,contrast_1_10,3,happy,0.9936473965644836,True
ViT,1443,3,happy,original,3,happy,0.9947975873947144,True
ViT,1443,3,happy,rotation_minus_5,3,happy,0.5806708335876465,True
ViT,1443,3,happy,rotation_plus_5,4,sad,0.8653129935264587,False
ViT,1443,3,happy,translate_minus_2,3,happy,0.9933005571365356,True
ViT,1443,3,happy,translate_plus_2,3,happy,0.9941660165786743,True
ViT,1443,3,happy,brightness_0_90,3,happy,0.9948787689208984,True
ViT,1443,3,happy,brightness_1_10,3,happy,0.9946475625038147,True
ViT,1443,3,happy,contrast_0_90,3,happy,0.9945743680000305,True
ViT,1443,3,happy,contrast_1_10,3,happy,0.9950048327445984,True
ViT,1466,1,disgust,original,1,disgust,0.9099869132041931,True
ViT,1466,1,disgust,rotation_minus_5,1,disgust,0.8798096179962158,True
ViT,1466,1,disgust,rotation_plus_5,1,disgust,0.9335433840751648,True
ViT,1466,1,disgust,translate_minus_2,1,disgust,0.9832679629325867,True
ViT,1466,1,disgust,translate_plus_2,1,disgust,0.9562956094741821,True
ViT,1466,1,disgust,brightness_0_90,1,disgust,0.8451288938522339,True
ViT,1466,1,disgust,brightness_1_10,1,disgust,0.9138578176498413,True
ViT,1466,1,disgust,contrast_0_90,1,disgust,0.9307005405426025,True
ViT,1466,1,disgust,contrast_1_10,1,disgust,0.8660923838615417,True
ViT,1468,4,sad,original,4,sad,0.6687683463096619,True
ViT,1468,4,sad,rotation_minus_5,4,sad,0.9815118908882141,True
ViT,1468,4,sad,rotation_plus_5,4,sad,0.8459086418151855,True
ViT,1468,4,sad,translate_minus_2,0,angry,0.7229210734367371,False
ViT,1468,4,sad,translate_plus_2,4,sad,0.7950400710105896,True
ViT,1468,4,sad,brightness_0_90,4,sad,0.752697229385376,True
ViT,1468,4,sad,brightness_1_10,4,sad,0.7120537757873535,True
ViT,1468,4,sad,contrast_0_90,4,sad,0.7088977098464966,True
ViT,1468,4,sad,contrast_1_10,4,sad,0.7531918287277222,True
ViT,1483,6,neutral,original,6,neutral,0.9767856597900391,True
ViT,1483,6,neutral,rotation_minus_5,6,neutral,0.8419469594955444,True
ViT,1483,6,neutral,rotation_plus_5,6,neutral,0.9590848684310913,True
ViT,1483,6,neutral,translate_minus_2,6,neutral,0.9190332889556885,True
ViT,1483,6,neutral,translate_plus_2,6,neutral,0.9713024497032166,True
ViT,1483,6,neutral,brightness_0_90,6,neutral,0.9724938869476318,True
ViT,1483,6,neutral,brightness_1_10,6,neutral,0.9791688323020935,True
ViT,1483,6,neutral,contrast_0_90,6,neutral,0.9747909307479858,True
ViT,1483,6,neutral,contrast_1_10,6,neutral,0.9785017967224121,True
ViT,1486,1,disgust,original,1,disgust,0.9471121430397034,True
ViT,1486,1,disgust,rotation_minus_5,1,disgust,0.43874162435531616,True
ViT,1486,1,disgust,rotation_plus_5,1,disgust,0.7840892672538757,True
ViT,1486,1,disgust,translate_minus_2,4,sad,0.4562931954860687,False
ViT,1486,1,disgust,translate_plus_2,1,disgust,0.8316048979759216,True
ViT,1486,1,disgust,brightness_0_90,1,disgust,0.9562414288520813,True
ViT,1486,1,disgust,brightness_1_10,1,disgust,0.9333152174949646,True
ViT,1486,1,disgust,contrast_0_90,1,disgust,0.9594076871871948,True
ViT,1486,1,disgust,contrast_1_10,1,disgust,0.9284378886222839,True
ViT,1491,5,surprise,original,5,surprise,0.9021133780479431,True
ViT,1491,5,surprise,rotation_minus_5,5,surprise,0.9341681003570557,True
ViT,1491,5,surprise,rotation_plus_5,5,surprise,0.9499894380569458,True
ViT,1491,5,surprise,translate_minus_2,5,surprise,0.9801880121231079,True
ViT,1491,5,surprise,translate_plus_2,5,surprise,0.9869362711906433,True
ViT,1491,5,surprise,brightness_0_90,5,surprise,0.9195419549942017,True
ViT,1491,5,surprise,brightness_1_10,5,surprise,0.7481392025947571,True
ViT,1491,5,surprise,contrast_0_90,5,surprise,0.9168729186058044,True
ViT,1491,5,surprise,contrast_1_10,5,surprise,0.8677729368209839,True
ViT,1527,5,surprise,original,5,surprise,0.993599534034729,True
ViT,1527,5,surprise,rotation_minus_5,5,surprise,0.7283768653869629,True
ViT,1527,5,surprise,rotation_plus_5,5,surprise,0.8606712222099304,True
ViT,1527,5,surprise,translate_minus_2,5,surprise,0.9927646517753601,True
ViT,1527,5,surprise,translate_plus_2,5,surprise,0.9926732182502747,True
ViT,1527,5,surprise,brightness_0_90,5,surprise,0.9935622215270996,True
ViT,1527,5,surprise,brightness_1_10,5,surprise,0.9935789108276367,True
ViT,1527,5,surprise,contrast_0_90,5,surprise,0.9936131834983826,True
ViT,1527,5,surprise,contrast_1_10,5,surprise,0.9935978651046753,True
ViT,1534,5,surprise,original,5,surprise,0.9930485486984253,True
ViT,1534,5,surprise,rotation_minus_5,5,surprise,0.9854677319526672,True
ViT,1534,5,surprise,rotation_plus_5,5,surprise,0.9865224957466125,True
ViT,1534,5,surprise,translate_minus_2,5,surprise,0.9934104084968567,True
ViT,1534,5,surprise,translate_plus_2,5,surprise,0.991028368473053,True
ViT,1534,5,surprise,brightness_0_90,5,surprise,0.9929252862930298,True
ViT,1534,5,surprise,brightness_1_10,5,surprise,0.9930649399757385,True
ViT,1534,5,surprise,contrast_0_90,5,surprise,0.9926185011863708,True
ViT,1534,5,surprise,contrast_1_10,5,surprise,0.9933143258094788,True
ViT,1544,3,happy,original,3,happy,0.9628078937530518,True
ViT,1544,3,happy,rotation_minus_5,3,happy,0.9941200613975525,True
ViT,1544,3,happy,rotation_plus_5,3,happy,0.981181800365448,True
ViT,1544,3,happy,translate_minus_2,3,happy,0.9903990626335144,True
ViT,1544,3,happy,translate_plus_2,3,happy,0.9927806258201599,True
ViT,1544,3,happy,brightness_0_90,3,happy,0.9822158813476562,True
ViT,1544,3,happy,brightness_1_10,3,happy,0.9541417360305786,True
ViT,1544,3,happy,contrast_0_90,3,happy,0.9726086854934692,True
ViT,1544,3,happy,contrast_1_10,3,happy,0.9557482600212097,True
ViT,1549,1,disgust,original,1,disgust,0.9888129830360413,True
ViT,1549,1,disgust,rotation_minus_5,1,disgust,0.9858192205429077,True
ViT,1549,1,disgust,rotation_plus_5,1,disgust,0.96528160572052,True
ViT,1549,1,disgust,translate_minus_2,1,disgust,0.9840643405914307,True
ViT,1549,1,disgust,translate_plus_2,1,disgust,0.9869965314865112,True
ViT,1549,1,disgust,brightness_0_90,1,disgust,0.9869260787963867,True
ViT,1549,1,disgust,brightness_1_10,1,disgust,0.9898198246955872,True
ViT,1549,1,disgust,contrast_0_90,1,disgust,0.987630307674408,True
ViT,1549,1,disgust,contrast_1_10,1,disgust,0.9894185662269592,True
ViT,1576,3,happy,original,3,happy,0.9942303895950317,True
ViT,1576,3,happy,rotation_minus_5,3,happy,0.9955611228942871,True
ViT,1576,3,happy,rotation_plus_5,3,happy,0.9953395128250122,True
ViT,1576,3,happy,translate_minus_2,3,happy,0.9951061010360718,True
ViT,1576,3,happy,translate_plus_2,3,happy,0.9952351450920105,True
ViT,1576,3,happy,brightness_0_90,3,happy,0.9945080876350403,True
ViT,1576,3,happy,brightness_1_10,3,happy,0.9941692352294922,True
ViT,1576,3,happy,contrast_0_90,3,happy,0.9944105744361877,True
ViT,1576,3,happy,contrast_1_10,3,happy,0.9941182136535645,True
ViT,1589,2,fear,original,4,sad,0.6039453744888306,False
ViT,1589,2,fear,rotation_minus_5,4,sad,0.6820862293243408,False
ViT,1589,2,fear,rotation_plus_5,0,angry,0.7744494080543518,False
ViT,1589,2,fear,translate_minus_2,4,sad,0.9219993948936462,False
ViT,1589,2,fear,translate_plus_2,4,sad,0.9258335828781128,False
ViT,1589,2,fear,brightness_0_90,0,angry,0.42664051055908203,False
ViT,1589,2,fear,brightness_1_10,4,sad,0.6238130331039429,False
ViT,1589,2,fear,contrast_0_90,4,sad,0.49309250712394714,False
ViT,1589,2,fear,contrast_1_10,4,sad,0.7461574673652649,False
ViT,1592,0,angry,original,0,angry,0.8821914792060852,True
ViT,1592,0,angry,rotation_minus_5,0,angry,0.667854368686676,True
ViT,1592,0,angry,rotation_plus_5,0,angry,0.6036991477012634,True
ViT,1592,0,angry,translate_minus_2,0,angry,0.9815917015075684,True
ViT,1592,0,angry,translate_plus_2,0,angry,0.9253491163253784,True
ViT,1592,0,angry,brightness_0_90,0,angry,0.9149233102798462,True
ViT,1592,0,angry,brightness_1_10,0,angry,0.8857856392860413,True
ViT,1592,0,angry,contrast_0_90,0,angry,0.8859660029411316,True
ViT,1592,0,angry,contrast_1_10,0,angry,0.8631452918052673,True
ViT,1595,4,sad,original,6,neutral,0.9750069975852966,False
ViT,1595,4,sad,rotation_minus_5,6,neutral,0.9205144047737122,False
ViT,1595,4,sad,rotation_plus_5,4,sad,0.7475129961967468,True
ViT,1595,4,sad,translate_minus_2,6,neutral,0.9531036019325256,False
ViT,1595,4,sad,translate_plus_2,6,neutral,0.978024959564209,False
ViT,1595,4,sad,brightness_0_90,6,neutral,0.9785388112068176,False
ViT,1595,4,sad,brightness_1_10,6,neutral,0.9481977820396423,False
ViT,1595,4,sad,contrast_0_90,6,neutral,0.974511444568634,False
ViT,1595,4,sad,contrast_1_10,6,neutral,0.9705207943916321,False
ViT,1599,0,angry,original,0,angry,0.9887865781784058,True
ViT,1599,0,angry,rotation_minus_5,0,angry,0.9886492490768433,True
ViT,1599,0,angry,rotation_plus_5,0,angry,0.9889318943023682,True
ViT,1599,0,angry,translate_minus_2,0,angry,0.9913240671157837,True
ViT,1599,0,angry,translate_plus_2,0,angry,0.9909466505050659,True
ViT,1599,0,angry,brightness_0_90,0,angry,0.9891054034233093,True
ViT,1599,0,angry,brightness_1_10,0,angry,0.9893122315406799,True
ViT,1599,0,angry,contrast_0_90,0,angry,0.9888068437576294,True
ViT,1599,0,angry,contrast_1_10,0,angry,0.9889553189277649,True
ViT,1602,6,neutral,original,2,fear,0.8379132151603699,False
ViT,1602,6,neutral,rotation_minus_5,4,sad,0.7610100507736206,False
ViT,1602,6,neutral,rotation_plus_5,4,sad,0.9350850582122803,False
ViT,1602,6,neutral,translate_minus_2,4,sad,0.9244238138198853,False
ViT,1602,6,neutral,translate_plus_2,4,sad,0.8182429671287537,False
ViT,1602,6,neutral,brightness_0_90,2,fear,0.9259598255157471,False
ViT,1602,6,neutral,brightness_1_10,4,sad,0.8019158244132996,False
ViT,1602,6,neutral,contrast_0_90,2,fear,0.9138900637626648,False
ViT,1602,6,neutral,contrast_1_10,2,fear,0.5830336213111877,False
ViT,1661,6,neutral,original,6,neutral,0.9620652794837952,True
ViT,1661,6,neutral,rotation_minus_5,6,neutral,0.978490948677063,True
ViT,1661,6,neutral,rotation_plus_5,4,sad,0.6176550388336182,False
ViT,1661,6,neutral,translate_minus_2,6,neutral,0.9828769564628601,True
ViT,1661,6,neutral,translate_plus_2,6,neutral,0.9784910678863525,True
ViT,1661,6,neutral,brightness_0_90,6,neutral,0.9543312788009644,True
ViT,1661,6,neutral,brightness_1_10,6,neutral,0.9598475694656372,True
ViT,1661,6,neutral,contrast_0_90,6,neutral,0.9531806111335754,True
ViT,1661,6,neutral,contrast_1_10,6,neutral,0.9688925743103027,True
ViT,1667,6,neutral,original,6,neutral,0.946793258190155,True
ViT,1667,6,neutral,rotation_minus_5,4,sad,0.5978484153747559,False
ViT,1667,6,neutral,rotation_plus_5,6,neutral,0.6579042077064514,True
ViT,1667,6,neutral,translate_minus_2,4,sad,0.9742341637611389,False
ViT,1667,6,neutral,translate_plus_2,4,sad,0.48859965801239014,False
ViT,1667,6,neutral,brightness_0_90,6,neutral,0.9472904205322266,True
ViT,1667,6,neutral,brightness_1_10,6,neutral,0.9569455981254578,True
ViT,1667,6,neutral,contrast_0_90,6,neutral,0.9530921578407288,True
ViT,1667,6,neutral,contrast_1_10,6,neutral,0.9482517838478088,True
ViT,1672,1,disgust,original,1,disgust,0.9639723896980286,True
ViT,1672,1,disgust,rotation_minus_5,1,disgust,0.7605389356613159,True
ViT,1672,1,disgust,rotation_plus_5,1,disgust,0.7650942206382751,True
ViT,1672,1,disgust,translate_minus_2,1,disgust,0.9612169861793518,True
ViT,1672,1,disgust,translate_plus_2,1,disgust,0.9460301399230957,True
ViT,1672,1,disgust,brightness_0_90,1,disgust,0.9514303207397461,True
ViT,1672,1,disgust,brightness_1_10,1,disgust,0.9743688106536865,True
ViT,1672,1,disgust,contrast_0_90,1,disgust,0.9562597870826721,True
ViT,1672,1,disgust,contrast_1_10,1,disgust,0.9730465412139893,True
ViT,1676,1,disgust,original,1,disgust,0.9894489049911499,True
ViT,1676,1,disgust,rotation_minus_5,1,disgust,0.9877327680587769,True
ViT,1676,1,disgust,rotation_plus_5,1,disgust,0.9874211549758911,True
ViT,1676,1,disgust,translate_minus_2,1,disgust,0.9908460974693298,True
ViT,1676,1,disgust,translate_plus_2,1,disgust,0.9901570081710815,True
ViT,1676,1,disgust,brightness_0_90,1,disgust,0.989364504814148,True
ViT,1676,1,disgust,brightness_1_10,1,disgust,0.9898386001586914,True
ViT,1676,1,disgust,contrast_0_90,1,disgust,0.9894633293151855,True
ViT,1676,1,disgust,contrast_1_10,1,disgust,0.9895321130752563,True
ViT,1677,4,sad,original,4,sad,0.952158510684967,True
ViT,1677,4,sad,rotation_minus_5,4,sad,0.9524695873260498,True
ViT,1677,4,sad,rotation_plus_5,6,neutral,0.6972534656524658,False
ViT,1677,4,sad,translate_minus_2,4,sad,0.9487716555595398,True
ViT,1677,4,sad,translate_plus_2,4,sad,0.9093211889266968,True
ViT,1677,4,sad,brightness_0_90,4,sad,0.9701452255249023,True
ViT,1677,4,sad,brightness_1_10,4,sad,0.8865482211112976,True
ViT,1677,4,sad,contrast_0_90,4,sad,0.9583138823509216,True
ViT,1677,4,sad,contrast_1_10,4,sad,0.939002275466919,True
ViT,1697,1,disgust,original,1,disgust,0.9684034585952759,True
ViT,1697,1,disgust,rotation_minus_5,1,disgust,0.7311345338821411,True
ViT,1697,1,disgust,rotation_plus_5,0,angry,0.9446169137954712,False
ViT,1697,1,disgust,translate_minus_2,1,disgust,0.9758122563362122,True
ViT,1697,1,disgust,translate_plus_2,1,disgust,0.9776024222373962,True
ViT,1697,1,disgust,brightness_0_90,1,disgust,0.9680132269859314,True
ViT,1697,1,disgust,brightness_1_10,1,disgust,0.9688761234283447,True
ViT,1697,1,disgust,contrast_0_90,1,disgust,0.9651532173156738,True
ViT,1697,1,disgust,contrast_1_10,1,disgust,0.9726894497871399,True
ViT,1699,5,surprise,original,5,surprise,0.9846910834312439,True
ViT,1699,5,surprise,rotation_minus_5,2,fear,0.5478890538215637,False
ViT,1699,5,surprise,rotation_plus_5,5,surprise,0.9061028957366943,True
ViT,1699,5,surprise,translate_minus_2,5,surprise,0.9328022003173828,True
ViT,1699,5,surprise,translate_plus_2,5,surprise,0.9831134080886841,True
ViT,1699,5,surprise,brightness_0_90,5,surprise,0.9820157289505005,True
ViT,1699,5,surprise,brightness_1_10,5,surprise,0.9830349683761597,True
ViT,1699,5,surprise,contrast_0_90,5,surprise,0.9849705696105957,True
ViT,1699,5,surprise,contrast_1_10,5,surprise,0.9827446341514587,True
ViT,1722,2,fear,original,2,fear,0.739608883857727,True
ViT,1722,2,fear,rotation_minus_5,0,angry,0.9853529334068298,False
ViT,1722,2,fear,rotation_plus_5,0,angry,0.6372122168540955,False
ViT,1722,2,fear,translate_minus_2,2,fear,0.9864053130149841,True
ViT,1722,2,fear,translate_plus_2,2,fear,0.9872166514396667,True
ViT,1722,2,fear,brightness_0_90,2,fear,0.5739158391952515,True
ViT,1722,2,fear,brightness_1_10,2,fear,0.8353915214538574,True
ViT,1722,2,fear,contrast_0_90,2,fear,0.7147737741470337,True
ViT,1722,2,fear,contrast_1_10,2,fear,0.7757573127746582,True
ViT,1724,1,disgust,original,0,angry,0.9911485910415649,False
ViT,1724,1,disgust,rotation_minus_5,0,angry,0.9902127385139465,False
ViT,1724,1,disgust,rotation_plus_5,0,angry,0.9832670092582703,False
ViT,1724,1,disgust,translate_minus_2,0,angry,0.9909645318984985,False
ViT,1724,1,disgust,translate_plus_2,0,angry,0.9904372096061707,False
ViT,1724,1,disgust,brightness_0_90,0,angry,0.9910510778427124,False
ViT,1724,1,disgust,brightness_1_10,0,angry,0.9912829399108887,False
ViT,1724,1,disgust,contrast_0_90,0,angry,0.9910452961921692,False
ViT,1724,1,disgust,contrast_1_10,0,angry,0.9912592768669128,False
ViT,1727,5,surprise,original,5,surprise,0.9919047355651855,True
ViT,1727,5,surprise,rotation_minus_5,5,surprise,0.993588924407959,True
ViT,1727,5,surprise,rotation_plus_5,5,surprise,0.9934682846069336,True
ViT,1727,5,surprise,translate_minus_2,5,surprise,0.993010938167572,True
ViT,1727,5,surprise,translate_plus_2,5,surprise,0.9919493198394775,True
ViT,1727,5,surprise,brightness_0_90,5,surprise,0.9921004176139832,True
ViT,1727,5,surprise,brightness_1_10,5,surprise,0.9916506409645081,True
ViT,1727,5,surprise,contrast_0_90,5,surprise,0.9920824766159058,True
ViT,1727,5,surprise,contrast_1_10,5,surprise,0.9913896918296814,True
ViT,1729,3,happy,original,3,happy,0.9951983094215393,True
ViT,1729,3,happy,rotation_minus_5,3,happy,0.9950256943702698,True
ViT,1729,3,happy,rotation_plus_5,3,happy,0.9943130016326904,True
ViT,1729,3,happy,translate_minus_2,3,happy,0.9954849481582642,True
ViT,1729,3,happy,translate_plus_2,3,happy,0.9950445890426636,True
ViT,1729,3,happy,brightness_0_90,3,happy,0.9951815009117126,True
ViT,1729,3,happy,brightness_1_10,3,happy,0.9952070116996765,True
ViT,1729,3,happy,contrast_0_90,3,happy,0.9952013492584229,True
ViT,1729,3,happy,contrast_1_10,3,happy,0.995223343372345,True
ViT,1732,5,surprise,original,5,surprise,0.9911672472953796,True
ViT,1732,5,surprise,rotation_minus_5,5,surprise,0.9555423855781555,True
ViT,1732,5,surprise,rotation_plus_5,5,surprise,0.9917280673980713,True
ViT,1732,5,surprise,translate_minus_2,5,surprise,0.9899218678474426,True
ViT,1732,5,surprise,translate_plus_2,5,surprise,0.9814919829368591,True
ViT,1732,5,surprise,brightness_0_90,5,surprise,0.9904166460037231,True
ViT,1732,5,surprise,brightness_1_10,5,surprise,0.9906349778175354,True
ViT,1732,5,surprise,contrast_0_90,5,surprise,0.9920582175254822,True
ViT,1732,5,surprise,contrast_1_10,5,surprise,0.9899222254753113,True
ViT,1738,0,angry,original,0,angry,0.990530788898468,True
ViT,1738,0,angry,rotation_minus_5,0,angry,0.9909137487411499,True
ViT,1738,0,angry,rotation_plus_5,0,angry,0.9916144609451294,True
ViT,1738,0,angry,translate_minus_2,0,angry,0.9907942414283752,True
ViT,1738,0,angry,translate_plus_2,0,angry,0.9903299808502197,True
ViT,1738,0,angry,brightness_0_90,0,angry,0.9902220964431763,True
ViT,1738,0,angry,brightness_1_10,0,angry,0.9907398223876953,True
ViT,1738,0,angry,contrast_0_90,0,angry,0.9904752373695374,True
ViT,1738,0,angry,contrast_1_10,0,angry,0.9908343553543091,True
ViT,1741,5,surprise,original,5,surprise,0.9733784794807434,True
ViT,1741,5,surprise,rotation_minus_5,5,surprise,0.7336544394493103,True
ViT,1741,5,surprise,rotation_plus_5,5,surprise,0.8294405937194824,True
ViT,1741,5,surprise,translate_minus_2,5,surprise,0.9860662817955017,True
ViT,1741,5,surprise,translate_plus_2,5,surprise,0.9546322822570801,True
ViT,1741,5,surprise,brightness_0_90,5,surprise,0.9792686104774475,True
ViT,1741,5,surprise,brightness_1_10,5,surprise,0.9755016565322876,True
ViT,1741,5,surprise,contrast_0_90,5,surprise,0.9690830707550049,True
ViT,1741,5,surprise,contrast_1_10,5,surprise,0.9793002009391785,True
ViT,1770,1,disgust,original,1,disgust,0.7465037107467651,True
ViT,1770,1,disgust,rotation_minus_5,1,disgust,0.7597352266311646,True
ViT,1770,1,disgust,rotation_plus_5,1,disgust,0.5125793218612671,True
ViT,1770,1,disgust,translate_minus_2,1,disgust,0.8869239091873169,True
ViT,1770,1,disgust,translate_plus_2,1,disgust,0.8784922361373901,True
ViT,1770,1,disgust,brightness_0_90,1,disgust,0.6893897652626038,True
ViT,1770,1,disgust,brightness_1_10,1,disgust,0.8129432797431946,True
ViT,1770,1,disgust,contrast_0_90,1,disgust,0.7425800561904907,True
ViT,1770,1,disgust,contrast_1_10,1,disgust,0.7600611448287964,True
ViT,1775,1,disgust,original,1,disgust,0.836149275302887,True
ViT,1775,1,disgust,rotation_minus_5,0,angry,0.9426037669181824,False
ViT,1775,1,disgust,rotation_plus_5,0,angry,0.9621768593788147,False
ViT,1775,1,disgust,translate_minus_2,0,angry,0.7349127531051636,False
ViT,1775,1,disgust,translate_plus_2,1,disgust,0.983950138092041,True
ViT,1775,1,disgust,brightness_0_90,1,disgust,0.8717788457870483,True
ViT,1775,1,disgust,brightness_1_10,1,disgust,0.7940821051597595,True
ViT,1775,1,disgust,contrast_0_90,1,disgust,0.5691761374473572,True
ViT,1775,1,disgust,contrast_1_10,1,disgust,0.9548305869102478,True
ViT,1781,0,angry,original,4,sad,0.9813536405563354,False
ViT,1781,0,angry,rotation_minus_5,4,sad,0.9799309968948364,False
ViT,1781,0,angry,rotation_plus_5,4,sad,0.9743660688400269,False
ViT,1781,0,angry,translate_minus_2,4,sad,0.9841322898864746,False
ViT,1781,0,angry,translate_plus_2,4,sad,0.9848276376724243,False
ViT,1781,0,angry,brightness_0_90,4,sad,0.9826148748397827,False
ViT,1781,0,angry,brightness_1_10,4,sad,0.9773510694503784,False
ViT,1781,0,angry,contrast_0_90,4,sad,0.9811707735061646,False
ViT,1781,0,angry,contrast_1_10,4,sad,0.9798889756202698,False
ViT,1784,3,happy,original,3,happy,0.7238583564758301,True
ViT,1784,3,happy,rotation_minus_5,5,surprise,0.32259029150009155,False
ViT,1784,3,happy,rotation_plus_5,4,sad,0.28365153074264526,False
ViT,1784,3,happy,translate_minus_2,3,happy,0.5497896671295166,True
ViT,1784,3,happy,translate_plus_2,3,happy,0.7878279685974121,True
ViT,1784,3,happy,brightness_0_90,3,happy,0.44094911217689514,True
ViT,1784,3,happy,brightness_1_10,3,happy,0.8835070729255676,True
ViT,1784,3,happy,contrast_0_90,3,happy,0.6965160369873047,True
ViT,1784,3,happy,contrast_1_10,3,happy,0.6794877052307129,True
ViT,1792,4,sad,original,0,angry,0.5988574624061584,False
ViT,1792,4,sad,rotation_minus_5,0,angry,0.7237425446510315,False
ViT,1792,4,sad,rotation_plus_5,4,sad,0.9475734233856201,True
ViT,1792,4,sad,translate_minus_2,0,angry,0.5887110829353333,False
ViT,1792,4,sad,translate_plus_2,0,angry,0.5885992050170898,False
ViT,1792,4,sad,brightness_0_90,0,angry,0.4927041828632355,False
ViT,1792,4,sad,brightness_1_10,4,sad,0.5389488339424133,True
ViT,1792,4,sad,contrast_0_90,0,angry,0.5792990922927856,False
ViT,1792,4,sad,contrast_1_10,0,angry,0.6130038499832153,False
ViT,1794,2,fear,original,2,fear,0.9889801740646362,True
ViT,1794,2,fear,rotation_minus_5,2,fear,0.9844911694526672,True
ViT,1794,2,fear,rotation_plus_5,2,fear,0.988468587398529,True
ViT,1794,2,fear,translate_minus_2,2,fear,0.989373505115509,True
ViT,1794,2,fear,translate_plus_2,2,fear,0.9888900518417358,True
ViT,1794,2,fear,brightness_0_90,2,fear,0.9889274835586548,True
ViT,1794,2,fear,brightness_1_10,2,fear,0.9889233112335205,True
ViT,1794,2,fear,contrast_0_90,2,fear,0.9888202548027039,True
ViT,1794,2,fear,contrast_1_10,2,fear,0.9891835451126099,True
ViT,1807,4,sad,original,4,sad,0.9854112863540649,True
ViT,1807,4,sad,rotation_minus_5,4,sad,0.9879921674728394,True
ViT,1807,4,sad,rotation_plus_5,4,sad,0.9892011880874634,True
ViT,1807,4,sad,translate_minus_2,4,sad,0.9893229603767395,True
ViT,1807,4,sad,translate_plus_2,4,sad,0.9897475242614746,True
ViT,1807,4,sad,brightness_0_90,4,sad,0.9864018559455872,True
ViT,1807,4,sad,brightness_1_10,4,sad,0.9853513240814209,True
ViT,1807,4,sad,contrast_0_90,4,sad,0.9862061142921448,True
ViT,1807,4,sad,contrast_1_10,4,sad,0.9858702421188354,True
ViT,1816,5,surprise,original,5,surprise,0.9879269003868103,True
ViT,1816,5,surprise,rotation_minus_5,2,fear,0.9382255673408508,False
ViT,1816,5,surprise,rotation_plus_5,2,fear,0.8550118207931519,False
ViT,1816,5,surprise,translate_minus_2,2,fear,0.57151859998703,False
ViT,1816,5,surprise,translate_plus_2,5,surprise,0.7277824282646179,True
ViT,1816,5,surprise,brightness_0_90,5,surprise,0.9839226603507996,True
ViT,1816,5,surprise,brightness_1_10,5,surprise,0.9885901808738708,True
ViT,1816,5,surprise,contrast_0_90,5,surprise,0.9841678738594055,True
ViT,1816,5,surprise,contrast_1_10,5,surprise,0.9877660274505615,True
ViT,1820,3,happy,original,3,happy,0.9931830763816833,True
ViT,1820,3,happy,rotation_minus_5,3,happy,0.9922324419021606,True
ViT,1820,3,happy,rotation_plus_5,3,happy,0.9947688579559326,True
ViT,1820,3,happy,translate_minus_2,3,happy,0.9925934672355652,True
ViT,1820,3,happy,translate_plus_2,3,happy,0.9758601188659668,True
ViT,1820,3,happy,brightness_0_90,3,happy,0.9941144585609436,True
ViT,1820,3,happy,brightness_1_10,3,happy,0.9922269582748413,True
ViT,1820,3,happy,contrast_0_90,3,happy,0.9934567809104919,True
ViT,1820,3,happy,contrast_1_10,3,happy,0.9931398034095764,True
ViT,1821,3,happy,original,3,happy,0.9945810437202454,True
ViT,1821,3,happy,rotation_minus_5,3,happy,0.9938662648200989,True
ViT,1821,3,happy,rotation_plus_5,3,happy,0.9935704469680786,True
ViT,1821,3,happy,translate_minus_2,3,happy,0.9944257736206055,True
ViT,1821,3,happy,translate_plus_2,3,happy,0.9945551156997681,True
ViT,1821,3,happy,brightness_0_90,3,happy,0.994968831539154,True
ViT,1821,3,happy,brightness_1_10,3,happy,0.9943860769271851,True
ViT,1821,3,happy,contrast_0_90,3,happy,0.9948042035102844,True
ViT,1821,3,happy,contrast_1_10,3,happy,0.9943589568138123,True
ViT,1828,1,disgust,original,1,disgust,0.9812301397323608,True
ViT,1828,1,disgust,rotation_minus_5,1,disgust,0.6029863953590393,True
ViT,1828,1,disgust,rotation_plus_5,1,disgust,0.7935571670532227,True
ViT,1828,1,disgust,translate_minus_2,1,disgust,0.8133713006973267,True
ViT,1828,1,disgust,translate_plus_2,1,disgust,0.9768728017807007,True
ViT,1828,1,disgust,brightness_0_90,1,disgust,0.9781967997550964,True
ViT,1828,1,disgust,brightness_1_10,1,disgust,0.9809648394584656,True
ViT,1828,1,disgust,contrast_0_90,1,disgust,0.9816815257072449,True
ViT,1828,1,disgust,contrast_1_10,1,disgust,0.981590747833252,True
ViT,1839,4,sad,original,0,angry,0.9747260212898254,False
ViT,1839,4,sad,rotation_minus_5,4,sad,0.8654399514198303,True
ViT,1839,4,sad,rotation_plus_5,0,angry,0.9121447801589966,False
ViT,1839,4,sad,translate_minus_2,0,angry,0.8259183168411255,False
ViT,1839,4,sad,translate_plus_2,4,sad,0.9334436655044556,True
ViT,1839,4,sad,brightness_0_90,0,angry,0.9696478843688965,False
ViT,1839,4,sad,brightness_1_10,0,angry,0.9618052840232849,False
ViT,1839,4,sad,contrast_0_90,0,angry,0.9667033553123474,False
ViT,1839,4,sad,contrast_1_10,0,angry,0.977259635925293,False
ViT,1850,0,angry,original,0,angry,0.9906138181686401,True
ViT,1850,0,angry,rotation_minus_5,0,angry,0.7418075799942017,True
ViT,1850,0,angry,rotation_plus_5,0,angry,0.9560672640800476,True
ViT,1850,0,angry,translate_minus_2,0,angry,0.9902352690696716,True
ViT,1850,0,angry,translate_plus_2,0,angry,0.9903141856193542,True
ViT,1850,0,angry,brightness_0_90,0,angry,0.9907838106155396,True
ViT,1850,0,angry,brightness_1_10,0,angry,0.9907724857330322,True
ViT,1850,0,angry,contrast_0_90,0,angry,0.9902425408363342,True
ViT,1850,0,angry,contrast_1_10,0,angry,0.9908197522163391,True
ViT,1861,3,happy,original,3,happy,0.9942558407783508,True
ViT,1861,3,happy,rotation_minus_5,3,happy,0.9951079487800598,True
ViT,1861,3,happy,rotation_plus_5,3,happy,0.9948906898498535,True
ViT,1861,3,happy,translate_minus_2,3,happy,0.9949179887771606,True
ViT,1861,3,happy,translate_plus_2,3,happy,0.9951717257499695,True
ViT,1861,3,happy,brightness_0_90,3,happy,0.9943832159042358,True
ViT,1861,3,happy,brightness_1_10,3,happy,0.9943581223487854,True
ViT,1861,3,happy,contrast_0_90,3,happy,0.9941644072532654,True
ViT,1861,3,happy,contrast_1_10,3,happy,0.9943829774856567,True
ViT,1863,6,neutral,original,0,angry,0.47028589248657227,False
ViT,1863,6,neutral,rotation_minus_5,6,neutral,0.5316116809844971,True
ViT,1863,6,neutral,rotation_plus_5,0,angry,0.5720369815826416,False
ViT,1863,6,neutral,translate_minus_2,6,neutral,0.34702837467193604,True
ViT,1863,6,neutral,translate_plus_2,6,neutral,0.7097877264022827,True
ViT,1863,6,neutral,brightness_0_90,0,angry,0.5889016389846802,False
ViT,1863,6,neutral,brightness_1_10,6,neutral,0.5279169082641602,True
ViT,1863,6,neutral,contrast_0_90,0,angry,0.4578505754470825,False
ViT,1863,6,neutral,contrast_1_10,6,neutral,0.43734702467918396,True
ViT,1894,4,sad,original,4,sad,0.9095795154571533,True
ViT,1894,4,sad,rotation_minus_5,0,angry,0.6559286713600159,False
ViT,1894,4,sad,rotation_plus_5,4,sad,0.9696434140205383,True
ViT,1894,4,sad,translate_minus_2,4,sad,0.9825029373168945,True
ViT,1894,4,sad,translate_plus_2,4,sad,0.8702860474586487,True
ViT,1894,4,sad,brightness_0_90,4,sad,0.9483673572540283,True
ViT,1894,4,sad,brightness_1_10,4,sad,0.8108474016189575,True
ViT,1894,4,sad,contrast_0_90,4,sad,0.9091324806213379,True
ViT,1894,4,sad,contrast_1_10,4,sad,0.937912106513977,True
ViT,1903,2,fear,original,2,fear,0.9349930286407471,True
ViT,1903,2,fear,rotation_minus_5,0,angry,0.5366726517677307,False
ViT,1903,2,fear,rotation_plus_5,0,angry,0.7085230350494385,False
ViT,1903,2,fear,translate_minus_2,2,fear,0.9455714821815491,True
ViT,1903,2,fear,translate_plus_2,2,fear,0.9517996311187744,True
ViT,1903,2,fear,brightness_0_90,2,fear,0.9307732582092285,True
ViT,1903,2,fear,brightness_1_10,2,fear,0.869401216506958,True
ViT,1903,2,fear,contrast_0_90,2,fear,0.944548487663269,True
ViT,1903,2,fear,contrast_1_10,2,fear,0.9097036123275757,True
ViT,1909,1,disgust,original,0,angry,0.978093683719635,False
ViT,1909,1,disgust,rotation_minus_5,0,angry,0.982312023639679,False
ViT,1909,1,disgust,rotation_plus_5,0,angry,0.9844202399253845,False
ViT,1909,1,disgust,translate_minus_2,0,angry,0.9278150796890259,False
ViT,1909,1,disgust,translate_plus_2,0,angry,0.9511139392852783,False
ViT,1909,1,disgust,brightness_0_90,0,angry,0.9746375679969788,False
ViT,1909,1,disgust,brightness_1_10,0,angry,0.9790961742401123,False
ViT,1909,1,disgust,contrast_0_90,0,angry,0.9745898842811584,False
ViT,1909,1,disgust,contrast_1_10,0,angry,0.9792006015777588,False
ViT,1915,2,fear,original,2,fear,0.9568356871604919,True
ViT,1915,2,fear,rotation_minus_5,5,surprise,0.9129143357276917,False
ViT,1915,2,fear,rotation_plus_5,2,fear,0.8272591233253479,True
ViT,1915,2,fear,translate_minus_2,2,fear,0.8810426592826843,True
ViT,1915,2,fear,translate_plus_2,2,fear,0.9500795602798462,True
ViT,1915,2,fear,brightness_0_90,2,fear,0.9542816281318665,True
ViT,1915,2,fear,brightness_1_10,2,fear,0.957048237323761,True
ViT,1915,2,fear,contrast_0_90,2,fear,0.9599184393882751,True
ViT,1915,2,fear,contrast_1_10,2,fear,0.9548960328102112,True
ViT,1942,0,angry,original,0,angry,0.8550453782081604,True
ViT,1942,0,angry,rotation_minus_5,2,fear,0.6434427499771118,False
ViT,1942,0,angry,rotation_plus_5,0,angry,0.9127219915390015,True
ViT,1942,0,angry,translate_minus_2,0,angry,0.7206015586853027,True
ViT,1942,0,angry,translate_plus_2,0,angry,0.7842910885810852,True
ViT,1942,0,angry,brightness_0_90,0,angry,0.9276391863822937,True
ViT,1942,0,angry,brightness_1_10,0,angry,0.8710395097732544,True
ViT,1942,0,angry,contrast_0_90,0,angry,0.868052065372467,True
ViT,1942,0,angry,contrast_1_10,0,angry,0.8575183153152466,True
ViT,1957,3,happy,original,3,happy,0.9951996803283691,True
ViT,1957,3,happy,rotation_minus_5,3,happy,0.995597779750824,True
ViT,1957,3,happy,rotation_plus_5,3,happy,0.995154619216919,True
ViT,1957,3,happy,translate_minus_2,3,happy,0.9951633214950562,True
ViT,1957,3,happy,translate_plus_2,3,happy,0.9951906204223633,True
ViT,1957,3,happy,brightness_0_90,3,happy,0.9952730536460876,True
ViT,1957,3,happy,brightness_1_10,3,happy,0.9950862526893616,True
ViT,1957,3,happy,contrast_0_90,3,happy,0.9952538013458252,True
ViT,1957,3,happy,contrast_1_10,3,happy,0.9951687455177307,True
ViT,1978,2,fear,original,6,neutral,0.534095048904419,False
ViT,1978,2,fear,rotation_minus_5,6,neutral,0.5112116932868958,False
ViT,1978,2,fear,rotation_plus_5,4,sad,0.6871205568313599,False
ViT,1978,2,fear,translate_minus_2,6,neutral,0.9812120199203491,False
ViT,1978,2,fear,translate_plus_2,6,neutral,0.9724581837654114,False
ViT,1978,2,fear,brightness_0_90,6,neutral,0.5498554706573486,False
ViT,1978,2,fear,brightness_1_10,6,neutral,0.642737865447998,False
ViT,1978,2,fear,contrast_0_90,6,neutral,0.45159775018692017,False
ViT,1978,2,fear,contrast_1_10,6,neutral,0.6676468849182129,False
ViT,1989,6,neutral,original,6,neutral,0.9106200337409973,True
ViT,1989,6,neutral,rotation_minus_5,0,angry,0.6191770434379578,False
ViT,1989,6,neutral,rotation_plus_5,4,sad,0.5229278802871704,False
ViT,1989,6,neutral,translate_minus_2,6,neutral,0.8467041850090027,True
ViT,1989,6,neutral,translate_plus_2,6,neutral,0.9689652323722839,True
ViT,1989,6,neutral,brightness_0_90,6,neutral,0.872613787651062,True
ViT,1989,6,neutral,brightness_1_10,6,neutral,0.9358692765235901,True
ViT,1989,6,neutral,contrast_0_90,6,neutral,0.8938102722167969,True
ViT,1989,6,neutral,contrast_1_10,6,neutral,0.9382352828979492,True
ViT,1990,5,surprise,original,5,surprise,0.9768670201301575,True
ViT,1990,5,surprise,rotation_minus_5,2,fear,0.7262330651283264,False
ViT,1990,5,surprise,rotation_plus_5,2,fear,0.7476396560668945,False
ViT,1990,5,surprise,translate_minus_2,2,fear,0.8197570443153381,False
ViT,1990,5,surprise,translate_plus_2,2,fear,0.8635753989219666,False
ViT,1990,5,surprise,brightness_0_90,5,surprise,0.9738879203796387,True
ViT,1990,5,surprise,brightness_1_10,5,surprise,0.9693798422813416,True
ViT,1990,5,surprise,contrast_0_90,5,surprise,0.9806484580039978,True
ViT,1990,5,surprise,contrast_1_10,5,surprise,0.9739790558815002,True
ViT,1991,0,angry,original,0,angry,0.7378278374671936,True
ViT,1991,0,angry,rotation_minus_5,0,angry,0.47194844484329224,True
ViT,1991,0,angry,rotation_plus_5,5,surprise,0.5194136500358582,False
ViT,1991,0,angry,translate_minus_2,0,angry,0.9277997612953186,True
ViT,1991,0,angry,translate_plus_2,5,surprise,0.48302531242370605,False
ViT,1991,0,angry,brightness_0_90,0,angry,0.8457870483398438,True
ViT,1991,0,angry,brightness_1_10,0,angry,0.568071186542511,True
ViT,1991,0,angry,contrast_0_90,0,angry,0.719132661819458,True
ViT,1991,0,angry,contrast_1_10,0,angry,0.7576625347137451,True
ViT,1993,0,angry,original,3,happy,0.4980825185775757,False
ViT,1993,0,angry,rotation_minus_5,3,happy,0.4803937077522278,False
ViT,1993,0,angry,rotation_plus_5,2,fear,0.7309897541999817,False
ViT,1993,0,angry,translate_minus_2,2,fear,0.8736403584480286,False
ViT,1993,0,angry,translate_plus_2,3,happy,0.5024008750915527,False
ViT,1993,0,angry,brightness_0_90,3,happy,0.6403108835220337,False
ViT,1993,0,angry,brightness_1_10,3,happy,0.5294559001922607,False
ViT,1993,0,angry,contrast_0_90,3,happy,0.5807015895843506,False
ViT,1993,0,angry,contrast_1_10,3,happy,0.5994590520858765,False
ViT,1995,3,happy,original,3,happy,0.9953323006629944,True
ViT,1995,3,happy,rotation_minus_5,3,happy,0.995140552520752,True
ViT,1995,3,happy,rotation_plus_5,3,happy,0.995028555393219,True
ViT,1995,3,happy,translate_minus_2,3,happy,0.9953044652938843,True
ViT,1995,3,happy,translate_plus_2,3,happy,0.9953272342681885,True
ViT,1995,3,happy,brightness_0_90,3,happy,0.9955839514732361,True
ViT,1995,3,happy,brightness_1_10,3,happy,0.9951122403144836,True
ViT,1995,3,happy,contrast_0_90,3,happy,0.9954530000686646,True
ViT,1995,3,happy,contrast_1_10,3,happy,0.9952179789543152,True
ViT,2002,4,sad,original,4,sad,0.8719921708106995,True
ViT,2002,4,sad,rotation_minus_5,4,sad,0.7362381815910339,True
ViT,2002,4,sad,rotation_plus_5,4,sad,0.9722772836685181,True
ViT,2002,4,sad,translate_minus_2,4,sad,0.6606720685958862,True
ViT,2002,4,sad,translate_plus_2,4,sad,0.9421582818031311,True
ViT,2002,4,sad,brightness_0_90,4,sad,0.9520820379257202,True
ViT,2002,4,sad,brightness_1_10,4,sad,0.8502203226089478,True
ViT,2002,4,sad,contrast_0_90,4,sad,0.8871652483940125,True
ViT,2002,4,sad,contrast_1_10,4,sad,0.9015929102897644,True
ViT,2012,2,fear,original,2,fear,0.9595854878425598,True
ViT,2012,2,fear,rotation_minus_5,2,fear,0.9476755857467651,True
ViT,2012,2,fear,rotation_plus_5,4,sad,0.9430841207504272,False
ViT,2012,2,fear,translate_minus_2,2,fear,0.9096106886863708,True
ViT,2012,2,fear,translate_plus_2,2,fear,0.6184583902359009,True
ViT,2012,2,fear,brightness_0_90,2,fear,0.9584498405456543,True
ViT,2012,2,fear,brightness_1_10,2,fear,0.9590040445327759,True
ViT,2012,2,fear,contrast_0_90,2,fear,0.9654276967048645,True
ViT,2012,2,fear,contrast_1_10,2,fear,0.9458433389663696,True
ViT,2024,6,neutral,original,4,sad,0.9830328822135925,False
ViT,2024,6,neutral,rotation_minus_5,4,sad,0.9667891263961792,False
ViT,2024,6,neutral,rotation_plus_5,4,sad,0.979064404964447,False
ViT,2024,6,neutral,translate_minus_2,4,sad,0.9889329671859741,False
ViT,2024,6,neutral,translate_plus_2,4,sad,0.9863013029098511,False
ViT,2024,6,neutral,brightness_0_90,4,sad,0.9835642576217651,False
ViT,2024,6,neutral,brightness_1_10,4,sad,0.9830856323242188,False
ViT,2024,6,neutral,contrast_0_90,4,sad,0.9808753728866577,False
ViT,2024,6,neutral,contrast_1_10,4,sad,0.9835949540138245,False
ViT,2033,6,neutral,original,6,neutral,0.9763862490653992,True
ViT,2033,6,neutral,rotation_minus_5,3,happy,0.9922711849212646,False
ViT,2033,6,neutral,rotation_plus_5,3,happy,0.6138384342193604,False
ViT,2033,6,neutral,translate_minus_2,6,neutral,0.9823316335678101,True
ViT,2033,6,neutral,translate_plus_2,6,neutral,0.9765748381614685,True
ViT,2033,6,neutral,brightness_0_90,6,neutral,0.9335698485374451,True
ViT,2033,6,neutral,brightness_1_10,6,neutral,0.9838277101516724,True
ViT,2033,6,neutral,contrast_0_90,6,neutral,0.9686648845672607,True
ViT,2033,6,neutral,contrast_1_10,6,neutral,0.9822070598602295,True
ViT,2050,2,fear,original,0,angry,0.9342491030693054,False
ViT,2050,2,fear,rotation_minus_5,0,angry,0.9849302768707275,False
ViT,2050,2,fear,rotation_plus_5,0,angry,0.8859444260597229,False
ViT,2050,2,fear,translate_minus_2,0,angry,0.5907265543937683,False
ViT,2050,2,fear,translate_plus_2,0,angry,0.7074733376502991,False
ViT,2050,2,fear,brightness_0_90,0,angry,0.8671187162399292,False
ViT,2050,2,fear,brightness_1_10,0,angry,0.9528794884681702,False
ViT,2050,2,fear,contrast_0_90,0,angry,0.9506738185882568,False
ViT,2050,2,fear,contrast_1_10,0,angry,0.8816824555397034,False
ViT,2074,2,fear,original,0,angry,0.9853318333625793,False
ViT,2074,2,fear,rotation_minus_5,0,angry,0.8522985577583313,False
ViT,2074,2,fear,rotation_plus_5,0,angry,0.9834935665130615,False
ViT,2074,2,fear,translate_minus_2,0,angry,0.9513958096504211,False
ViT,2074,2,fear,translate_plus_2,0,angry,0.983034610748291,False
ViT,2074,2,fear,brightness_0_90,0,angry,0.9846486449241638,False
ViT,2074,2,fear,brightness_1_10,0,angry,0.9837915897369385,False
ViT,2074,2,fear,contrast_0_90,0,angry,0.9821516275405884,False
ViT,2074,2,fear,contrast_1_10,0,angry,0.986045777797699,False
ViT,2086,4,sad,original,6,neutral,0.9875218272209167,False
ViT,2086,4,sad,rotation_minus_5,6,neutral,0.8015159368515015,False
ViT,2086,4,sad,rotation_plus_5,6,neutral,0.9830341339111328,False
ViT,2086,4,sad,translate_minus_2,6,neutral,0.9893516898155212,False
ViT,2086,4,sad,translate_plus_2,6,neutral,0.9873085618019104,False
ViT,2086,4,sad,brightness_0_90,6,neutral,0.9865208864212036,False
ViT,2086,4,sad,brightness_1_10,6,neutral,0.9822003841400146,False
ViT,2086,4,sad,contrast_0_90,6,neutral,0.9860315322875977,False
ViT,2086,4,sad,contrast_1_10,6,neutral,0.9883564114570618,False
ViT,2110,4,sad,original,4,sad,0.9864925742149353,True
ViT,2110,4,sad,rotation_minus_5,4,sad,0.982020914554596,True
ViT,2110,4,sad,rotation_plus_5,4,sad,0.9861853718757629,True
ViT,2110,4,sad,translate_minus_2,4,sad,0.9849302768707275,True
ViT,2110,4,sad,translate_plus_2,4,sad,0.9890068769454956,True
ViT,2110,4,sad,brightness_0_90,4,sad,0.9868075251579285,True
ViT,2110,4,sad,brightness_1_10,4,sad,0.9859632849693298,True
ViT,2110,4,sad,contrast_0_90,4,sad,0.9865777492523193,True
ViT,2110,4,sad,contrast_1_10,4,sad,0.9865099787712097,True
ViT,2114,3,happy,original,3,happy,0.894463062286377,True
ViT,2114,3,happy,rotation_minus_5,3,happy,0.9940367937088013,True
ViT,2114,3,happy,rotation_plus_5,3,happy,0.9896877408027649,True
ViT,2114,3,happy,translate_minus_2,3,happy,0.9928401708602905,True
ViT,2114,3,happy,translate_plus_2,3,happy,0.9920675754547119,True
ViT,2114,3,happy,brightness_0_90,3,happy,0.9721735119819641,True
ViT,2114,3,happy,brightness_1_10,3,happy,0.9521034955978394,True
ViT,2114,3,happy,contrast_0_90,3,happy,0.841637134552002,True
ViT,2114,3,happy,contrast_1_10,3,happy,0.9009456634521484,True
ViT,2125,1,disgust,original,1,disgust,0.9897491335868835,True
ViT,2125,1,disgust,rotation_minus_5,0,angry,0.65595543384552,False
ViT,2125,1,disgust,rotation_plus_5,1,disgust,0.9846903085708618,True
ViT,2125,1,disgust,translate_minus_2,1,disgust,0.9817749261856079,True
ViT,2125,1,disgust,translate_plus_2,1,disgust,0.9796908497810364,True
ViT,2125,1,disgust,brightness_0_90,1,disgust,0.9893139004707336,True
ViT,2125,1,disgust,brightness_1_10,1,disgust,0.9905281066894531,True
ViT,2125,1,disgust,contrast_0_90,1,disgust,0.9900574088096619,True
ViT,2125,1,disgust,contrast_1_10,1,disgust,0.9902700185775757,True
ViT,2129,4,sad,original,0,angry,0.7987194657325745,False
ViT,2129,4,sad,rotation_minus_5,0,angry,0.983595609664917,False
ViT,2129,4,sad,rotation_plus_5,0,angry,0.9695717692375183,False
ViT,2129,4,sad,translate_minus_2,0,angry,0.9530850648880005,False
ViT,2129,4,sad,translate_plus_2,0,angry,0.9492752552032471,False
ViT,2129,4,sad,brightness_0_90,4,sad,0.5092896819114685,True
ViT,2129,4,sad,brightness_1_10,0,angry,0.8157280683517456,False
ViT,2129,4,sad,contrast_0_90,0,angry,0.7704859375953674,False
ViT,2129,4,sad,contrast_1_10,0,angry,0.7628723978996277,False
ViT,2132,3,happy,original,3,happy,0.9945449829101562,True
ViT,2132,3,happy,rotation_minus_5,3,happy,0.9941826462745667,True
ViT,2132,3,happy,rotation_plus_5,3,happy,0.9916692972183228,True
ViT,2132,3,happy,translate_minus_2,3,happy,0.9946157336235046,True
ViT,2132,3,happy,translate_plus_2,3,happy,0.9952677488327026,True
ViT,2132,3,happy,brightness_0_90,3,happy,0.9942208528518677,True
ViT,2132,3,happy,brightness_1_10,3,happy,0.9946422576904297,True
ViT,2132,3,happy,contrast_0_90,3,happy,0.9944941401481628,True
ViT,2132,3,happy,contrast_1_10,3,happy,0.9944519400596619,True
ViT,2134,1,disgust,original,1,disgust,0.9823790192604065,True
ViT,2134,1,disgust,rotation_minus_5,1,disgust,0.9080851078033447,True
ViT,2134,1,disgust,rotation_plus_5,1,disgust,0.9858903884887695,True
ViT,2134,1,disgust,translate_minus_2,1,disgust,0.981433093547821,True
ViT,2134,1,disgust,translate_plus_2,1,disgust,0.9849730730056763,True
ViT,2134,1,disgust,brightness_0_90,1,disgust,0.980461835861206,True
ViT,2134,1,disgust,brightness_1_10,1,disgust,0.9821463227272034,True
ViT,2134,1,disgust,contrast_0_90,1,disgust,0.9838461875915527,True
ViT,2134,1,disgust,contrast_1_10,1,disgust,0.9808743596076965,True
ViT,2135,6,neutral,original,0,angry,0.9777818918228149,False
ViT,2135,6,neutral,rotation_minus_5,0,angry,0.9775556325912476,False
ViT,2135,6,neutral,rotation_plus_5,0,angry,0.934890627861023,False
ViT,2135,6,neutral,translate_minus_2,0,angry,0.8292456865310669,False
ViT,2135,6,neutral,translate_plus_2,0,angry,0.9699914455413818,False
ViT,2135,6,neutral,brightness_0_90,0,angry,0.9669650197029114,False
ViT,2135,6,neutral,brightness_1_10,0,angry,0.9787139296531677,False
ViT,2135,6,neutral,contrast_0_90,0,angry,0.9770833253860474,False
ViT,2135,6,neutral,contrast_1_10,0,angry,0.972420871257782,False
ViT,2137,3,happy,original,3,happy,0.9948569536209106,True
ViT,2137,3,happy,rotation_minus_5,3,happy,0.995187520980835,True
ViT,2137,3,happy,rotation_plus_5,3,happy,0.994442880153656,True
ViT,2137,3,happy,translate_minus_2,3,happy,0.9953902959823608,True
ViT,2137,3,happy,translate_plus_2,3,happy,0.9957320094108582,True
ViT,2137,3,happy,brightness_0_90,3,happy,0.9949629306793213,True
ViT,2137,3,happy,brightness_1_10,3,happy,0.994744062423706,True
ViT,2137,3,happy,contrast_0_90,3,happy,0.9949811100959778,True
ViT,2137,3,happy,contrast_1_10,3,happy,0.9947466254234314,True
ViT,2145,6,neutral,original,6,neutral,0.9881247282028198,True
ViT,2145,6,neutral,rotation_minus_5,6,neutral,0.9740148186683655,True
ViT,2145,6,neutral,rotation_plus_5,6,neutral,0.9662020802497864,True
ViT,2145,6,neutral,translate_minus_2,6,neutral,0.9899481534957886,True
ViT,2145,6,neutral,translate_plus_2,6,neutral,0.9896183609962463,True
ViT,2145,6,neutral,brightness_0_90,6,neutral,0.9882281422615051,True
ViT,2145,6,neutral,brightness_1_10,6,neutral,0.9880372285842896,True
ViT,2145,6,neutral,contrast_0_90,6,neutral,0.988770604133606,True
ViT,2145,6,neutral,contrast_1_10,6,neutral,0.987062394618988,True
ViT,2172,0,angry,original,6,neutral,0.7873928546905518,False
ViT,2172,0,angry,rotation_minus_5,0,angry,0.9719270467758179,True
ViT,2172,0,angry,rotation_plus_5,0,angry,0.9701434373855591,True
ViT,2172,0,angry,translate_minus_2,0,angry,0.6737686991691589,True
ViT,2172,0,angry,translate_plus_2,6,neutral,0.6375476121902466,False
ViT,2172,0,angry,brightness_0_90,0,angry,0.5207837820053101,True
ViT,2172,0,angry,brightness_1_10,6,neutral,0.8034011125564575,False
ViT,2172,0,angry,contrast_0_90,6,neutral,0.7913577556610107,False
ViT,2172,0,angry,contrast_1_10,6,neutral,0.8195635080337524,False
ViT,2180,2,fear,original,4,sad,0.9841808080673218,False
ViT,2180,2,fear,rotation_minus_5,4,sad,0.9802020192146301,False
ViT,2180,2,fear,rotation_plus_5,4,sad,0.8836055994033813,False
ViT,2180,2,fear,translate_minus_2,4,sad,0.9848400950431824,False
ViT,2180,2,fear,translate_plus_2,4,sad,0.9863808751106262,False
ViT,2180,2,fear,brightness_0_90,4,sad,0.9865294694900513,False
ViT,2180,2,fear,brightness_1_10,4,sad,0.9768129587173462,False
ViT,2180,2,fear,contrast_0_90,4,sad,0.9846775531768799,False
ViT,2180,2,fear,contrast_1_10,4,sad,0.9834188222885132,False
ViT,2183,6,neutral,original,6,neutral,0.7423821687698364,True
ViT,2183,6,neutral,rotation_minus_5,6,neutral,0.9493438005447388,True
ViT,2183,6,neutral,rotation_plus_5,6,neutral,0.6746643781661987,True
ViT,2183,6,neutral,translate_minus_2,6,neutral,0.9477355480194092,True
ViT,2183,6,neutral,translate_plus_2,6,neutral,0.6273773908615112,True
ViT,2183,6,neutral,brightness_0_90,6,neutral,0.8247129321098328,True
ViT,2183,6,neutral,brightness_1_10,6,neutral,0.6313304305076599,True
ViT,2183,6,neutral,contrast_0_90,6,neutral,0.8419016003608704,True
ViT,2183,6,neutral,contrast_1_10,6,neutral,0.7163710594177246,True
ViT,2197,4,sad,original,2,fear,0.8987725377082825,False
ViT,2197,4,sad,rotation_minus_5,2,fear,0.909453809261322,False
ViT,2197,4,sad,rotation_plus_5,2,fear,0.9717828035354614,False
ViT,2197,4,sad,translate_minus_2,2,fear,0.926750659942627,False
ViT,2197,4,sad,translate_plus_2,2,fear,0.8897678256034851,False
ViT,2197,4,sad,brightness_0_90,2,fear,0.8810567855834961,False
ViT,2197,4,sad,brightness_1_10,2,fear,0.9044037461280823,False
ViT,2197,4,sad,contrast_0_90,2,fear,0.915199339389801,False
ViT,2197,4,sad,contrast_1_10,2,fear,0.9031882286071777,False
ViT,2207,1,disgust,original,1,disgust,0.87441486120224,True
ViT,2207,1,disgust,rotation_minus_5,1,disgust,0.8811036348342896,True
ViT,2207,1,disgust,rotation_plus_5,0,angry,0.8262963891029358,False
ViT,2207,1,disgust,translate_minus_2,1,disgust,0.984943151473999,True
ViT,2207,1,disgust,translate_plus_2,1,disgust,0.9117853045463562,True
ViT,2207,1,disgust,brightness_0_90,1,disgust,0.7421362996101379,True
ViT,2207,1,disgust,brightness_1_10,1,disgust,0.8784080743789673,True
ViT,2207,1,disgust,contrast_0_90,1,disgust,0.8475107550621033,True
ViT,2207,1,disgust,contrast_1_10,1,disgust,0.8353090882301331,True
ViT,2215,6,neutral,original,6,neutral,0.9838211536407471,True
ViT,2215,6,neutral,rotation_minus_5,6,neutral,0.8851271271705627,True
ViT,2215,6,neutral,rotation_plus_5,6,neutral,0.8588945865631104,True
ViT,2215,6,neutral,translate_minus_2,6,neutral,0.9382232427597046,True
ViT,2215,6,neutral,translate_plus_2,6,neutral,0.9833595752716064,True
ViT,2215,6,neutral,brightness_0_90,6,neutral,0.9842106103897095,True
ViT,2215,6,neutral,brightness_1_10,6,neutral,0.9834566712379456,True
ViT,2215,6,neutral,contrast_0_90,6,neutral,0.9817399978637695,True
ViT,2215,6,neutral,contrast_1_10,6,neutral,0.9856136441230774,True
ViT,2244,2,fear,original,2,fear,0.9886504411697388,True
ViT,2244,2,fear,rotation_minus_5,4,sad,0.9831352233886719,False
ViT,2244,2,fear,rotation_plus_5,2,fear,0.9207241535186768,True
ViT,2244,2,fear,translate_minus_2,2,fear,0.9786511063575745,True
ViT,2244,2,fear,translate_plus_2,2,fear,0.9819959402084351,True
ViT,2244,2,fear,brightness_0_90,2,fear,0.9871424436569214,True
ViT,2244,2,fear,brightness_1_10,2,fear,0.987987220287323,True
ViT,2244,2,fear,contrast_0_90,2,fear,0.9879615902900696,True
ViT,2244,2,fear,contrast_1_10,2,fear,0.9889323711395264,True
ViT,2248,5,surprise,original,5,surprise,0.9843568205833435,True
ViT,2248,5,surprise,rotation_minus_5,2,fear,0.7290579080581665,False
ViT,2248,5,surprise,rotation_plus_5,5,surprise,0.8539583683013916,True
ViT,2248,5,surprise,translate_minus_2,5,surprise,0.9808074831962585,True
ViT,2248,5,surprise,translate_plus_2,5,surprise,0.7275975346565247,True
ViT,2248,5,surprise,brightness_0_90,5,surprise,0.967201828956604,True
ViT,2248,5,surprise,brightness_1_10,5,surprise,0.979648768901825,True
ViT,2248,5,surprise,contrast_0_90,5,surprise,0.9821909666061401,True
ViT,2248,5,surprise,contrast_1_10,5,surprise,0.9860077500343323,True
ViT,2281,0,angry,original,0,angry,0.9911672472953796,True
ViT,2281,0,angry,rotation_minus_5,0,angry,0.9851303100585938,True
ViT,2281,0,angry,rotation_plus_5,0,angry,0.9891220927238464,True
ViT,2281,0,angry,translate_minus_2,0,angry,0.9905362725257874,True
ViT,2281,0,angry,translate_plus_2,0,angry,0.9905665516853333,True
ViT,2281,0,angry,brightness_0_90,0,angry,0.9909741282463074,True
ViT,2281,0,angry,brightness_1_10,0,angry,0.9912762641906738,True
ViT,2281,0,angry,contrast_0_90,0,angry,0.9908742904663086,True
ViT,2281,0,angry,contrast_1_10,0,angry,0.9911705255508423,True
ViT,2284,6,neutral,original,6,neutral,0.9891700148582458,True
ViT,2284,6,neutral,rotation_minus_5,6,neutral,0.9901359677314758,True
ViT,2284,6,neutral,rotation_plus_5,6,neutral,0.9609565734863281,True
ViT,2284,6,neutral,translate_minus_2,6,neutral,0.9872841835021973,True
ViT,2284,6,neutral,translate_plus_2,6,neutral,0.9852208495140076,True
ViT,2284,6,neutral,brightness_0_90,6,neutral,0.9900181293487549,True
ViT,2284,6,neutral,brightness_1_10,6,neutral,0.9837544560432434,True
ViT,2284,6,neutral,contrast_0_90,6,neutral,0.9898577332496643,True
ViT,2284,6,neutral,contrast_1_10,6,neutral,0.9879607558250427,True
ViT,2293,2,fear,original,2,fear,0.5881309509277344,True
ViT,2293,2,fear,rotation_minus_5,4,sad,0.48974454402923584,False
ViT,2293,2,fear,rotation_plus_5,2,fear,0.9027034044265747,True
ViT,2293,2,fear,translate_minus_2,2,fear,0.9563515782356262,True
ViT,2293,2,fear,translate_plus_2,2,fear,0.9377720355987549,True
ViT,2293,2,fear,brightness_0_90,2,fear,0.578454315662384,True
ViT,2293,2,fear,brightness_1_10,4,sad,0.5643736124038696,False
ViT,2293,2,fear,contrast_0_90,2,fear,0.6054835915565491,True
ViT,2293,2,fear,contrast_1_10,2,fear,0.5443917512893677,True
ViT,2295,1,disgust,original,2,fear,0.9150511622428894,False
ViT,2295,1,disgust,rotation_minus_5,2,fear,0.8690221905708313,False
ViT,2295,1,disgust,rotation_plus_5,2,fear,0.8718137145042419,False
ViT,2295,1,disgust,translate_minus_2,2,fear,0.5653814673423767,False
ViT,2295,1,disgust,translate_plus_2,2,fear,0.9446417093276978,False
ViT,2295,1,disgust,brightness_0_90,2,fear,0.9171753525733948,False
ViT,2295,1,disgust,brightness_1_10,2,fear,0.9405335187911987,False
ViT,2295,1,disgust,contrast_0_90,2,fear,0.8944981098175049,False
ViT,2295,1,disgust,contrast_1_10,2,fear,0.9447935223579407,False
ViT,2299,4,sad,original,4,sad,0.8165591955184937,True
ViT,2299,4,sad,rotation_minus_5,4,sad,0.9745343923568726,True
ViT,2299,4,sad,rotation_plus_5,4,sad,0.9535425901412964,True
ViT,2299,4,sad,translate_minus_2,0,angry,0.8559267520904541,False
ViT,2299,4,sad,translate_plus_2,4,sad,0.9110194444656372,True
ViT,2299,4,sad,brightness_0_90,4,sad,0.7638270854949951,True
ViT,2299,4,sad,brightness_1_10,4,sad,0.9458810091018677,True
ViT,2299,4,sad,contrast_0_90,4,sad,0.8259826302528381,True
ViT,2299,4,sad,contrast_1_10,4,sad,0.8212693929672241,True
ViT,2320,2,fear,original,6,neutral,0.7595236301422119,False
ViT,2320,2,fear,rotation_minus_5,4,sad,0.5754744410514832,False
ViT,2320,2,fear,rotation_plus_5,6,neutral,0.9178587198257446,False
ViT,2320,2,fear,translate_minus_2,4,sad,0.8255109786987305,False
ViT,2320,2,fear,translate_plus_2,6,neutral,0.926414966583252,False
ViT,2320,2,fear,brightness_0_90,6,neutral,0.7652382850646973,False
ViT,2320,2,fear,brightness_1_10,6,neutral,0.7626622319221497,False
ViT,2320,2,fear,contrast_0_90,6,neutral,0.8115842938423157,False
ViT,2320,2,fear,contrast_1_10,6,neutral,0.7219866514205933,False
ViT,2322,0,angry,original,0,angry,0.9917913675308228,True
ViT,2322,0,angry,rotation_minus_5,0,angry,0.9889438152313232,True
ViT,2322,0,angry,rotation_plus_5,0,angry,0.966948926448822,True
ViT,2322,0,angry,translate_minus_2,0,angry,0.9841736555099487,True
ViT,2322,0,angry,translate_plus_2,0,angry,0.9554378986358643,True
ViT,2322,0,angry,brightness_0_90,0,angry,0.9918825030326843,True
ViT,2322,0,angry,brightness_1_10,0,angry,0.991633415222168,True
ViT,2322,0,angry,contrast_0_90,0,angry,0.9917048215866089,True
ViT,2322,0,angry,contrast_1_10,0,angry,0.9915571212768555,True
ViT,2324,1,disgust,original,1,disgust,0.9879466891288757,True
ViT,2324,1,disgust,rotation_minus_5,1,disgust,0.9769664406776428,True
ViT,2324,1,disgust,rotation_plus_5,1,disgust,0.9863025546073914,True
ViT,2324,1,disgust,translate_minus_2,1,disgust,0.9843832850456238,True
ViT,2324,1,disgust,translate_plus_2,1,disgust,0.9881866574287415,True
ViT,2324,1,disgust,brightness_0_90,1,disgust,0.9885749220848083,True
ViT,2324,1,disgust,brightness_1_10,1,disgust,0.9867108464241028,True
ViT,2324,1,disgust,contrast_0_90,1,disgust,0.9878908395767212,True
ViT,2324,1,disgust,contrast_1_10,1,disgust,0.9875962734222412,True
ViT,2329,0,angry,original,0,angry,0.9905515909194946,True
ViT,2329,0,angry,rotation_minus_5,0,angry,0.9487984776496887,True
ViT,2329,0,angry,rotation_plus_5,0,angry,0.9883415102958679,True
ViT,2329,0,angry,translate_minus_2,0,angry,0.9901487827301025,True
ViT,2329,0,angry,translate_plus_2,0,angry,0.9867737293243408,True
ViT,2329,0,angry,brightness_0_90,0,angry,0.9899505376815796,True
ViT,2329,0,angry,brightness_1_10,0,angry,0.9906415343284607,True
ViT,2329,0,angry,contrast_0_90,0,angry,0.9901695847511292,True
ViT,2329,0,angry,contrast_1_10,0,angry,0.9906913638114929,True
ViT,2351,3,happy,original,4,sad,0.636663556098938,False
ViT,2351,3,happy,rotation_minus_5,4,sad,0.8866756558418274,False
ViT,2351,3,happy,rotation_plus_5,4,sad,0.9808183908462524,False
ViT,2351,3,happy,translate_minus_2,3,happy,0.9859619736671448,True
ViT,2351,3,happy,translate_plus_2,3,happy,0.8807897567749023,True
ViT,2351,3,happy,brightness_0_90,4,sad,0.7430719137191772,False
ViT,2351,3,happy,brightness_1_10,4,sad,0.790596604347229,False
ViT,2351,3,happy,contrast_0_90,4,sad,0.5852635502815247,False
ViT,2351,3,happy,contrast_1_10,4,sad,0.7848193049430847,False
ViT,2363,4,sad,original,4,sad,0.9045308232307434,True
ViT,2363,4,sad,rotation_minus_5,4,sad,0.9421243071556091,True
ViT,2363,4,sad,rotation_plus_5,4,sad,0.9335749745368958,True
ViT,2363,4,sad,translate_minus_2,4,sad,0.7190499305725098,True
ViT,2363,4,sad,translate_plus_2,6,neutral,0.9234616160392761,False
ViT,2363,4,sad,brightness_0_90,4,sad,0.8716515302658081,True
ViT,2363,4,sad,brightness_1_10,4,sad,0.8984408974647522,True
ViT,2363,4,sad,contrast_0_90,4,sad,0.9498584866523743,True
ViT,2363,4,sad,contrast_1_10,4,sad,0.8796842098236084,True
ViT,2389,1,disgust,original,1,disgust,0.9856888055801392,True
ViT,2389,1,disgust,rotation_minus_5,1,disgust,0.9788128137588501,True
ViT,2389,1,disgust,rotation_plus_5,1,disgust,0.6946818828582764,True
ViT,2389,1,disgust,translate_minus_2,1,disgust,0.9754770398139954,True
ViT,2389,1,disgust,translate_plus_2,1,disgust,0.9769882559776306,True
ViT,2389,1,disgust,brightness_0_90,1,disgust,0.9837958812713623,True
ViT,2389,1,disgust,brightness_1_10,1,disgust,0.975247859954834,True
ViT,2389,1,disgust,contrast_0_90,1,disgust,0.9851981997489929,True
ViT,2389,1,disgust,contrast_1_10,1,disgust,0.9859368205070496,True
ViT,2394,1,disgust,original,2,fear,0.3577753007411957,False
ViT,2394,1,disgust,rotation_minus_5,4,sad,0.6528531312942505,False
ViT,2394,1,disgust,rotation_plus_5,4,sad,0.5856975317001343,False
ViT,2394,1,disgust,translate_minus_2,4,sad,0.48075997829437256,False
ViT,2394,1,disgust,translate_plus_2,4,sad,0.5444029569625854,False
ViT,2394,1,disgust,brightness_0_90,6,neutral,0.41492053866386414,False
ViT,2394,1,disgust,brightness_1_10,4,sad,0.42566147446632385,False
ViT,2394,1,disgust,contrast_0_90,2,fear,0.39616692066192627,False
ViT,2394,1,disgust,contrast_1_10,2,fear,0.35618048906326294,False
ViT,2398,3,happy,original,3,happy,0.9940037131309509,True
ViT,2398,3,happy,rotation_minus_5,3,happy,0.9850772023200989,True
ViT,2398,3,happy,rotation_plus_5,3,happy,0.9041800498962402,True
ViT,2398,3,happy,translate_minus_2,3,happy,0.9927861094474792,True
ViT,2398,3,happy,translate_plus_2,3,happy,0.9932363629341125,True
ViT,2398,3,happy,brightness_0_90,3,happy,0.9938524961471558,True
ViT,2398,3,happy,brightness_1_10,3,happy,0.9943453073501587,True
ViT,2398,3,happy,contrast_0_90,3,happy,0.9940223097801208,True
ViT,2398,3,happy,contrast_1_10,3,happy,0.9941701889038086,True
ViT,2409,2,fear,original,4,sad,0.9723391532897949,False
ViT,2409,2,fear,rotation_minus_5,4,sad,0.9112204313278198,False
ViT,2409,2,fear,rotation_plus_5,4,sad,0.8460436463356018,False
ViT,2409,2,fear,translate_minus_2,4,sad,0.9376381635665894,False
ViT,2409,2,fear,translate_plus_2,4,sad,0.8135819435119629,False
ViT,2409,2,fear,brightness_0_90,4,sad,0.9687766432762146,False
ViT,2409,2,fear,brightness_1_10,4,sad,0.973959743976593,False
ViT,2409,2,fear,contrast_0_90,4,sad,0.9736570119857788,False
ViT,2409,2,fear,contrast_1_10,4,sad,0.9708215594291687,False
ViT,2415,2,fear,original,0,angry,0.9352832436561584,False
ViT,2415,2,fear,rotation_minus_5,0,angry,0.9780095815658569,False
ViT,2415,2,fear,rotation_plus_5,0,angry,0.9875847697257996,False
ViT,2415,2,fear,translate_minus_2,4,sad,0.44571274518966675,False
ViT,2415,2,fear,translate_plus_2,0,angry,0.9376062154769897,False
ViT,2415,2,fear,brightness_0_90,0,angry,0.9393900036811829,False
ViT,2415,2,fear,brightness_1_10,0,angry,0.878573477268219,False
ViT,2415,2,fear,contrast_0_90,0,angry,0.9240541458129883,False
ViT,2415,2,fear,contrast_1_10,0,angry,0.9234178066253662,False
ViT,2424,5,surprise,original,4,sad,0.5863685607910156,False
ViT,2424,5,surprise,rotation_minus_5,4,sad,0.7173321843147278,False
ViT,2424,5,surprise,rotation_plus_5,4,sad,0.9182528257369995,False
ViT,2424,5,surprise,translate_minus_2,4,sad,0.8929215669631958,False
ViT,2424,5,surprise,translate_plus_2,4,sad,0.9814074635505676,False
ViT,2424,5,surprise,brightness_0_90,4,sad,0.7967100739479065,False
ViT,2424,5,surprise,brightness_1_10,4,sad,0.7355378270149231,False
ViT,2424,5,surprise,contrast_0_90,4,sad,0.674062192440033,False
ViT,2424,5,surprise,contrast_1_10,4,sad,0.7415440678596497,False
ViT,2482,1,disgust,original,1,disgust,0.9829257726669312,True
ViT,2482,1,disgust,rotation_minus_5,1,disgust,0.9772841930389404,True
ViT,2482,1,disgust,rotation_plus_5,1,disgust,0.9562981128692627,True
ViT,2482,1,disgust,translate_minus_2,1,disgust,0.9111394882202148,True
ViT,2482,1,disgust,translate_plus_2,1,disgust,0.8183726072311401,True
ViT,2482,1,disgust,brightness_0_90,1,disgust,0.9843118786811829,True
ViT,2482,1,disgust,brightness_1_10,1,disgust,0.9607512354850769,True
ViT,2482,1,disgust,contrast_0_90,1,disgust,0.9846155047416687,True
ViT,2482,1,disgust,contrast_1_10,1,disgust,0.9808587431907654,True
ViT,2495,1,disgust,original,1,disgust,0.8477771282196045,True
ViT,2495,1,disgust,rotation_minus_5,1,disgust,0.980618953704834,True
ViT,2495,1,disgust,rotation_plus_5,1,disgust,0.8396067023277283,True
ViT,2495,1,disgust,translate_minus_2,1,disgust,0.6976107358932495,True
ViT,2495,1,disgust,translate_plus_2,1,disgust,0.8762614727020264,True
ViT,2495,1,disgust,brightness_0_90,1,disgust,0.8776035904884338,True
ViT,2495,1,disgust,brightness_1_10,1,disgust,0.8050876259803772,True
ViT,2495,1,disgust,contrast_0_90,1,disgust,0.8339280486106873,True
ViT,2495,1,disgust,contrast_1_10,1,disgust,0.8636158108711243,True
ViT,2502,5,surprise,original,5,surprise,0.9926596283912659,True
ViT,2502,5,surprise,rotation_minus_5,5,surprise,0.9923489093780518,True
ViT,2502,5,surprise,rotation_plus_5,5,surprise,0.990770697593689,True
ViT,2502,5,surprise,translate_minus_2,5,surprise,0.9890612363815308,True
ViT,2502,5,surprise,translate_plus_2,5,surprise,0.9917891025543213,True
ViT,2502,5,surprise,brightness_0_90,5,surprise,0.9923203587532043,True
ViT,2502,5,surprise,brightness_1_10,5,surprise,0.9929296374320984,True
ViT,2502,5,surprise,contrast_0_90,5,surprise,0.9922103881835938,True
ViT,2502,5,surprise,contrast_1_10,5,surprise,0.9929292798042297,True
ViT,2507,5,surprise,original,5,surprise,0.9435716867446899,True
ViT,2507,5,surprise,rotation_minus_5,5,surprise,0.6150838732719421,True
ViT,2507,5,surprise,rotation_plus_5,5,surprise,0.9778255820274353,True
ViT,2507,5,surprise,translate_minus_2,5,surprise,0.733103334903717,True
ViT,2507,5,surprise,translate_plus_2,5,surprise,0.6312838792800903,True
ViT,2507,5,surprise,brightness_0_90,5,surprise,0.9534353017807007,True
ViT,2507,5,surprise,brightness_1_10,5,surprise,0.8999314308166504,True
ViT,2507,5,surprise,contrast_0_90,5,surprise,0.9520272016525269,True
ViT,2507,5,surprise,contrast_1_10,5,surprise,0.9300599694252014,True
ViT,2513,2,fear,original,2,fear,0.9891617298126221,True
ViT,2513,2,fear,rotation_minus_5,2,fear,0.9332150220870972,True
ViT,2513,2,fear,rotation_plus_5,6,neutral,0.9620359539985657,False
ViT,2513,2,fear,translate_minus_2,2,fear,0.9796479940414429,True
ViT,2513,2,fear,translate_plus_2,2,fear,0.9895243048667908,True
ViT,2513,2,fear,brightness_0_90,2,fear,0.9883438348770142,True
ViT,2513,2,fear,brightness_1_10,2,fear,0.9889959096908569,True
ViT,2513,2,fear,contrast_0_90,2,fear,0.9887374639511108,True
ViT,2513,2,fear,contrast_1_10,2,fear,0.989186704158783,True
ViT,2518,5,surprise,original,5,surprise,0.9894617199897766,True
ViT,2518,5,surprise,rotation_minus_5,5,surprise,0.9473885297775269,True
ViT,2518,5,surprise,rotation_plus_5,5,surprise,0.9515386819839478,True
ViT,2518,5,surprise,translate_minus_2,5,surprise,0.991228461265564,True
ViT,2518,5,surprise,translate_plus_2,5,surprise,0.9906176924705505,True
ViT,2518,5,surprise,brightness_0_90,5,surprise,0.9882164597511292,True
ViT,2518,5,surprise,brightness_1_10,5,surprise,0.9911291599273682,True
ViT,2518,5,surprise,contrast_0_90,5,surprise,0.9882579445838928,True
ViT,2518,5,surprise,contrast_1_10,5,surprise,0.9903094172477722,True
ViT,2525,4,sad,original,4,sad,0.7702316045761108,True
ViT,2525,4,sad,rotation_minus_5,0,angry,0.7356006503105164,False
ViT,2525,4,sad,rotation_plus_5,4,sad,0.5511595606803894,True
ViT,2525,4,sad,translate_minus_2,4,sad,0.8020868301391602,True
ViT,2525,4,sad,translate_plus_2,4,sad,0.9703235030174255,True
ViT,2525,4,sad,brightness_0_90,4,sad,0.7752991914749146,True
ViT,2525,4,sad,brightness_1_10,4,sad,0.7250533103942871,True
ViT,2525,4,sad,contrast_0_90,4,sad,0.7571362257003784,True
ViT,2525,4,sad,contrast_1_10,4,sad,0.7215649485588074,True
ViT,2529,4,sad,original,0,angry,0.9303415417671204,False
ViT,2529,4,sad,rotation_minus_5,4,sad,0.9259642362594604,True
ViT,2529,4,sad,rotation_plus_5,4,sad,0.9710071086883545,True
ViT,2529,4,sad,translate_minus_2,4,sad,0.8563133478164673,True
ViT,2529,4,sad,translate_plus_2,4,sad,0.9523015022277832,True
ViT,2529,4,sad,brightness_0_90,0,angry,0.8975700736045837,False
ViT,2529,4,sad,brightness_1_10,0,angry,0.9538406729698181,False
ViT,2529,4,sad,contrast_0_90,0,angry,0.9473875761032104,False
ViT,2529,4,sad,contrast_1_10,0,angry,0.9035495519638062,False
ViT,2537,2,fear,original,2,fear,0.9850180745124817,True
ViT,2537,2,fear,rotation_minus_5,2,fear,0.5432140231132507,True
ViT,2537,2,fear,rotation_plus_5,2,fear,0.7798840999603271,True
ViT,2537,2,fear,translate_minus_2,2,fear,0.9838210344314575,True
ViT,2537,2,fear,translate_plus_2,2,fear,0.9203392863273621,True
ViT,2537,2,fear,brightness_0_90,2,fear,0.9840601682662964,True
ViT,2537,2,fear,brightness_1_10,2,fear,0.9833778142929077,True
ViT,2537,2,fear,contrast_0_90,2,fear,0.9852293133735657,True
ViT,2537,2,fear,contrast_1_10,2,fear,0.9832413196563721,True
ViT,2548,0,angry,original,2,fear,0.4876437187194824,False
ViT,2548,0,angry,rotation_minus_5,2,fear,0.6388060450553894,False
ViT,2548,0,angry,rotation_plus_5,2,fear,0.7398146986961365,False
ViT,2548,0,angry,translate_minus_2,2,fear,0.486929327249527,False
ViT,2548,0,angry,translate_plus_2,6,neutral,0.6030361652374268,False
ViT,2548,0,angry,brightness_0_90,2,fear,0.5939076542854309,False
ViT,2548,0,angry,brightness_1_10,6,neutral,0.494744211435318,False
ViT,2548,0,angry,contrast_0_90,2,fear,0.5375829339027405,False
ViT,2548,0,angry,contrast_1_10,2,fear,0.4183843433856964,False
ViT,2556,6,neutral,original,4,sad,0.9821434617042542,False
ViT,2556,6,neutral,rotation_minus_5,4,sad,0.957435667514801,False
ViT,2556,6,neutral,rotation_plus_5,4,sad,0.9419562220573425,False
ViT,2556,6,neutral,translate_minus_2,4,sad,0.6842333674430847,False
ViT,2556,6,neutral,translate_plus_2,6,neutral,0.8178017735481262,True
ViT,2556,6,neutral,brightness_0_90,4,sad,0.9836469292640686,False
ViT,2556,6,neutral,brightness_1_10,4,sad,0.9821739196777344,False
ViT,2556,6,neutral,contrast_0_90,4,sad,0.982669472694397,False
ViT,2556,6,neutral,contrast_1_10,4,sad,0.9812189936637878,False
ViT,2558,6,neutral,original,4,sad,0.9875075221061707,False
ViT,2558,6,neutral,rotation_minus_5,4,sad,0.985435426235199,False
ViT,2558,6,neutral,rotation_plus_5,4,sad,0.98520827293396,False
ViT,2558,6,neutral,translate_minus_2,4,sad,0.9867408871650696,False
ViT,2558,6,neutral,translate_plus_2,4,sad,0.9857385158538818,False
ViT,2558,6,neutral,brightness_0_90,4,sad,0.9871483445167542,False
ViT,2558,6,neutral,brightness_1_10,4,sad,0.9875662326812744,False
ViT,2558,6,neutral,contrast_0_90,4,sad,0.9871106147766113,False
ViT,2558,6,neutral,contrast_1_10,4,sad,0.9877631068229675,False
ViT,2587,6,neutral,original,6,neutral,0.9754306674003601,True
ViT,2587,6,neutral,rotation_minus_5,6,neutral,0.9396561980247498,True
ViT,2587,6,neutral,rotation_plus_5,0,angry,0.9306765794754028,False
ViT,2587,6,neutral,translate_minus_2,6,neutral,0.9132859110832214,True
ViT,2587,6,neutral,translate_plus_2,6,neutral,0.9829519391059875,True
ViT,2587,6,neutral,brightness_0_90,6,neutral,0.9780293107032776,True
ViT,2587,6,neutral,brightness_1_10,6,neutral,0.9713121056556702,True
ViT,2587,6,neutral,contrast_0_90,6,neutral,0.9747554659843445,True
ViT,2587,6,neutral,contrast_1_10,6,neutral,0.9762128591537476,True
ViT,2590,3,happy,original,3,happy,0.9937480688095093,True
ViT,2590,3,happy,rotation_minus_5,3,happy,0.995547890663147,True
ViT,2590,3,happy,rotation_plus_5,3,happy,0.9938752055168152,True
ViT,2590,3,happy,translate_minus_2,3,happy,0.9952397346496582,True
ViT,2590,3,happy,translate_plus_2,3,happy,0.9954299926757812,True
ViT,2590,3,happy,brightness_0_90,3,happy,0.9939301013946533,True
ViT,2590,3,happy,brightness_1_10,3,happy,0.9940687417984009,True
ViT,2590,3,happy,contrast_0_90,3,happy,0.9939233660697937,True
ViT,2590,3,happy,contrast_1_10,3,happy,0.9936536550521851,True
ViT,2591,0,angry,original,1,disgust,0.4939832389354706,False
ViT,2591,0,angry,rotation_minus_5,1,disgust,0.8845881819725037,False
ViT,2591,0,angry,rotation_plus_5,0,angry,0.4349583685398102,True
ViT,2591,0,angry,translate_minus_2,0,angry,0.7059537768363953,True
ViT,2591,0,angry,translate_plus_2,1,disgust,0.8621395826339722,False
ViT,2591,0,angry,brightness_0_90,1,disgust,0.6422038078308105,False
ViT,2591,0,angry,brightness_1_10,0,angry,0.4877767562866211,True
ViT,2591,0,angry,contrast_0_90,1,disgust,0.47558414936065674,False
ViT,2591,0,angry,contrast_1_10,0,angry,0.4572697579860687,True
ViT,2615,4,sad,original,4,sad,0.8713181018829346,True
ViT,2615,4,sad,rotation_minus_5,4,sad,0.9860900640487671,True
ViT,2615,4,sad,rotation_plus_5,4,sad,0.9871009588241577,True
ViT,2615,4,sad,translate_minus_2,4,sad,0.863402247428894,True
ViT,2615,4,sad,translate_plus_2,4,sad,0.9801944494247437,True
ViT,2615,4,sad,brightness_0_90,4,sad,0.9047554135322571,True
ViT,2615,4,sad,brightness_1_10,4,sad,0.8729699850082397,True
ViT,2615,4,sad,contrast_0_90,4,sad,0.8672958612442017,True
ViT,2615,4,sad,contrast_1_10,4,sad,0.8724008798599243,True
ViT,2620,0,angry,original,0,angry,0.9870145320892334,True
ViT,2620,0,angry,rotation_minus_5,0,angry,0.8976720571517944,True
ViT,2620,0,angry,rotation_plus_5,0,angry,0.972817599773407,True
ViT,2620,0,angry,translate_minus_2,0,angry,0.9837258458137512,True
ViT,2620,0,angry,translate_plus_2,0,angry,0.9683606624603271,True
ViT,2620,0,angry,brightness_0_90,0,angry,0.9889264106750488,True
ViT,2620,0,angry,brightness_1_10,0,angry,0.9812198877334595,True
ViT,2620,0,angry,contrast_0_90,0,angry,0.9824517369270325,True
ViT,2620,0,angry,contrast_1_10,0,angry,0.9885873794555664,True
ViT,2626,6,neutral,original,3,happy,0.538705050945282,False
ViT,2626,6,neutral,rotation_minus_5,4,sad,0.6439575552940369,False
ViT,2626,6,neutral,rotation_plus_5,4,sad,0.9639410376548767,False
ViT,2626,6,neutral,translate_minus_2,3,happy,0.9377319812774658,False
ViT,2626,6,neutral,translate_plus_2,6,neutral,0.6193192005157471,True
ViT,2626,6,neutral,brightness_0_90,3,happy,0.5856051445007324,False
ViT,2626,6,neutral,brightness_1_10,3,happy,0.522685706615448,False
ViT,2626,6,neutral,contrast_0_90,3,happy,0.5261704921722412,False
ViT,2626,6,neutral,contrast_1_10,3,happy,0.5606321096420288,False
ViT,2649,1,disgust,original,1,disgust,0.9872080683708191,True
ViT,2649,1,disgust,rotation_minus_5,1,disgust,0.8990952372550964,True
ViT,2649,1,disgust,rotation_plus_5,1,disgust,0.9812612533569336,True
ViT,2649,1,disgust,translate_minus_2,1,disgust,0.988673746585846,True
ViT,2649,1,disgust,translate_plus_2,1,disgust,0.9849202632904053,True
ViT,2649,1,disgust,brightness_0_90,1,disgust,0.9872509241104126,True
ViT,2649,1,disgust,brightness_1_10,1,disgust,0.987518846988678,True
ViT,2649,1,disgust,contrast_0_90,1,disgust,0.987695574760437,True
ViT,2649,1,disgust,contrast_1_10,1,disgust,0.986636221408844,True
ViT,2650,1,disgust,original,1,disgust,0.9722154140472412,True
ViT,2650,1,disgust,rotation_minus_5,1,disgust,0.9321991205215454,True
ViT,2650,1,disgust,rotation_plus_5,1,disgust,0.9608708620071411,True
ViT,2650,1,disgust,translate_minus_2,1,disgust,0.94554203748703,True
ViT,2650,1,disgust,translate_plus_2,1,disgust,0.9845245480537415,True
ViT,2650,1,disgust,brightness_0_90,1,disgust,0.9756145477294922,True
ViT,2650,1,disgust,brightness_1_10,1,disgust,0.9656246304512024,True
ViT,2650,1,disgust,contrast_0_90,1,disgust,0.9722251892089844,True
ViT,2650,1,disgust,contrast_1_10,1,disgust,0.9665625691413879,True
ViT,2660,1,disgust,original,1,disgust,0.989128053188324,True
ViT,2660,1,disgust,rotation_minus_5,1,disgust,0.7246487140655518,True
ViT,2660,1,disgust,rotation_plus_5,1,disgust,0.8468046188354492,True
ViT,2660,1,disgust,translate_minus_2,1,disgust,0.9800373315811157,True
ViT,2660,1,disgust,translate_plus_2,1,disgust,0.9799760580062866,True
ViT,2660,1,disgust,brightness_0_90,1,disgust,0.9894253015518188,True
ViT,2660,1,disgust,brightness_1_10,1,disgust,0.9877001047134399,True
ViT,2660,1,disgust,contrast_0_90,1,disgust,0.9902411699295044,True
ViT,2660,1,disgust,contrast_1_10,1,disgust,0.9876428842544556,True
ViT,2661,2,fear,original,2,fear,0.89806067943573,True
ViT,2661,2,fear,rotation_minus_5,2,fear,0.941333532333374,True
ViT,2661,2,fear,rotation_plus_5,2,fear,0.9717279672622681,True
ViT,2661,2,fear,translate_minus_2,2,fear,0.6561193466186523,True
ViT,2661,2,fear,translate_plus_2,2,fear,0.4550149440765381,True
ViT,2661,2,fear,brightness_0_90,2,fear,0.9269289970397949,True
ViT,2661,2,fear,brightness_1_10,2,fear,0.9203800559043884,True
ViT,2661,2,fear,contrast_0_90,2,fear,0.8963055610656738,True
ViT,2661,2,fear,contrast_1_10,2,fear,0.9143605828285217,True
ViT,2667,3,happy,original,3,happy,0.9952829480171204,True
ViT,2667,3,happy,rotation_minus_5,3,happy,0.9925013184547424,True
ViT,2667,3,happy,rotation_plus_5,3,happy,0.9947910308837891,True
ViT,2667,3,happy,translate_minus_2,3,happy,0.9920616149902344,True
ViT,2667,3,happy,translate_plus_2,3,happy,0.9941107630729675,True
ViT,2667,3,happy,brightness_0_90,3,happy,0.9947525262832642,True
ViT,2667,3,happy,brightness_1_10,3,happy,0.9954873919487,True
ViT,2667,3,happy,contrast_0_90,3,happy,0.9952414035797119,True
ViT,2667,3,happy,contrast_1_10,3,happy,0.9953293800354004,True
ViT,2670,2,fear,original,2,fear,0.982179582118988,True
ViT,2670,2,fear,rotation_minus_5,4,sad,0.7509132623672485,False
ViT,2670,2,fear,rotation_plus_5,4,sad,0.9199844002723694,False
ViT,2670,2,fear,translate_minus_2,2,fear,0.9258890151977539,True
ViT,2670,2,fear,translate_plus_2,2,fear,0.9106231927871704,True
ViT,2670,2,fear,brightness_0_90,2,fear,0.9809672236442566,True
ViT,2670,2,fear,brightness_1_10,2,fear,0.9826816916465759,True
ViT,2670,2,fear,contrast_0_90,2,fear,0.9826872944831848,True
ViT,2670,2,fear,contrast_1_10,2,fear,0.9794402718544006,True
ViT,2697,3,happy,original,3,happy,0.9923046231269836,True
ViT,2697,3,happy,rotation_minus_5,3,happy,0.9929567575454712,True
ViT,2697,3,happy,rotation_plus_5,3,happy,0.45635107159614563,True
ViT,2697,3,happy,translate_minus_2,3,happy,0.9905545115470886,True
ViT,2697,3,happy,translate_plus_2,3,happy,0.988887369632721,True
ViT,2697,3,happy,brightness_0_90,3,happy,0.9922077059745789,True
ViT,2697,3,happy,brightness_1_10,3,happy,0.9918757677078247,True
ViT,2697,3,happy,contrast_0_90,3,happy,0.992793083190918,True
ViT,2697,3,happy,contrast_1_10,3,happy,0.9915887713432312,True
ViT,2700,4,sad,original,4,sad,0.987436056137085,True
ViT,2700,4,sad,rotation_minus_5,4,sad,0.9861451387405396,True
ViT,2700,4,sad,rotation_plus_5,4,sad,0.9854017496109009,True
ViT,2700,4,sad,translate_minus_2,4,sad,0.988519012928009,True
ViT,2700,4,sad,translate_plus_2,4,sad,0.9886354207992554,True
ViT,2700,4,sad,brightness_0_90,4,sad,0.9873780608177185,True
ViT,2700,4,sad,brightness_1_10,4,sad,0.9871578812599182,True
ViT,2700,4,sad,contrast_0_90,4,sad,0.987092912197113,True
ViT,2700,4,sad,contrast_1_10,4,sad,0.9874746203422546,True
ViT,2713,4,sad,original,4,sad,0.968062698841095,True
ViT,2713,4,sad,rotation_minus_5,4,sad,0.9580078721046448,True
ViT,2713,4,sad,rotation_plus_5,4,sad,0.8653750419616699,True
ViT,2713,4,sad,translate_minus_2,6,neutral,0.7119134068489075,False
ViT,2713,4,sad,translate_plus_2,6,neutral,0.7384095788002014,False
ViT,2713,4,sad,brightness_0_90,4,sad,0.9603783488273621,True
ViT,2713,4,sad,brightness_1_10,4,sad,0.9785791039466858,True
ViT,2713,4,sad,contrast_0_90,4,sad,0.9633305072784424,True
ViT,2713,4,sad,contrast_1_10,4,sad,0.9737049341201782,True
ViT,2715,0,angry,original,0,angry,0.9897116422653198,True
ViT,2715,0,angry,rotation_minus_5,0,angry,0.9894668459892273,True
ViT,2715,0,angry,rotation_plus_5,0,angry,0.9876419305801392,True
ViT,2715,0,angry,translate_minus_2,0,angry,0.9825118780136108,True
ViT,2715,0,angry,translate_plus_2,0,angry,0.9847869277000427,True
ViT,2715,0,angry,brightness_0_90,0,angry,0.9892643094062805,True
ViT,2715,0,angry,brightness_1_10,0,angry,0.9892925024032593,True
ViT,2715,0,angry,contrast_0_90,0,angry,0.9895106554031372,True
ViT,2715,0,angry,contrast_1_10,0,angry,0.9897331595420837,True
ViT,2717,1,disgust,original,1,disgust,0.9873297214508057,True
ViT,2717,1,disgust,rotation_minus_5,1,disgust,0.641038715839386,True
ViT,2717,1,disgust,rotation_plus_5,1,disgust,0.9267860054969788,True
ViT,2717,1,disgust,translate_minus_2,1,disgust,0.9150187373161316,True
ViT,2717,1,disgust,translate_plus_2,1,disgust,0.8885167241096497,True
ViT,2717,1,disgust,brightness_0_90,1,disgust,0.9872465133666992,True
ViT,2717,1,disgust,brightness_1_10,1,disgust,0.9871718287467957,True
ViT,2717,1,disgust,contrast_0_90,1,disgust,0.9877654314041138,True
ViT,2717,1,disgust,contrast_1_10,1,disgust,0.9846854209899902,True
ViT,2734,2,fear,original,4,sad,0.978164792060852,False
ViT,2734,2,fear,rotation_minus_5,4,sad,0.9804532527923584,False
ViT,2734,2,fear,rotation_plus_5,4,sad,0.9781787991523743,False
ViT,2734,2,fear,translate_minus_2,4,sad,0.7900906205177307,False
ViT,2734,2,fear,translate_plus_2,2,fear,0.6054986715316772,True
ViT,2734,2,fear,brightness_0_90,4,sad,0.9791218638420105,False
ViT,2734,2,fear,brightness_1_10,4,sad,0.9747827649116516,False
ViT,2734,2,fear,contrast_0_90,4,sad,0.9761629104614258,False
ViT,2734,2,fear,contrast_1_10,4,sad,0.9800695180892944,False
ViT,2740,2,fear,original,2,fear,0.9906963109970093,True
ViT,2740,2,fear,rotation_minus_5,2,fear,0.5011671781539917,True
ViT,2740,2,fear,rotation_plus_5,2,fear,0.9898172616958618,True
ViT,2740,2,fear,translate_minus_2,2,fear,0.9899635910987854,True
ViT,2740,2,fear,translate_plus_2,2,fear,0.9859078526496887,True
ViT,2740,2,fear,brightness_0_90,2,fear,0.990605890750885,True
ViT,2740,2,fear,brightness_1_10,2,fear,0.9907007217407227,True
ViT,2740,2,fear,contrast_0_90,2,fear,0.9907628893852234,True
ViT,2740,2,fear,contrast_1_10,2,fear,0.9906221032142639,True
ViT,2753,0,angry,original,4,sad,0.6512265801429749,False
ViT,2753,0,angry,rotation_minus_5,0,angry,0.5432806015014648,True
ViT,2753,0,angry,rotation_plus_5,4,sad,0.8444936275482178,False
ViT,2753,0,angry,translate_minus_2,4,sad,0.9751093983650208,False
ViT,2753,0,angry,translate_plus_2,4,sad,0.9484958052635193,False
ViT,2753,0,angry,brightness_0_90,0,angry,0.606130063533783,True
ViT,2753,0,angry,brightness_1_10,4,sad,0.6729483008384705,False
ViT,2753,0,angry,contrast_0_90,4,sad,0.739284098148346,False
ViT,2753,0,angry,contrast_1_10,4,sad,0.5112565159797668,False
ViT,2761,0,angry,original,0,angry,0.9840487241744995,True
ViT,2761,0,angry,rotation_minus_5,0,angry,0.9870784282684326,True
ViT,2761,0,angry,rotation_plus_5,0,angry,0.9905211925506592,True
ViT,2761,0,angry,translate_minus_2,0,angry,0.9900828003883362,True
ViT,2761,0,angry,translate_plus_2,0,angry,0.9905038475990295,True
ViT,2761,0,angry,brightness_0_90,0,angry,0.9839262366294861,True
ViT,2761,0,angry,brightness_1_10,0,angry,0.9841704368591309,True
ViT,2761,0,angry,contrast_0_90,0,angry,0.9843735694885254,True
ViT,2761,0,angry,contrast_1_10,0,angry,0.9825813174247742,True
ViT,2784,3,happy,original,3,happy,0.9947328567504883,True
ViT,2784,3,happy,rotation_minus_5,3,happy,0.9933276176452637,True
ViT,2784,3,happy,rotation_plus_5,3,happy,0.9933479428291321,True
ViT,2784,3,happy,translate_minus_2,3,happy,0.9952616691589355,True
ViT,2784,3,happy,translate_plus_2,3,happy,0.9953444600105286,True
ViT,2784,3,happy,brightness_0_90,3,happy,0.9946714043617249,True
ViT,2784,3,happy,brightness_1_10,3,happy,0.9951272010803223,True
ViT,2784,3,happy,contrast_0_90,3,happy,0.9945666790008545,True
ViT,2784,3,happy,contrast_1_10,3,happy,0.9949422478675842,True
ViT,2794,0,angry,original,0,angry,0.6184658408164978,True
ViT,2794,0,angry,rotation_minus_5,2,fear,0.9243147373199463,False
ViT,2794,0,angry,rotation_plus_5,2,fear,0.7592794895172119,False
ViT,2794,0,angry,translate_minus_2,0,angry,0.5119802355766296,True
ViT,2794,0,angry,translate_plus_2,2,fear,0.6262382864952087,False
ViT,2794,0,angry,brightness_0_90,0,angry,0.7097638249397278,True
ViT,2794,0,angry,brightness_1_10,0,angry,0.5080291032791138,True
ViT,2794,0,angry,contrast_0_90,0,angry,0.727502703666687,True
ViT,2794,0,angry,contrast_1_10,0,angry,0.5936288833618164,True
ViT,2807,4,sad,original,4,sad,0.973111093044281,True
ViT,2807,4,sad,rotation_minus_5,4,sad,0.9829793572425842,True
ViT,2807,4,sad,rotation_plus_5,4,sad,0.9829163551330566,True
ViT,2807,4,sad,translate_minus_2,4,sad,0.9841779470443726,True
ViT,2807,4,sad,translate_plus_2,4,sad,0.977850079536438,True
ViT,2807,4,sad,brightness_0_90,4,sad,0.976207971572876,True
ViT,2807,4,sad,brightness_1_10,4,sad,0.9604699611663818,True
ViT,2807,4,sad,contrast_0_90,4,sad,0.9720583558082581,True
ViT,2807,4,sad,contrast_1_10,4,sad,0.9691492319107056,True
ViT,2867,4,sad,original,4,sad,0.9775770306587219,True
ViT,2867,4,sad,rotation_minus_5,4,sad,0.9832122921943665,True
ViT,2867,4,sad,rotation_plus_5,4,sad,0.9722474217414856,True
ViT,2867,4,sad,translate_minus_2,4,sad,0.9719316363334656,True
ViT,2867,4,sad,translate_plus_2,4,sad,0.9834957718849182,True
ViT,2867,4,sad,brightness_0_90,4,sad,0.9782020449638367,True
ViT,2867,4,sad,brightness_1_10,4,sad,0.9734821915626526,True
ViT,2867,4,sad,contrast_0_90,4,sad,0.9728533625602722,True
ViT,2867,4,sad,contrast_1_10,4,sad,0.9789077639579773,True
ViT,2889,0,angry,original,6,neutral,0.3851930499076843,False
ViT,2889,0,angry,rotation_minus_5,4,sad,0.7265481948852539,False
ViT,2889,0,angry,rotation_plus_5,4,sad,0.7683287858963013,False
ViT,2889,0,angry,translate_minus_2,2,fear,0.685674250125885,False
ViT,2889,0,angry,translate_plus_2,2,fear,0.5359618663787842,False
ViT,2889,0,angry,brightness_0_90,2,fear,0.3474811017513275,False
ViT,2889,0,angry,brightness_1_10,6,neutral,0.7909014225006104,False
ViT,2889,0,angry,contrast_0_90,2,fear,0.33565670251846313,False
ViT,2889,0,angry,contrast_1_10,6,neutral,0.651999831199646,False
ViT,2897,4,sad,original,4,sad,0.9818534255027771,True
ViT,2897,4,sad,rotation_minus_5,4,sad,0.9871439337730408,True
ViT,2897,4,sad,rotation_plus_5,4,sad,0.9857895970344543,True
ViT,2897,4,sad,translate_minus_2,4,sad,0.9850395917892456,True
ViT,2897,4,sad,translate_plus_2,4,sad,0.9799385070800781,True
ViT,2897,4,sad,brightness_0_90,4,sad,0.9800641536712646,True
ViT,2897,4,sad,brightness_1_10,4,sad,0.9833646416664124,True
ViT,2897,4,sad,contrast_0_90,4,sad,0.9781944155693054,True
ViT,2897,4,sad,contrast_1_10,4,sad,0.98372882604599,True
ViT,2905,6,neutral,original,6,neutral,0.9900671243667603,True
ViT,2905,6,neutral,rotation_minus_5,6,neutral,0.9868178367614746,True
ViT,2905,6,neutral,rotation_plus_5,6,neutral,0.9902370572090149,True
ViT,2905,6,neutral,translate_minus_2,6,neutral,0.9908289909362793,True
ViT,2905,6,neutral,translate_plus_2,6,neutral,0.9906469583511353,True
ViT,2905,6,neutral,brightness_0_90,6,neutral,0.9902331829071045,True
ViT,2905,6,neutral,brightness_1_10,6,neutral,0.9903291463851929,True
ViT,2905,6,neutral,contrast_0_90,6,neutral,0.9902760982513428,True
ViT,2905,6,neutral,contrast_1_10,6,neutral,0.9902563095092773,True
ViT,2906,4,sad,original,4,sad,0.9636952877044678,True
ViT,2906,4,sad,rotation_minus_5,4,sad,0.9846924543380737,True
ViT,2906,4,sad,rotation_plus_5,4,sad,0.9801878929138184,True
ViT,2906,4,sad,translate_minus_2,4,sad,0.9846998453140259,True
ViT,2906,4,sad,translate_plus_2,4,sad,0.9879959225654602,True
ViT,2906,4,sad,brightness_0_90,4,sad,0.9670722484588623,True
ViT,2906,4,sad,brightness_1_10,4,sad,0.9602991938591003,True
ViT,2906,4,sad,contrast_0_90,4,sad,0.9558380842208862,True
ViT,2906,4,sad,contrast_1_10,4,sad,0.9677689671516418,True
ViT,2917,3,happy,original,3,happy,0.9938641786575317,True
ViT,2917,3,happy,rotation_minus_5,3,happy,0.9827174544334412,True
ViT,2917,3,happy,rotation_plus_5,3,happy,0.9358825087547302,True
ViT,2917,3,happy,translate_minus_2,3,happy,0.9926407933235168,True
ViT,2917,3,happy,translate_plus_2,3,happy,0.9916762113571167,True
ViT,2917,3,happy,brightness_0_90,3,happy,0.9935144186019897,True
ViT,2917,3,happy,brightness_1_10,3,happy,0.994517982006073,True
ViT,2917,3,happy,contrast_0_90,3,happy,0.9935418367385864,True
ViT,2917,3,happy,contrast_1_10,3,happy,0.9943373799324036,True
ViT,2939,5,surprise,original,5,surprise,0.9520435333251953,True
ViT,2939,5,surprise,rotation_minus_5,5,surprise,0.4965907633304596,True
ViT,2939,5,surprise,rotation_plus_5,5,surprise,0.790733277797699,True
ViT,2939,5,surprise,translate_minus_2,5,surprise,0.8597973585128784,True
ViT,2939,5,surprise,translate_plus_2,5,surprise,0.7759355902671814,True
ViT,2939,5,surprise,brightness_0_90,5,surprise,0.9712089896202087,True
ViT,2939,5,surprise,brightness_1_10,5,surprise,0.9465945363044739,True
ViT,2939,5,surprise,contrast_0_90,5,surprise,0.9662471413612366,True
ViT,2939,5,surprise,contrast_1_10,5,surprise,0.9367420077323914,True
ViT,2966,5,surprise,original,5,surprise,0.993506908416748,True
ViT,2966,5,surprise,rotation_minus_5,5,surprise,0.9895049333572388,True
ViT,2966,5,surprise,rotation_plus_5,5,surprise,0.990024209022522,True
ViT,2966,5,surprise,translate_minus_2,5,surprise,0.9935504198074341,True
ViT,2966,5,surprise,translate_plus_2,5,surprise,0.9932130575180054,True
ViT,2966,5,surprise,brightness_0_90,5,surprise,0.9933308959007263,True
ViT,2966,5,surprise,brightness_1_10,5,surprise,0.9935312867164612,True
ViT,2966,5,surprise,contrast_0_90,5,surprise,0.9931261539459229,True
ViT,2966,5,surprise,contrast_1_10,5,surprise,0.9936936497688293,True
ViT,2976,2,fear,original,5,surprise,0.9847800731658936,False
ViT,2976,2,fear,rotation_minus_5,2,fear,0.834060549736023,True
ViT,2976,2,fear,rotation_plus_5,5,surprise,0.9721986055374146,False
ViT,2976,2,fear,translate_minus_2,5,surprise,0.9611002802848816,False
ViT,2976,2,fear,translate_plus_2,5,surprise,0.8404690623283386,False
ViT,2976,2,fear,brightness_0_90,5,surprise,0.9891202449798584,False
ViT,2976,2,fear,brightness_1_10,5,surprise,0.9767747521400452,False
ViT,2976,2,fear,contrast_0_90,5,surprise,0.9825173020362854,False
ViT,2976,2,fear,contrast_1_10,5,surprise,0.9858198165893555,False
ViT,2998,1,disgust,original,1,disgust,0.9360800981521606,True
ViT,2998,1,disgust,rotation_minus_5,4,sad,0.44928833842277527,False
ViT,2998,1,disgust,rotation_plus_5,4,sad,0.9517021179199219,False
ViT,2998,1,disgust,translate_minus_2,0,angry,0.677459716796875,False
ViT,2998,1,disgust,translate_plus_2,4,sad,0.6226630210876465,False
ViT,2998,1,disgust,brightness_0_90,1,disgust,0.9119089841842651,True
ViT,2998,1,disgust,brightness_1_10,1,disgust,0.9500307440757751,True
ViT,2998,1,disgust,contrast_0_90,1,disgust,0.9347054958343506,True
ViT,2998,1,disgust,contrast_1_10,1,disgust,0.9420052766799927,True
ViT,3002,0,angry,original,0,angry,0.8583430647850037,True
ViT,3002,0,angry,rotation_minus_5,3,happy,0.8919909000396729,False
ViT,3002,0,angry,rotation_plus_5,0,angry,0.5192197561264038,True
ViT,3002,0,angry,translate_minus_2,3,happy,0.7352030277252197,False
ViT,3002,0,angry,translate_plus_2,0,angry,0.9201885461807251,True
ViT,3002,0,angry,brightness_0_90,0,angry,0.8616629242897034,True
ViT,3002,0,angry,brightness_1_10,0,angry,0.7501195669174194,True
ViT,3002,0,angry,contrast_0_90,0,angry,0.8695312738418579,True
ViT,3002,0,angry,contrast_1_10,0,angry,0.857612133026123,True
ViT,3008,6,neutral,original,6,neutral,0.9092012643814087,True
ViT,3008,6,neutral,rotation_minus_5,4,sad,0.45591986179351807,False
ViT,3008,6,neutral,rotation_plus_5,4,sad,0.4840739667415619,False
ViT,3008,6,neutral,translate_minus_2,4,sad,0.5733322501182556,False
ViT,3008,6,neutral,translate_plus_2,6,neutral,0.9898938536643982,True
ViT,3008,6,neutral,brightness_0_90,6,neutral,0.8808999061584473,True
ViT,3008,6,neutral,brightness_1_10,6,neutral,0.9159340858459473,True
ViT,3008,6,neutral,contrast_0_90,6,neutral,0.8777713775634766,True
ViT,3008,6,neutral,contrast_1_10,6,neutral,0.9096114635467529,True
ViT,3009,0,angry,original,0,angry,0.9887357354164124,True
ViT,3009,0,angry,rotation_minus_5,0,angry,0.9898431897163391,True
ViT,3009,0,angry,rotation_plus_5,0,angry,0.9845057129859924,True
ViT,3009,0,angry,translate_minus_2,0,angry,0.9898645281791687,True
ViT,3009,0,angry,translate_plus_2,0,angry,0.9913049936294556,True
ViT,3009,0,angry,brightness_0_90,0,angry,0.9885208606719971,True
ViT,3009,0,angry,brightness_1_10,0,angry,0.989777147769928,True
ViT,3009,0,angry,contrast_0_90,0,angry,0.9879337549209595,True
ViT,3009,0,angry,contrast_1_10,0,angry,0.9896466135978699,True
ViT,3014,1,disgust,original,4,sad,0.32499799132347107,False
ViT,3014,1,disgust,rotation_minus_5,4,sad,0.5866016745567322,False
ViT,3014,1,disgust,rotation_plus_5,4,sad,0.7728943228721619,False
ViT,3014,1,disgust,translate_minus_2,4,sad,0.5590007305145264,False
ViT,3014,1,disgust,translate_plus_2,6,neutral,0.9191758036613464,False
ViT,3014,1,disgust,brightness_0_90,4,sad,0.410872220993042,False
ViT,3014,1,disgust,brightness_1_10,0,angry,0.46157780289649963,False
ViT,3014,1,disgust,contrast_0_90,1,disgust,0.47943609952926636,True
ViT,3014,1,disgust,contrast_1_10,4,sad,0.5169824957847595,False
ViT,3015,0,angry,original,0,angry,0.9889394640922546,True
ViT,3015,0,angry,rotation_minus_5,0,angry,0.986286461353302,True
ViT,3015,0,angry,rotation_plus_5,0,angry,0.9875593781471252,True
ViT,3015,0,angry,translate_minus_2,0,angry,0.9888427257537842,True
ViT,3015,0,angry,translate_plus_2,0,angry,0.9861084818840027,True
ViT,3015,0,angry,brightness_0_90,0,angry,0.9890735745429993,True
ViT,3015,0,angry,brightness_1_10,0,angry,0.9890843033790588,True
ViT,3015,0,angry,contrast_0_90,0,angry,0.9886273741722107,True
ViT,3015,0,angry,contrast_1_10,0,angry,0.9891775250434875,True
ViT,3018,5,surprise,original,5,surprise,0.9914364218711853,True
ViT,3018,5,surprise,rotation_minus_5,5,surprise,0.9856711030006409,True
ViT,3018,5,surprise,rotation_plus_5,2,fear,0.8446874618530273,False
ViT,3018,5,surprise,translate_minus_2,5,surprise,0.991496741771698,True
ViT,3018,5,surprise,translate_plus_2,5,surprise,0.9896955490112305,True
ViT,3018,5,surprise,brightness_0_90,5,surprise,0.9877852201461792,True
ViT,3018,5,surprise,brightness_1_10,5,surprise,0.9928010702133179,True
ViT,3018,5,surprise,contrast_0_90,5,surprise,0.9910144209861755,True
ViT,3018,5,surprise,contrast_1_10,5,surprise,0.9915927648544312,True
ViT,3019,0,angry,original,6,neutral,0.9760121703147888,False
ViT,3019,0,angry,rotation_minus_5,4,sad,0.9217872619628906,False
ViT,3019,0,angry,rotation_plus_5,6,neutral,0.5450988411903381,False
ViT,3019,0,angry,translate_minus_2,4,sad,0.7971131801605225,False
ViT,3019,0,angry,translate_plus_2,4,sad,0.5130011439323425,False
ViT,3019,0,angry,brightness_0_90,6,neutral,0.9426435828208923,False
ViT,3019,0,angry,brightness_1_10,6,neutral,0.9826229810714722,False
ViT,3019,0,angry,contrast_0_90,6,neutral,0.9709861874580383,False
ViT,3019,0,angry,contrast_1_10,6,neutral,0.980043888092041,False
ViT,3033,6,neutral,original,4,sad,0.986770749092102,False
ViT,3033,6,neutral,rotation_minus_5,4,sad,0.9880672693252563,False
ViT,3033,6,neutral,rotation_plus_5,4,sad,0.9880898594856262,False
ViT,3033,6,neutral,translate_minus_2,4,sad,0.981566309928894,False
ViT,3033,6,neutral,translate_plus_2,4,sad,0.9667978286743164,False
ViT,3033,6,neutral,brightness_0_90,4,sad,0.9880499243736267,False
ViT,3033,6,neutral,brightness_1_10,4,sad,0.9818317890167236,False
ViT,3033,6,neutral,contrast_0_90,4,sad,0.9877763986587524,False
ViT,3033,6,neutral,contrast_1_10,4,sad,0.9853459596633911,False
ViT,3072,3,happy,original,3,happy,0.989262044429779,True
ViT,3072,3,happy,rotation_minus_5,0,angry,0.5439708232879639,False
ViT,3072,3,happy,rotation_plus_5,0,angry,0.9640039205551147,False
ViT,3072,3,happy,translate_minus_2,3,happy,0.9756754636764526,True
ViT,3072,3,happy,translate_plus_2,3,happy,0.9924692511558533,True
ViT,3072,3,happy,brightness_0_90,3,happy,0.991174042224884,True
ViT,3072,3,happy,brightness_1_10,3,happy,0.9899307489395142,True
ViT,3072,3,happy,contrast_0_90,3,happy,0.9911535382270813,True
ViT,3072,3,happy,contrast_1_10,3,happy,0.9852816462516785,True
ViT,3078,1,disgust,original,1,disgust,0.957192599773407,True
ViT,3078,1,disgust,rotation_minus_5,0,angry,0.9134722948074341,False
ViT,3078,1,disgust,rotation_plus_5,0,angry,0.9897359609603882,False
ViT,3078,1,disgust,translate_minus_2,1,disgust,0.964870035648346,True
ViT,3078,1,disgust,translate_plus_2,0,angry,0.7945395708084106,False
ViT,3078,1,disgust,brightness_0_90,1,disgust,0.934027373790741,True
ViT,3078,1,disgust,brightness_1_10,1,disgust,0.9557780623435974,True
ViT,3078,1,disgust,contrast_0_90,1,disgust,0.9618750214576721,True
ViT,3078,1,disgust,contrast_1_10,1,disgust,0.9439057111740112,True
ViT,3089,5,surprise,original,5,surprise,0.9638565182685852,True
ViT,3089,5,surprise,rotation_minus_5,2,fear,0.696370542049408,False
ViT,3089,5,surprise,rotation_plus_5,2,fear,0.6609833836555481,False
ViT,3089,5,surprise,translate_minus_2,5,surprise,0.8910010457038879,True
ViT,3089,5,surprise,translate_plus_2,5,surprise,0.8743926286697388,True
ViT,3089,5,surprise,brightness_0_90,5,surprise,0.9614794254302979,True
ViT,3089,5,surprise,brightness_1_10,5,surprise,0.92925626039505,True
ViT,3089,5,surprise,contrast_0_90,5,surprise,0.9259663820266724,True
ViT,3089,5,surprise,contrast_1_10,5,surprise,0.9742168188095093,True
ViT,3092,5,surprise,original,5,surprise,0.989531397819519,True
ViT,3092,5,surprise,rotation_minus_5,5,surprise,0.708093523979187,True
ViT,3092,5,surprise,rotation_plus_5,5,surprise,0.538318395614624,True
ViT,3092,5,surprise,translate_minus_2,5,surprise,0.9896219968795776,True
ViT,3092,5,surprise,translate_plus_2,5,surprise,0.9903349876403809,True
ViT,3092,5,surprise,brightness_0_90,5,surprise,0.990284264087677,True
ViT,3092,5,surprise,brightness_1_10,5,surprise,0.9882070422172546,True
ViT,3092,5,surprise,contrast_0_90,5,surprise,0.9898562431335449,True
ViT,3092,5,surprise,contrast_1_10,5,surprise,0.9891564846038818,True
ViT,3093,1,disgust,original,1,disgust,0.9868074059486389,True
ViT,3093,1,disgust,rotation_minus_5,1,disgust,0.4579820930957794,True
ViT,3093,1,disgust,rotation_plus_5,4,sad,0.8899616599082947,False
ViT,3093,1,disgust,translate_minus_2,4,sad,0.4649779796600342,False
ViT,3093,1,disgust,translate_plus_2,1,disgust,0.9555944800376892,True
ViT,3093,1,disgust,brightness_0_90,1,disgust,0.9859468340873718,True
ViT,3093,1,disgust,brightness_1_10,1,disgust,0.9875041842460632,True
ViT,3093,1,disgust,contrast_0_90,1,disgust,0.9860543608665466,True
ViT,3093,1,disgust,contrast_1_10,1,disgust,0.9875546097755432,True
ViT,3099,4,sad,original,4,sad,0.976876437664032,True
ViT,3099,4,sad,rotation_minus_5,4,sad,0.9416472315788269,True
ViT,3099,4,sad,rotation_plus_5,4,sad,0.9107238054275513,True
ViT,3099,4,sad,translate_minus_2,4,sad,0.972156822681427,True
ViT,3099,4,sad,translate_plus_2,4,sad,0.9848745465278625,True
ViT,3099,4,sad,brightness_0_90,4,sad,0.978262186050415,True
ViT,3099,4,sad,brightness_1_10,4,sad,0.9784326553344727,True
ViT,3099,4,sad,contrast_0_90,4,sad,0.9729595184326172,True
ViT,3099,4,sad,contrast_1_10,4,sad,0.9817824959754944,True
ViT,3101,5,surprise,original,3,happy,0.8820250034332275,False
ViT,3101,5,surprise,rotation_minus_5,3,happy,0.9825103878974915,False
ViT,3101,5,surprise,rotation_plus_5,6,neutral,0.9016004800796509,False
ViT,3101,5,surprise,translate_minus_2,3,happy,0.7105066180229187,False
ViT,3101,5,surprise,translate_plus_2,3,happy,0.940998375415802,False
ViT,3101,5,surprise,brightness_0_90,3,happy,0.9318123459815979,False
ViT,3101,5,surprise,brightness_1_10,3,happy,0.7589073777198792,False
ViT,3101,5,surprise,contrast_0_90,3,happy,0.9060043096542358,False
ViT,3101,5,surprise,contrast_1_10,3,happy,0.8398839235305786,False
ViT,3106,3,happy,original,3,happy,0.9958143830299377,True
ViT,3106,3,happy,rotation_minus_5,3,happy,0.9952675104141235,True
ViT,3106,3,happy,rotation_plus_5,3,happy,0.9955358505249023,True
ViT,3106,3,happy,translate_minus_2,3,happy,0.9956796765327454,True
ViT,3106,3,happy,translate_plus_2,3,happy,0.9956018924713135,True
ViT,3106,3,happy,brightness_0_90,3,happy,0.9956483244895935,True
ViT,3106,3,happy,brightness_1_10,3,happy,0.9957362413406372,True
ViT,3106,3,happy,contrast_0_90,3,happy,0.9957821369171143,True
ViT,3106,3,happy,contrast_1_10,3,happy,0.9958512783050537,True
ViT,3108,1,disgust,original,0,angry,0.9858193397521973,False
ViT,3108,1,disgust,rotation_minus_5,0,angry,0.989017128944397,False
ViT,3108,1,disgust,rotation_plus_5,0,angry,0.9844446182250977,False
ViT,3108,1,disgust,translate_minus_2,0,angry,0.9807279109954834,False
ViT,3108,1,disgust,translate_plus_2,0,angry,0.9854702949523926,False
ViT,3108,1,disgust,brightness_0_90,0,angry,0.9841786026954651,False
ViT,3108,1,disgust,brightness_1_10,0,angry,0.9857693314552307,False
ViT,3108,1,disgust,contrast_0_90,0,angry,0.9858400821685791,False
ViT,3108,1,disgust,contrast_1_10,0,angry,0.9859158992767334,False
ViT,3111,1,disgust,original,1,disgust,0.8742707967758179,True
ViT,3111,1,disgust,rotation_minus_5,1,disgust,0.9755504131317139,True
ViT,3111,1,disgust,rotation_plus_5,1,disgust,0.659422755241394,True
ViT,3111,1,disgust,translate_minus_2,0,angry,0.5548132061958313,False
ViT,3111,1,disgust,translate_plus_2,0,angry,0.690055251121521,False
ViT,3111,1,disgust,brightness_0_90,1,disgust,0.6096169352531433,True
ViT,3111,1,disgust,brightness_1_10,1,disgust,0.9066582322120667,True
ViT,3111,1,disgust,contrast_0_90,1,disgust,0.8885339498519897,True
ViT,3111,1,disgust,contrast_1_10,1,disgust,0.9029456377029419,True
ViT,3126,6,neutral,original,5,surprise,0.48124873638153076,False
ViT,3126,6,neutral,rotation_minus_5,6,neutral,0.9739314317703247,True
ViT,3126,6,neutral,rotation_plus_5,6,neutral,0.9750096797943115,True
ViT,3126,6,neutral,translate_minus_2,6,neutral,0.6039888858795166,True
ViT,3126,6,neutral,translate_plus_2,6,neutral,0.9803435802459717,True
ViT,3126,6,neutral,brightness_0_90,6,neutral,0.404360830783844,True
ViT,3126,6,neutral,brightness_1_10,5,surprise,0.5385890007019043,False
ViT,3126,6,neutral,contrast_0_90,5,surprise,0.4616440534591675,False
ViT,3126,6,neutral,contrast_1_10,6,neutral,0.51896733045578,True
ViT,3138,6,neutral,original,6,neutral,0.9179204702377319,True
ViT,3138,6,neutral,rotation_minus_5,6,neutral,0.9016122817993164,True
ViT,3138,6,neutral,rotation_plus_5,6,neutral,0.7593297958374023,True
ViT,3138,6,neutral,translate_minus_2,6,neutral,0.940076470375061,True
ViT,3138,6,neutral,translate_plus_2,6,neutral,0.9745511412620544,True
ViT,3138,6,neutral,brightness_0_90,6,neutral,0.9096928238868713,True
ViT,3138,6,neutral,brightness_1_10,6,neutral,0.9231727719306946,True
ViT,3138,6,neutral,contrast_0_90,6,neutral,0.9126573801040649,True
ViT,3138,6,neutral,contrast_1_10,6,neutral,0.9062900543212891,True
ViT,3141,0,angry,original,0,angry,0.9908450245857239,True
ViT,3141,0,angry,rotation_minus_5,0,angry,0.9919277429580688,True
ViT,3141,0,angry,rotation_plus_5,0,angry,0.9893529415130615,True
ViT,3141,0,angry,translate_minus_2,0,angry,0.9907752871513367,True
ViT,3141,0,angry,translate_plus_2,0,angry,0.991374671459198,True
ViT,3141,0,angry,brightness_0_90,0,angry,0.9906052947044373,True
ViT,3141,0,angry,brightness_1_10,0,angry,0.9908580183982849,True
ViT,3141,0,angry,contrast_0_90,0,angry,0.9903534650802612,True
ViT,3141,0,angry,contrast_1_10,0,angry,0.9908283948898315,True
ViT,3160,5,surprise,original,2,fear,0.9817479252815247,False
ViT,3160,5,surprise,rotation_minus_5,2,fear,0.9288917779922485,False
ViT,3160,5,surprise,rotation_plus_5,3,happy,0.4244286119937897,False
ViT,3160,5,surprise,translate_minus_2,2,fear,0.9800550937652588,False
ViT,3160,5,surprise,translate_plus_2,2,fear,0.974699854850769,False
ViT,3160,5,surprise,brightness_0_90,2,fear,0.9821875095367432,False
ViT,3160,5,surprise,brightness_1_10,2,fear,0.9768694043159485,False
ViT,3160,5,surprise,contrast_0_90,2,fear,0.9825446009635925,False
ViT,3160,5,surprise,contrast_1_10,2,fear,0.981287956237793,False
ViT,3166,6,neutral,original,6,neutral,0.9335653185844421,True
ViT,3166,6,neutral,rotation_minus_5,4,sad,0.8904832601547241,False
ViT,3166,6,neutral,rotation_plus_5,0,angry,0.4497564435005188,False
ViT,3166,6,neutral,translate_minus_2,4,sad,0.37138524651527405,False
ViT,3166,6,neutral,translate_plus_2,4,sad,0.6978783011436462,False
ViT,3166,6,neutral,brightness_0_90,6,neutral,0.7638538479804993,True
ViT,3166,6,neutral,brightness_1_10,6,neutral,0.974097490310669,True
ViT,3166,6,neutral,contrast_0_90,6,neutral,0.8527916669845581,True
ViT,3166,6,neutral,contrast_1_10,6,neutral,0.9634370803833008,True
ViT,3170,5,surprise,original,5,surprise,0.6379851698875427,True
ViT,3170,5,surprise,rotation_minus_5,2,fear,0.9496737718582153,False
ViT,3170,5,surprise,rotation_plus_5,2,fear,0.8559448719024658,False
ViT,3170,5,surprise,translate_minus_2,5,surprise,0.5154496431350708,True
ViT,3170,5,surprise,translate_plus_2,5,surprise,0.5390856862068176,True
ViT,3170,5,surprise,brightness_0_90,5,surprise,0.5686716437339783,True
ViT,3170,5,surprise,brightness_1_10,5,surprise,0.6628965139389038,True
ViT,3170,5,surprise,contrast_0_90,5,surprise,0.5603451132774353,True
ViT,3170,5,surprise,contrast_1_10,5,surprise,0.7704770565032959,True
ViT,3180,6,neutral,original,6,neutral,0.9826534390449524,True
ViT,3180,6,neutral,rotation_minus_5,6,neutral,0.9176353216171265,True
ViT,3180,6,neutral,rotation_plus_5,6,neutral,0.929763913154602,True
ViT,3180,6,neutral,translate_minus_2,6,neutral,0.9713888168334961,True
ViT,3180,6,neutral,translate_plus_2,6,neutral,0.9851744771003723,True
ViT,3180,6,neutral,brightness_0_90,6,neutral,0.9803115129470825,True
ViT,3180,6,neutral,brightness_1_10,6,neutral,0.9828922748565674,True
ViT,3180,6,neutral,contrast_0_90,6,neutral,0.9811223745346069,True
ViT,3180,6,neutral,contrast_1_10,6,neutral,0.9823333621025085,True
ViT,3182,2,fear,original,2,fear,0.9626777172088623,True
ViT,3182,2,fear,rotation_minus_5,2,fear,0.668256938457489,True
ViT,3182,2,fear,rotation_plus_5,4,sad,0.7301850318908691,False
ViT,3182,2,fear,translate_minus_2,4,sad,0.4862559735774994,False
ViT,3182,2,fear,translate_plus_2,4,sad,0.5815948843955994,False
ViT,3182,2,fear,brightness_0_90,2,fear,0.9624851942062378,True
ViT,3182,2,fear,brightness_1_10,2,fear,0.9641861915588379,True
ViT,3182,2,fear,contrast_0_90,2,fear,0.9585248827934265,True
ViT,3182,2,fear,contrast_1_10,2,fear,0.9646056294441223,True
ViT,3213,5,surprise,original,5,surprise,0.9934685230255127,True
ViT,3213,5,surprise,rotation_minus_5,5,surprise,0.992119550704956,True
ViT,3213,5,surprise,rotation_plus_5,5,surprise,0.9922687411308289,True
ViT,3213,5,surprise,translate_minus_2,5,surprise,0.9925300478935242,True
ViT,3213,5,surprise,translate_plus_2,5,surprise,0.9935804605484009,True
ViT,3213,5,surprise,brightness_0_90,5,surprise,0.9937392473220825,True
ViT,3213,5,surprise,brightness_1_10,5,surprise,0.9933822154998779,True
ViT,3213,5,surprise,contrast_0_90,5,surprise,0.9935595989227295,True
ViT,3213,5,surprise,contrast_1_10,5,surprise,0.9935083389282227,True
ViT,3232,5,surprise,original,3,happy,0.852047324180603,False
ViT,3232,5,surprise,rotation_minus_5,3,happy,0.6416525840759277,False
ViT,3232,5,surprise,rotation_plus_5,3,happy,0.6129740476608276,False
ViT,3232,5,surprise,translate_minus_2,3,happy,0.9206788539886475,False
ViT,3232,5,surprise,translate_plus_2,3,happy,0.9471158385276794,False
ViT,3232,5,surprise,brightness_0_90,3,happy,0.8720042705535889,False
ViT,3232,5,surprise,brightness_1_10,3,happy,0.8524039387702942,False
ViT,3232,5,surprise,contrast_0_90,3,happy,0.8892485499382019,False
ViT,3232,5,surprise,contrast_1_10,3,happy,0.814580500125885,False
ViT,3243,2,fear,original,2,fear,0.9698501229286194,True
ViT,3243,2,fear,rotation_minus_5,2,fear,0.6411023139953613,True
ViT,3243,2,fear,rotation_plus_5,2,fear,0.9555739164352417,True
ViT,3243,2,fear,translate_minus_2,2,fear,0.8516150712966919,True
ViT,3243,2,fear,translate_plus_2,2,fear,0.6487768292427063,True
ViT,3243,2,fear,brightness_0_90,2,fear,0.9685516953468323,True
ViT,3243,2,fear,brightness_1_10,2,fear,0.9703089594841003,True
ViT,3243,2,fear,contrast_0_90,2,fear,0.9720836877822876,True
ViT,3243,2,fear,contrast_1_10,2,fear,0.969697892665863,True
ViT,3262,0,angry,original,0,angry,0.9865503311157227,True
ViT,3262,0,angry,rotation_minus_5,0,angry,0.980769157409668,True
ViT,3262,0,angry,rotation_plus_5,0,angry,0.9717109799385071,True
ViT,3262,0,angry,translate_minus_2,0,angry,0.8499511480331421,True
ViT,3262,0,angry,translate_plus_2,0,angry,0.9690815210342407,True
ViT,3262,0,angry,brightness_0_90,0,angry,0.9882714152336121,True
ViT,3262,0,angry,brightness_1_10,0,angry,0.985925018787384,True
ViT,3262,0,angry,contrast_0_90,0,angry,0.9874153733253479,True
ViT,3262,0,angry,contrast_1_10,0,angry,0.9863910675048828,True
ViT,3300,3,happy,original,3,happy,0.9936975836753845,True
ViT,3300,3,happy,rotation_minus_5,3,happy,0.9868828654289246,True
ViT,3300,3,happy,rotation_plus_5,3,happy,0.9852315187454224,True
ViT,3300,3,happy,translate_minus_2,3,happy,0.9941658973693848,True
ViT,3300,3,happy,translate_plus_2,3,happy,0.994415283203125,True
ViT,3300,3,happy,brightness_0_90,3,happy,0.9939051270484924,True
ViT,3300,3,happy,brightness_1_10,3,happy,0.9932878613471985,True
ViT,3300,3,happy,contrast_0_90,3,happy,0.9929641485214233,True
ViT,3300,3,happy,contrast_1_10,3,happy,0.9940567016601562,True
ViT,3308,6,neutral,original,6,neutral,0.9465713500976562,True
ViT,3308,6,neutral,rotation_minus_5,4,sad,0.6533326506614685,False
ViT,3308,6,neutral,rotation_plus_5,6,neutral,0.9518716931343079,True
ViT,3308,6,neutral,translate_minus_2,2,fear,0.9816011190414429,False
ViT,3308,6,neutral,translate_plus_2,2,fear,0.6528548002243042,False
ViT,3308,6,neutral,brightness_0_90,6,neutral,0.9045462608337402,True
ViT,3308,6,neutral,brightness_1_10,6,neutral,0.9613214135169983,True
ViT,3308,6,neutral,contrast_0_90,6,neutral,0.894710123538971,True
ViT,3308,6,neutral,contrast_1_10,6,neutral,0.9694077372550964,True
ViT,3315,3,happy,original,3,happy,0.9944283962249756,True
ViT,3315,3,happy,rotation_minus_5,3,happy,0.9955364465713501,True
ViT,3315,3,happy,rotation_plus_5,3,happy,0.9942828416824341,True
ViT,3315,3,happy,translate_minus_2,3,happy,0.9957427382469177,True
ViT,3315,3,happy,translate_plus_2,3,happy,0.9955534338951111,True
ViT,3315,3,happy,brightness_0_90,3,happy,0.9951775074005127,True
ViT,3315,3,happy,brightness_1_10,3,happy,0.9933320879936218,True
ViT,3315,3,happy,contrast_0_90,3,happy,0.9947294592857361,True
ViT,3315,3,happy,contrast_1_10,3,happy,0.9939646124839783,True
ViT,3318,5,surprise,original,5,surprise,0.9543969631195068,True
ViT,3318,5,surprise,rotation_minus_5,2,fear,0.831237256526947,False
ViT,3318,5,surprise,rotation_plus_5,6,neutral,0.9624923467636108,False
ViT,3318,5,surprise,translate_minus_2,5,surprise,0.909958004951477,True
ViT,3318,5,surprise,translate_plus_2,2,fear,0.634215235710144,False
ViT,3318,5,surprise,brightness_0_90,5,surprise,0.8359947800636292,True
ViT,3318,5,surprise,brightness_1_10,5,surprise,0.8919387459754944,True
ViT,3318,5,surprise,contrast_0_90,5,surprise,0.8821403980255127,True
ViT,3318,5,surprise,contrast_1_10,5,surprise,0.9766085147857666,True
ViT,3321,0,angry,original,0,angry,0.9892010688781738,True
ViT,3321,0,angry,rotation_minus_5,0,angry,0.9797051548957825,True
ViT,3321,0,angry,rotation_plus_5,0,angry,0.9855318665504456,True
ViT,3321,0,angry,translate_minus_2,0,angry,0.9908985495567322,True
ViT,3321,0,angry,translate_plus_2,0,angry,0.9914687871932983,True
ViT,3321,0,angry,brightness_0_90,0,angry,0.9895657300949097,True
ViT,3321,0,angry,brightness_1_10,0,angry,0.9891917109489441,True
ViT,3321,0,angry,contrast_0_90,0,angry,0.9892351031303406,True
ViT,3321,0,angry,contrast_1_10,0,angry,0.9896558523178101,True
ViT,3341,4,sad,original,6,neutral,0.9175214767456055,False
ViT,3341,4,sad,rotation_minus_5,4,sad,0.8807063102722168,True
ViT,3341,4,sad,rotation_plus_5,4,sad,0.950867772102356,True
ViT,3341,4,sad,translate_minus_2,6,neutral,0.9460724592208862,False
ViT,3341,4,sad,translate_plus_2,6,neutral,0.9888027310371399,False
ViT,3341,4,sad,brightness_0_90,6,neutral,0.9372504353523254,False
ViT,3341,4,sad,brightness_1_10,6,neutral,0.9124366641044617,False
ViT,3341,4,sad,contrast_0_90,6,neutral,0.8952635526657104,False
ViT,3341,4,sad,contrast_1_10,6,neutral,0.925472617149353,False
ViT,3345,2,fear,original,2,fear,0.9799137115478516,True
ViT,3345,2,fear,rotation_minus_5,4,sad,0.7875939011573792,False
ViT,3345,2,fear,rotation_plus_5,4,sad,0.5911270976066589,False
ViT,3345,2,fear,translate_minus_2,2,fear,0.8850818276405334,True
ViT,3345,2,fear,translate_plus_2,2,fear,0.9765183329582214,True
ViT,3345,2,fear,brightness_0_90,2,fear,0.9753526449203491,True
ViT,3345,2,fear,brightness_1_10,2,fear,0.9807034730911255,True
ViT,3345,2,fear,contrast_0_90,2,fear,0.9770942330360413,True
ViT,3345,2,fear,contrast_1_10,2,fear,0.9804443120956421,True
ViT,3353,0,angry,original,0,angry,0.9911670088768005,True
ViT,3353,0,angry,rotation_minus_5,0,angry,0.9911051392555237,True
ViT,3353,0,angry,rotation_plus_5,0,angry,0.9906816482543945,True
ViT,3353,0,angry,translate_minus_2,0,angry,0.9908137917518616,True
ViT,3353,0,angry,translate_plus_2,0,angry,0.9896641373634338,True
ViT,3353,0,angry,brightness_0_90,0,angry,0.9913071990013123,True
ViT,3353,0,angry,brightness_1_10,0,angry,0.9912774562835693,True
ViT,3353,0,angry,contrast_0_90,0,angry,0.9911804795265198,True
ViT,3353,0,angry,contrast_1_10,0,angry,0.9911864399909973,True
ViT,3375,6,neutral,original,4,sad,0.9695694446563721,False
ViT,3375,6,neutral,rotation_minus_5,4,sad,0.9643527865409851,False
ViT,3375,6,neutral,rotation_plus_5,4,sad,0.8616129755973816,False
ViT,3375,6,neutral,translate_minus_2,4,sad,0.987450361251831,False
ViT,3375,6,neutral,translate_plus_2,4,sad,0.9816992282867432,False
ViT,3375,6,neutral,brightness_0_90,4,sad,0.9286890029907227,False
ViT,3375,6,neutral,brightness_1_10,4,sad,0.9760688543319702,False
ViT,3375,6,neutral,contrast_0_90,4,sad,0.9568120837211609,False
ViT,3375,6,neutral,contrast_1_10,4,sad,0.9757862687110901,False
ViT,3377,3,happy,original,3,happy,0.5791595578193665,True
ViT,3377,3,happy,rotation_minus_5,3,happy,0.5598295331001282,True
ViT,3377,3,happy,rotation_plus_5,3,happy,0.9887668490409851,True
ViT,3377,3,happy,translate_minus_2,0,angry,0.9469599723815918,False
ViT,3377,3,happy,translate_plus_2,0,angry,0.6692161560058594,False
ViT,3377,3,happy,brightness_0_90,3,happy,0.690655529499054,True
ViT,3377,3,happy,brightness_1_10,0,angry,0.71834796667099,False
ViT,3377,3,happy,contrast_0_90,3,happy,0.7356894016265869,True
ViT,3377,3,happy,contrast_1_10,0,angry,0.6862501502037048,False
ViT,3384,0,angry,original,0,angry,0.9369993209838867,True
ViT,3384,0,angry,rotation_minus_5,0,angry,0.9799205660820007,True
ViT,3384,0,angry,rotation_plus_5,0,angry,0.9737812280654907,True
ViT,3384,0,angry,translate_minus_2,0,angry,0.965743899345398,True
ViT,3384,0,angry,translate_plus_2,0,angry,0.9794955849647522,True
ViT,3384,0,angry,brightness_0_90,0,angry,0.892474889755249,True
ViT,3384,0,angry,brightness_1_10,0,angry,0.8735178709030151,True
ViT,3384,0,angry,contrast_0_90,0,angry,0.895918071269989,True
ViT,3384,0,angry,contrast_1_10,0,angry,0.965107262134552,True
ViT,3401,4,sad,original,4,sad,0.9871401190757751,True
ViT,3401,4,sad,rotation_minus_5,4,sad,0.9742801785469055,True
ViT,3401,4,sad,rotation_plus_5,4,sad,0.982961118221283,True
ViT,3401,4,sad,translate_minus_2,4,sad,0.9876205325126648,True
ViT,3401,4,sad,translate_plus_2,4,sad,0.9816583395004272,True
ViT,3401,4,sad,brightness_0_90,4,sad,0.9870657920837402,True
ViT,3401,4,sad,brightness_1_10,4,sad,0.9875122904777527,True
ViT,3401,4,sad,contrast_0_90,4,sad,0.9869378805160522,True
ViT,3401,4,sad,contrast_1_10,4,sad,0.9873780608177185,True
ViT,3432,2,fear,original,2,fear,0.9768573045730591,True
ViT,3432,2,fear,rotation_minus_5,4,sad,0.9451678991317749,False
ViT,3432,2,fear,rotation_plus_5,2,fear,0.6980875134468079,True
ViT,3432,2,fear,translate_minus_2,2,fear,0.61935955286026,True
ViT,3432,2,fear,translate_plus_2,4,sad,0.8234849572181702,False
ViT,3432,2,fear,brightness_0_90,2,fear,0.9751772284507751,True
ViT,3432,2,fear,brightness_1_10,2,fear,0.9737924933433533,True
ViT,3432,2,fear,contrast_0_90,2,fear,0.9715306162834167,True
ViT,3432,2,fear,contrast_1_10,2,fear,0.9809554219245911,True
ViT,3442,2,fear,original,5,surprise,0.8148287534713745,False
ViT,3442,2,fear,rotation_minus_5,2,fear,0.6388344764709473,True
ViT,3442,2,fear,rotation_plus_5,4,sad,0.9597781896591187,False
ViT,3442,2,fear,translate_minus_2,4,sad,0.944878876209259,False
ViT,3442,2,fear,translate_plus_2,4,sad,0.9164654612541199,False
ViT,3442,2,fear,brightness_0_90,2,fear,0.3818354308605194,True
ViT,3442,2,fear,brightness_1_10,5,surprise,0.8441126942634583,False
ViT,3442,2,fear,contrast_0_90,5,surprise,0.7152618765830994,False
ViT,3442,2,fear,contrast_1_10,5,surprise,0.8394805192947388,False
ViT,3445,2,fear,original,0,angry,0.29381057620048523,False
ViT,3445,2,fear,rotation_minus_5,0,angry,0.42209240794181824,False
ViT,3445,2,fear,rotation_plus_5,6,neutral,0.2983202636241913,False
ViT,3445,2,fear,translate_minus_2,0,angry,0.3772803843021393,False
ViT,3445,2,fear,translate_plus_2,5,surprise,0.30454322695732117,False
ViT,3445,2,fear,brightness_0_90,0,angry,0.2817282974720001,False
ViT,3445,2,fear,brightness_1_10,0,angry,0.23277364671230316,False
ViT,3445,2,fear,contrast_0_90,0,angry,0.26737070083618164,False
ViT,3445,2,fear,contrast_1_10,0,angry,0.32182228565216064,False
ViT,3450,6,neutral,original,6,neutral,0.9887384176254272,True
ViT,3450,6,neutral,rotation_minus_5,6,neutral,0.9872906804084778,True
ViT,3450,6,neutral,rotation_plus_5,6,neutral,0.975338876247406,True
ViT,3450,6,neutral,translate_minus_2,6,neutral,0.9897568821907043,True
ViT,3450,6,neutral,translate_plus_2,6,neutral,0.9896312355995178,True
ViT,3450,6,neutral,brightness_0_90,6,neutral,0.9885191321372986,True
ViT,3450,6,neutral,brightness_1_10,6,neutral,0.9890361428260803,True
ViT,3450,6,neutral,contrast_0_90,6,neutral,0.9888308644294739,True
ViT,3450,6,neutral,contrast_1_10,6,neutral,0.9886670708656311,True
ViT,3462,2,fear,original,4,sad,0.44703418016433716,False
ViT,3462,2,fear,rotation_minus_5,4,sad,0.9454787373542786,False
ViT,3462,2,fear,rotation_plus_5,4,sad,0.8309276700019836,False
ViT,3462,2,fear,translate_minus_2,2,fear,0.7049760222434998,True
ViT,3462,2,fear,translate_plus_2,2,fear,0.9567131400108337,True
ViT,3462,2,fear,brightness_0_90,2,fear,0.4548305869102478,True
ViT,3462,2,fear,brightness_1_10,4,sad,0.5896475315093994,False
ViT,3462,2,fear,contrast_0_90,2,fear,0.3294304311275482,True
ViT,3462,2,fear,contrast_1_10,4,sad,0.5760498046875,False
ViT,3466,6,neutral,original,6,neutral,0.8748423457145691,True
ViT,3466,6,neutral,rotation_minus_5,4,sad,0.8882161378860474,False
ViT,3466,6,neutral,rotation_plus_5,6,neutral,0.6258063316345215,True
ViT,3466,6,neutral,translate_minus_2,6,neutral,0.9161323308944702,True
ViT,3466,6,neutral,translate_plus_2,6,neutral,0.7747344970703125,True
ViT,3466,6,neutral,brightness_0_90,6,neutral,0.7704770565032959,True
ViT,3466,6,neutral,brightness_1_10,6,neutral,0.9115465879440308,True
ViT,3466,6,neutral,contrast_0_90,6,neutral,0.8166107535362244,True
ViT,3466,6,neutral,contrast_1_10,6,neutral,0.8468809127807617,True
ViT,3473,3,happy,original,3,happy,0.9955459833145142,True
ViT,3473,3,happy,rotation_minus_5,3,happy,0.9947829842567444,True
ViT,3473,3,happy,rotation_plus_5,3,happy,0.9938526153564453,True
ViT,3473,3,happy,translate_minus_2,3,happy,0.995735764503479,True
ViT,3473,3,happy,translate_plus_2,3,happy,0.9955969452857971,True
ViT,3473,3,happy,brightness_0_90,3,happy,0.9954620003700256,True
ViT,3473,3,happy,brightness_1_10,3,happy,0.9955346584320068,True
ViT,3473,3,happy,contrast_0_90,3,happy,0.9955379962921143,True
ViT,3473,3,happy,contrast_1_10,3,happy,0.9955427050590515,True
ViT,3488,1,disgust,original,1,disgust,0.9888063669204712,True
ViT,3488,1,disgust,rotation_minus_5,1,disgust,0.9879534244537354,True
ViT,3488,1,disgust,rotation_plus_5,1,disgust,0.9886179566383362,True
ViT,3488,1,disgust,translate_minus_2,1,disgust,0.983934223651886,True
ViT,3488,1,disgust,translate_plus_2,1,disgust,0.9886686205863953,True
ViT,3488,1,disgust,brightness_0_90,1,disgust,0.989206075668335,True
ViT,3488,1,disgust,brightness_1_10,1,disgust,0.9882686138153076,True
ViT,3488,1,disgust,contrast_0_90,1,disgust,0.9888563752174377,True
ViT,3488,1,disgust,contrast_1_10,1,disgust,0.9887521862983704,True
ViT,3510,0,angry,original,4,sad,0.571914792060852,False
ViT,3510,0,angry,rotation_minus_5,0,angry,0.5344825387001038,True
ViT,3510,0,angry,rotation_plus_5,4,sad,0.5437280535697937,False
ViT,3510,0,angry,translate_minus_2,4,sad,0.9005736708641052,False
ViT,3510,0,angry,translate_plus_2,4,sad,0.8838374018669128,False
ViT,3510,0,angry,brightness_0_90,4,sad,0.5112746953964233,False
ViT,3510,0,angry,brightness_1_10,4,sad,0.6532939076423645,False
ViT,3510,0,angry,contrast_0_90,4,sad,0.5876067280769348,False
ViT,3510,0,angry,contrast_1_10,4,sad,0.5783621072769165,False
ViT,3517,5,surprise,original,2,fear,0.8554300665855408,False
ViT,3517,5,surprise,rotation_minus_5,2,fear,0.6408892869949341,False
ViT,3517,5,surprise,rotation_plus_5,2,fear,0.8156923055648804,False
ViT,3517,5,surprise,translate_minus_2,4,sad,0.8995420932769775,False
ViT,3517,5,surprise,translate_plus_2,2,fear,0.5428563952445984,False
ViT,3517,5,surprise,brightness_0_90,2,fear,0.8283475637435913,False
ViT,3517,5,surprise,brightness_1_10,2,fear,0.8659863471984863,False
ViT,3517,5,surprise,contrast_0_90,2,fear,0.8508290648460388,False
ViT,3517,5,surprise,contrast_1_10,2,fear,0.8381302952766418,False
ViT,3519,0,angry,original,0,angry,0.9915407299995422,True
ViT,3519,0,angry,rotation_minus_5,0,angry,0.9910078644752502,True
ViT,3519,0,angry,rotation_plus_5,0,angry,0.9911132454872131,True
ViT,3519,0,angry,translate_minus_2,0,angry,0.9912529587745667,True
ViT,3519,0,angry,translate_plus_2,0,angry,0.9905845522880554,True
ViT,3519,0,angry,brightness_0_90,0,angry,0.9914684295654297,True
ViT,3519,0,angry,brightness_1_10,0,angry,0.9915279150009155,True
ViT,3519,0,angry,contrast_0_90,0,angry,0.9915647506713867,True
ViT,3519,0,angry,contrast_1_10,0,angry,0.9914572834968567,True
ViT,3546,0,angry,original,4,sad,0.5650981068611145,False
ViT,3546,0,angry,rotation_minus_5,4,sad,0.8036496639251709,False
ViT,3546,0,angry,rotation_plus_5,0,angry,0.5246195197105408,True
ViT,3546,0,angry,translate_minus_2,4,sad,0.9436003565788269,False
ViT,3546,0,angry,translate_plus_2,4,sad,0.9279643893241882,False
ViT,3546,0,angry,brightness_0_90,4,sad,0.8673861622810364,False
ViT,3546,0,angry,brightness_1_10,0,angry,0.6496221423149109,True
ViT,3546,0,angry,contrast_0_90,4,sad,0.7857404351234436,False
ViT,3546,0,angry,contrast_1_10,0,angry,0.4885694086551666,True
ViT,3567,3,happy,original,3,happy,0.9949499368667603,True
ViT,3567,3,happy,rotation_minus_5,3,happy,0.9901196956634521,True
ViT,3567,3,happy,rotation_plus_5,3,happy,0.9944403767585754,True
ViT,3567,3,happy,translate_minus_2,3,happy,0.9956433773040771,True
ViT,3567,3,happy,translate_plus_2,3,happy,0.9956144094467163,True
ViT,3567,3,happy,brightness_0_90,3,happy,0.9951938986778259,True
ViT,3567,3,happy,brightness_1_10,3,happy,0.9944292306900024,True
ViT,3567,3,happy,contrast_0_90,3,happy,0.9952319264411926,True
ViT,3567,3,happy,contrast_1_10,3,happy,0.99468994140625,True
ViT,3577,5,surprise,original,5,surprise,0.9917662739753723,True
ViT,3577,5,surprise,rotation_minus_5,5,surprise,0.6063900589942932,True
ViT,3577,5,surprise,rotation_plus_5,5,surprise,0.9773164391517639,True
ViT,3577,5,surprise,translate_minus_2,5,surprise,0.9820417165756226,True
ViT,3577,5,surprise,translate_plus_2,5,surprise,0.9879274964332581,True
ViT,3577,5,surprise,brightness_0_90,5,surprise,0.9910280108451843,True
ViT,3577,5,surprise,brightness_1_10,5,surprise,0.9916073083877563,True
ViT,3577,5,surprise,contrast_0_90,5,surprise,0.9916326403617859,True
ViT,3577,5,surprise,contrast_1_10,5,surprise,0.9918956160545349,True
